grid_id,sgg,dong
다사54504050,관악구,남현동
다사54255675,종로구,평창동
다사54255700,종로구,평창동
다사54255725,종로구,평창동
다사54255750,성북구,정릉3동
다사54255575,종로구,평창동
다사54255600,종로구,평창동
다사54255625,종로구,평창동
다사54255650,종로구,평창동
다사54255875,성북구,정릉4동
다사54255900,성북구,정릉4동
다사54255925,성북구,정릉4동
다사54255950,성북구,정릉4동
다사54255775,성북구,정릉3동
다사54255800,성북구,정릉3동
다사54255825,성북구,정릉3동
다사54255850,성북구,정릉3동
다사54005750,종로구,평창동
다사54005775,종로구,평창동
다사54005800,종로구,평창동
다사54005825,성북구,정릉3동
다사54005650,종로구,평창동
다사54005675,종로구,평창동
다사54005700,종로구,평창동
다사54005725,종로구,평창동
다사54005950,성북구,정릉4동
다사54006150,강북구,우이동
다사54006175,강북구,우이동
다사54006200,강북구,우이동
다사54005850,성북구,정릉3동
다사54005875,성북구,정릉3동
다사54005900,성북구,정릉4동
다사54005925,성북구,정릉4동
다사54005350,종로구,삼청동
다사54005375,종로구,삼청동
다사54005400,종로구,삼청동
다사54005425,종로구,삼청동
다사54005250,종로구,종로1·2·3·4가동
다사54005275,종로구,종로1·2·3·4가동
다사54005300,종로구,삼청동
다사54005325,종로구,삼청동
다사54005550,종로구,평창동
다사54005575,종로구,평창동
다사54005600,종로구,평창동
다사54005625,종로구,평창동
다사54005450,종로구,삼청동
다사54005475,종로구,삼청동
다사54005500,종로구,삼청동
다사54005525,종로구,평창동
다사54254475,서초구,반포본동
다사54254500,서초구,반포본동
다사54254525,서초구,반포본동
다사54254550,용산구,서빙고동
다사54254375,서초구,방배본동
다사54254400,서초구,방배본동
다사54254425,서초구,방배본동
다사54254450,동작구,사당2동
다사54254675,용산구,서빙고동
다사54254700,용산구,서빙고동
다사54254725,용산구,서빙고동
다사54254750,용산구,용산2가동
다사54254575,용산구,서빙고동
다사54254600,용산구,서빙고동
다사54254625,용산구,서빙고동
다사54254650,용산구,서빙고동
다사54254075,관악구,남현동
다사54254100,관악구,남현동
다사54254125,서초구,방배2동
다사54254150,서초구,방배2동
다사54253975,관악구,남현동
다사54254000,관악구,남현동
다사54254025,관악구,남현동
다사54254050,관악구,남현동
다사54254275,서초구,방배2동
다사54254300,서초구,방배4동
다사54254325,서초구,방배4동
다사54254350,서초구,방배4동
다사54254175,서초구,방배2동
다사54254200,서초구,방배2동
다사54254225,서초구,방배2동
다사54254250,서초구,방배2동
다사54004150,관악구,남현동
다사54004175,관악구,남현동
다사54004200,동작구,사당1동
다사54004225,동작구,사당1동
다사54004050,관악구,남현동
다사54004075,관악구,남현동
다사54004100,관악구,남현동
다사54004125,관악구,남현동
다사54004350,동작구,사당2동
다사54004375,동작구,사당2동
다사54004400,동작구,사당2동
다사54004425,동작구,사당2동
다사54004250,동작구,사당1동
다사54004275,동작구,사당1동
다사54004300,동작구,사당2동
다사54004325,동작구,사당2동
다사53755775,종로구,평창동
다사53755800,종로구,평창동
다사53755825,종로구,평창동
다사53755850,종로구,평창동
다사53755675,종로구,평창동
다사53755700,종로구,평창동
다사53755725,종로구,평창동
다사53755750,종로구,평창동
다사54003950,관악구,남현동
다사54003975,관악구,남현동
다사54004000,관악구,남현동
다사54004025,관악구,남현동
다사53755875,종로구,평창동
다사53755900,성북구,정릉4동
다사53755925,성북구,정릉4동
다사53755950,성북구,정릉4동
다사54004950,용산구,용산2가동
다사54004975,용산구,후암동
다사54005000,용산구,후암동
다사54005025,용산구,후암동
다사54004850,용산구,용산2가동
다사54004875,용산구,용산2가동
다사54004900,용산구,용산2가동
다사54004925,용산구,용산2가동
다사54005150,중구,소공동
다사54005175,중구,소공동
다사54005200,중구,명동
다사54005225,종로구,종로1·2·3·4가동
다사54005050,중구,회현동
다사54005075,중구,회현동
다사54005100,중구,회현동
다사54005125,중구,회현동
다사54004550,용산구,이촌1동
다사54004575,용산구,이촌1동
다사54004600,용산구,이촌1동
다사54004625,용산구,이촌1동
다사54004450,동작구,사당2동
다사54004475,동작구,사당2동
다사54004500,서초구,반포본동
다사54004525,서초구,반포본동
다사54004750,용산구,용산2가동
다사54004775,용산구,용산2가동
다사54004800,용산구,용산2가동
다사54004825,용산구,용산2가동
다사54004650,용산구,이촌1동
다사54004675,용산구,이촌1동
다사54004700,용산구,서빙고동
다사54004725,용산구,서빙고동
다사53754575,용산구,이촌1동
다사53754600,용산구,이촌1동
다사53754625,용산구,이촌1동
다사53754650,용산구,이촌1동
다사53754475,동작구,사당2동
다사53754500,동작구,사당2동
다사53754525,동작구,사당2동
다사53754550,용산구,이촌1동
다사53754775,용산구,한강로동
다사53754800,용산구,한강로동
다사53754825,용산구,한강로동
다사53754850,용산구,남영동
다사53754675,용산구,이촌1동
다사53754700,용산구,서빙고동
다사53754725,용산구,한강로동
다사53754750,용산구,한강로동
다사53754175,관악구,남현동
다사53754200,동작구,사당1동
다사53754225,동작구,사당1동
다사53754250,동작구,사당1동
다사53754075,관악구,남현동
다사53754100,관악구,남현동
다사53754125,관악구,남현동
다사53754150,관악구,남현동
다사53754375,동작구,사당2동
다사53754400,동작구,사당2동
다사53754425,동작구,사당2동
다사53754450,동작구,사당2동
다사53754275,동작구,사당1동
다사53754300,동작구,사당3동
다사53754325,동작구,사당2동
다사53754350,동작구,사당2동
다사53755375,종로구,청운효자동
다사53755400,종로구,청운효자동
다사53755425,종로구,청운효자동
다사53755450,종로구,삼청동
다사53755275,종로구,종로1·2·3·4가동
다사53755300,종로구,청운효자동
다사53755325,종로구,청운효자동
다사53755350,종로구,청운효자동
다사53755575,종로구,평창동
다사53755600,종로구,평창동
다사53755625,종로구,평창동
다사53755650,종로구,평창동
다사53755475,종로구,삼청동
다사53755500,종로구,삼청동
다사53755525,종로구,평창동
다사53755550,종로구,평창동
다사53754975,용산구,후암동
다사53755000,용산구,후암동
다사53755025,용산구,후암동
다사53755050,용산구,후암동
다사53754875,용산구,남영동
다사53754900,용산구,남영동
다사53754925,용산구,남영동
다사53754950,용산구,남영동
다사53755175,중구,소공동
다사53755200,중구,명동
다사53755225,종로구,종로1·2·3·4가동
다사53755250,종로구,종로1·2·3·4가동
다사53755075,중구,회현동
다사53755100,중구,회현동
다사53755125,중구,회현동
다사53755150,중구,소공동
다사53504975,용산구,후암동
다사53505000,용산구,후암동
다사53505025,용산구,남영동
다사53505050,중구,회현동
다사53504875,용산구,남영동
다사53504900,용산구,남영동
다사53504925,용산구,남영동
다사53504950,용산구,남영동
다사53505175,중구,소공동
다사53505200,중구,소공동
다사53505225,종로구,사직동
다사53505250,종로구,사직동
다사53505075,중구,회현동
다사53505100,중구,회현동
다사53505125,중구,소공동
다사53505150,중구,소공동
다사53504575,용산구,이촌1동
다사53504600,용산구,이촌1동
다사53504625,용산구,이촌1동
다사53504650,용산구,이촌1동
다사53504475,동작구,사당2동
다사53504500,동작구,사당2동
다사53504525,동작구,사당2동
다사53504550,용산구,이촌1동
다사53504775,용산구,한강로동
다사53504800,용산구,한강로동
다사53504825,용산구,한강로동
다사53504850,용산구,남영동
다사53504675,용산구,이촌1동
다사53504700,용산구,한강로동
다사53504725,용산구,한강로동
다사53504750,용산구,한강로동
다사53505775,종로구,평창동
다사53505800,종로구,평창동
다사53505825,종로구,평창동
다사53505850,종로구,평창동
다사53505675,종로구,평창동
다사53505700,종로구,평창동
다사53505725,종로구,평창동
다사53505750,종로구,평창동
다사53753975,관악구,남현동
다사53754000,관악구,남현동
다사53754025,관악구,남현동
다사53754050,관악구,남현동
다사53505875,종로구,평창동
다사53505900,종로구,평창동
다사53505925,종로구,평창동
다사53753950,관악구,남현동
다사53505375,종로구,청운효자동
다사53505400,종로구,청운효자동
다사53505425,종로구,청운효자동
다사53505450,종로구,청운효자동
다사53505275,종로구,사직동
다사53505300,종로구,청운효자동
다사53505325,종로구,청운효자동
다사53505350,종로구,청운효자동
다사53505575,종로구,평창동
다사53505600,종로구,평창동
다사53505625,종로구,평창동
다사53505650,종로구,평창동
다사53505475,종로구,삼청동
다사53505500,종로구,삼청동
다사53505525,종로구,부암동
다사53505550,종로구,평창동
다사53255375,종로구,청운효자동
다사53255400,종로구,청운효자동
다사53255425,종로구,청운효자동
다사53255450,종로구,청운효자동
다사53255275,종로구,사직동
다사53255300,종로구,사직동
다사53255325,종로구,사직동
다사53255350,종로구,청운효자동
다사53255575,종로구,평창동
다사53255600,종로구,평창동
다사53255625,종로구,평창동
다사53255650,종로구,평창동
다사53255475,종로구,청운효자동
다사53255500,종로구,부암동
다사53255525,종로구,부암동
다사53255550,종로구,부암동
다사53254975,용산구,남영동
다사53255000,용산구,남영동
다사53255025,용산구,남영동
다사53255050,용산구,남영동
다사53254875,용산구,한강로동
다사53254900,용산구,남영동
다사53254925,용산구,남영동
다사53254950,용산구,남영동
다사53255175,중구,소공동
다사53255200,중구,소공동
다사53255225,종로구,사직동
다사53255250,종로구,사직동
다사53255075,중구,회현동
다사53255100,중구,회현동
다사53255125,중구,소공동
다사53255150,중구,소공동
다사53504175,관악구,남현동
다사53504200,동작구,사당1동
다사53504225,동작구,사당1동
다사53504250,동작구,사당4동
다사53504075,관악구,남현동
다사53504100,관악구,남현동
다사53504125,관악구,남현동
다사53504150,관악구,남현동
다사53504375,동작구,사당2동
다사53504400,동작구,사당2동
다사53504425,동작구,사당2동
다사53504450,동작구,사당2동
다사53504275,동작구,사당3동
다사53504300,동작구,사당3동
다사53504325,동작구,사당2동
다사53504350,동작구,사당2동
다사53255775,종로구,평창동
다사53255800,종로구,평창동
다사53255825,종로구,평창동
다사53255850,종로구,평창동
다사53255675,종로구,평창동
다사53255700,종로구,평창동
다사53255725,종로구,평창동
다사53255750,종로구,평창동
다사53503975,관악구,남현동
다사53504000,관악구,남현동
다사53504025,관악구,남현동
다사53504050,관악구,남현동
다사53255875,종로구,평창동
다사53255900,종로구,평창동
다사53255925,은평구,진관동
다사53503950,관악구,남현동
다사53005800,종로구,평창동
다사53005825,종로구,평창동
다사53005850,종로구,평창동
다사53005875,종로구,평창동
다사53005700,종로구,평창동
다사53005725,종로구,평창동
다사53005750,종로구,평창동
다사53005775,종로구,평창동
다사53253975,관악구,남현동
다사53254000,관악구,남현동
다사53254025,관악구,남현동
다사53254050,관악구,남현동
다사53005900,은평구,진관동
다사53253900,관악구,남현동
다사53253925,관악구,남현동
다사53253950,관악구,남현동
다사53005400,종로구,청운효자동
다사53005425,종로구,청운효자동
다사53005450,종로구,청운효자동
다사53005475,종로구,청운효자동
다사53005300,종로구,사직동
다사53005325,종로구,청운효자동
다사53005350,종로구,청운효자동
다사53005375,종로구,청운효자동
다사53005600,종로구,평창동
다사53005625,종로구,평창동
다사53005650,종로구,평창동
다사53005675,종로구,평창동
다사53005500,종로구,부암동
다사53005525,종로구,부암동
다사53005550,종로구,부암동
다사53005575,종로구,평창동
다사53254575,용산구,이촌1동
다사53254600,용산구,이촌1동
다사53254625,용산구,이촌1동
다사53254650,용산구,이촌1동
다사53254475,동작구,사당2동
다사53254500,동작구,사당2동
다사53254525,동작구,흑석동
다사53254550,용산구,이촌1동
다사53254775,용산구,한강로동
다사53254800,용산구,한강로동
다사53254825,용산구,한강로동
다사53254850,용산구,한강로동
다사53254675,용산구,이촌1동
다사53254700,용산구,이촌1동
다사53254725,용산구,한강로동
다사53254750,용산구,한강로동
다사53254175,관악구,남현동
다사53254200,동작구,사당1동
다사53254225,동작구,사당4동
다사53254250,동작구,사당4동
다사53254075,관악구,남현동
다사53254100,관악구,남현동
다사53254125,관악구,남현동
다사53254150,관악구,남현동
다사53254375,동작구,사당2동
다사53254400,동작구,사당2동
다사53254425,동작구,사당2동
다사53254450,동작구,사당2동
다사53254275,동작구,사당4동
다사53254300,동작구,사당3동
다사53254325,동작구,사당3동
다사53254350,동작구,사당3동
다사71755025,강동구,상일제2동
다사71755050,강동구,상일제2동
다사71755075,강동구,상일제2동
다사71755100,강동구,강일동
다사71505250,강동구,강일동
다사71754950,강동구,상일제2동
다사71754975,강동구,상일제2동
다사71755000,강동구,상일제2동
다사72005000,강동구,상일제2동
다사72005025,강동구,상일제2동
다사71755125,강동구,강일동
다사71755150,강동구,강일동
다사72004950,강동구,상일제2동
다사72004975,강동구,상일제2동
다사71004975,강동구,상일제1동
다사71005000,강동구,상일제2동
다사71005025,강동구,상일제2동
다사71005050,강동구,상일제2동
다사70755275,강동구,강일동
다사70755300,강동구,강일동
다사70755325,강동구,강일동
다사71004950,강동구,상일제1동
다사71005175,강동구,강일동
다사71005200,강동구,강일동
다사71005225,강동구,강일동
다사71005250,강동구,강일동
다사71005075,강동구,상일제2동
다사71005100,강동구,강일동
다사71005125,강동구,강일동
다사71005150,강동구,강일동
다사70754975,강동구,상일제1동
다사70755000,강동구,상일제1동
다사70755025,강동구,상일제1동
다사70755050,강동구,상일제1동
다사70505275,강동구,강일동
다사70505300,강동구,강일동
다사70505325,강동구,강일동
다사70754950,강동구,상일제1동
다사70755175,강동구,고덕2동
다사70755200,강동구,강일동
다사70755225,강동구,강일동
다사70755250,강동구,강일동
다사70755075,강동구,상일제1동
다사70755100,강동구,고덕2동
다사70755125,강동구,고덕2동
다사70755150,강동구,고덕2동
다사71504950,강동구,상일제2동
다사71504975,강동구,상일제2동
다사71505000,강동구,상일제2동
다사71505025,강동구,상일제2동
다사71255275,강동구,강일동
다사71255300,강동구,강일동
다사71255325,강동구,강일동
다사71255350,강동구,강일동
다사71505150,강동구,강일동
다사71505175,강동구,강일동
다사71505200,강동구,강일동
다사71505225,강동구,강일동
다사71505050,강동구,상일제2동
다사71505075,강동구,상일제2동
다사71505100,강동구,강일동
다사71505125,강동구,강일동
다사71254975,강동구,상일제2동
다사71255000,강동구,상일제2동
다사71255025,강동구,상일제2동
다사71255050,강동구,상일제2동
다사71005275,강동구,강일동
다사71005300,강동구,강일동
다사71005325,강동구,강일동
다사71254950,강동구,상일제2동
다사71255175,강동구,강일동
다사71255200,강동구,강일동
다사71255225,강동구,강일동
다사71255250,강동구,강일동
다사71255075,강동구,상일제2동
다사71255100,강동구,강일동
다사71255125,강동구,강일동
다사71255150,강동구,강일동
다사70005000,강동구,상일제1동
다사70005025,강동구,상일제1동
다사70005050,강동구,상일제1동
다사70005075,강동구,고덕2동
다사70004900,강동구,명일2동
다사70004925,강동구,명일2동
다사70004950,강동구,명일2동
다사70004975,강동구,상일제1동
다사70005200,강동구,고덕2동
다사70005225,강동구,고덕2동
다사70005250,강동구,고덕2동
다사70005275,강동구,고덕2동
다사70005100,강동구,고덕2동
다사70005125,강동구,고덕2동
다사70005150,강동구,고덕2동
다사70005175,강동구,고덕2동
다사69755050,강동구,상일제1동
다사69755075,강동구,고덕2동
다사69755100,강동구,고덕2동
다사69755125,강동구,고덕2동
다사69754950,강동구,명일2동
다사69754975,강동구,상일제1동
다사69755000,강동구,상일제1동
다사69755025,강동구,상일제1동
다사69755250,강동구,고덕2동
다사69755275,강동구,고덕2동
다사70004425,송파구,마천2동
다사70004450,송파구,마천2동
다사69755150,강동구,고덕2동
다사69755175,강동구,고덕2동
다사69755200,강동구,고덕2동
다사69755225,강동구,고덕2동
다사70504975,강동구,상일제1동
다사70505000,강동구,상일제1동
다사70505025,강동구,상일제1동
다사70505050,강동구,상일제1동
다사70255300,강동구,강일동
다사70255325,강동구,강일동
다사70504925,강동구,상일제1동
다사70504950,강동구,상일제1동
다사70505175,강동구,고덕2동
다사70505200,강동구,고덕2동
다사70505225,강동구,고덕2동
다사70505250,강동구,강일동
다사70505075,강동구,상일제1동
다사70505100,강동구,고덕2동
다사70505125,강동구,고덕2동
다사70505150,강동구,고덕2동
다사70255000,강동구,상일제1동
다사70255025,강동구,상일제1동
다사70255050,강동구,상일제1동
다사70255075,강동구,고덕2동
다사70005300,강동구,고덕2동
다사70254925,강동구,상일제1동
다사70254950,강동구,상일제1동
다사70254975,강동구,상일제1동
다사70255200,강동구,고덕2동
다사70255225,강동구,고덕2동
다사70255250,강동구,고덕2동
다사70255275,강동구,강일동
다사70255100,강동구,고덕2동
다사70255125,강동구,고덕2동
다사70255150,강동구,고덕2동
다사70255175,강동구,고덕2동
다사69255075,강동구,고덕1동
다사69255100,강동구,고덕1동
다사69255125,강동구,고덕1동
다사69255150,강동구,고덕1동
다사69254975,강동구,명일2동
다사69255000,강동구,명일2동
다사69255025,강동구,명일2동
다사69255050,강동구,명일2동
다사69504300,송파구,위례동
다사69504325,송파구,위례동
다사69504350,송파구,마천1동
다사69504375,송파구,마천1동
다사69255175,강동구,고덕1동
다사69255200,강동구,고덕1동
다사69255225,강동구,고덕2동
다사69255250,강동구,고덕2동
다사69254425,송파구,마천2동
다사69254450,송파구,마천2동
다사69254475,송파구,마천2동
다사69254750,강동구,둔촌2동
다사69254325,송파구,위례동
다사69254350,송파구,위례동
다사69254375,송파구,마천1동
다사69254400,송파구,마천1동
다사69254875,강동구,길동
다사69254900,강동구,길동
다사69254925,강동구,길동
다사69254950,강동구,명일2동
다사69254775,강동구,둔촌2동
다사69254800,강동구,둔촌2동
다사69254825,강동구,둔촌2동
다사69254850,강동구,둔촌2동
다사69505225,강동구,고덕2동
다사69505250,강동구,고덕2동
다사69754325,송파구,위례동
다사69754350,송파구,마천1동
다사69505125,강동구,고덕1동
다사69505150,강동구,고덕1동
다사69505175,강동구,고덕1동
다사69505200,강동구,고덕2동
다사69754475,송파구,마천2동
다사69754875,강동구,둔촌2동
다사69754900,강동구,둔촌2동
다사69754925,강동구,명일2동
다사69754375,송파구,마천1동
다사69754400,송파구,마천1동
다사69754425,송파구,마천2동
다사69754450,송파구,마천2동
다사69504825,강동구,둔촌2동
다사69504850,강동구,둔촌2동
다사69504875,강동구,둔촌2동
다사69504900,강동구,길동
다사69504400,송파구,마천1동
다사69504425,송파구,마천1동
다사69504450,송파구,마천2동
다사69504475,송파구,마천2동
다사69505025,강동구,명일2동
다사69505050,강동구,명일2동
다사69505075,강동구,고덕1동
다사69505100,강동구,고덕1동
다사69504925,강동구,길동
다사69504950,강동구,명일2동
다사69504975,강동구,상일제1동
다사69505000,강동구,명일2동
다사68754925,강동구,길동
다사68754950,강동구,길동
다사68754975,강동구,명일1동
다사68755000,강동구,명일1동
다사68754825,강동구,둔촌2동
다사68754850,강동구,길동
다사68754875,강동구,길동
다사68754900,강동구,길동
다사68755125,강동구,고덕1동
다사68755150,강동구,고덕1동
다사68755175,강동구,고덕1동
다사68755200,강동구,고덕1동
다사68755025,강동구,명일1동
다사68755050,강동구,명일1동
다사68755075,강동구,고덕1동
다사68755100,강동구,고덕1동
다사68754350,송파구,거여2동
다사68754375,송파구,거여2동
다사68754400,송파구,거여2동
다사68754425,송파구,마천2동
다사68754250,송파구,위례동
다사68754275,송파구,위례동
다사68754300,송파구,위례동
다사68754325,송파구,위례동
다사68754725,강동구,둔촌2동
다사68754750,강동구,둔촌2동
다사68754775,강동구,둔촌2동
다사68754800,강동구,둔촌2동
다사68754450,송파구,마천2동
다사68754475,송파구,마천2동
다사68754500,송파구,마천2동
다사68754700,강동구,둔촌2동
다사69004975,강동구,명일2동
다사69005000,강동구,명일2동
다사69005025,강동구,명일2동
다사69005050,강동구,명일2동
다사69004875,강동구,길동
다사69004900,강동구,길동
다사69004925,강동구,길동
다사69004950,강동구,명일2동
다사69005175,강동구,고덕1동
다사69005200,강동구,고덕1동
다사69005225,강동구,고덕1동
다사69254300,송파구,위례동
다사69005075,강동구,고덕1동
다사69005100,강동구,고덕1동
다사69005125,강동구,고덕1동
다사69005150,강동구,고덕1동
다사69004375,송파구,거여2동
다사69004400,송파구,마천1동
다사69004425,송파구,마천2동
다사69004450,송파구,마천2동
다사69004275,송파구,위례동
다사69004300,송파구,위례동
다사69004325,송파구,위례동
다사69004350,송파구,위례동
다사69004775,강동구,둔촌2동
다사69004800,강동구,둔촌2동
다사69004825,강동구,둔촌2동
다사69004850,강동구,둔촌2동
다사69004475,송파구,마천2동
다사69004500,송파구,마천2동
다사69004725,강동구,둔촌2동
다사69004750,강동구,둔촌2동
다사68255125,강동구,암사3동
다사68255150,강동구,암사3동
다사68255175,강동구,암사3동
다사68255200,강동구,암사3동
다사68255025,강동구,명일1동
다사68255050,강동구,암사1동
다사68255075,강동구,암사3동
다사68255100,강동구,암사3동
다사68504275,송파구,위례동
다사68504300,송파구,위례동
다사68504325,송파구,거여2동
다사68504350,송파구,거여2동
다사68504175,송파구,위례동
다사68504200,송파구,위례동
다사68504225,송파구,위례동
다사68504250,송파구,위례동
다사68254725,강동구,둔촌1동
다사68254750,강동구,둔촌2동
다사68254775,강동구,둔촌2동
다사68254800,강동구,둔촌2동
다사68254625,송파구,오륜동
다사68254650,강동구,둔촌1동
다사68254675,강동구,둔촌1동
다사68254700,강동구,둔촌1동
다사68254925,강동구,천호1동
다사68254950,강동구,천호1동
다사68254975,강동구,천호1동
다사68255000,강동구,천호1동
다사68254825,강동구,길동
다사68254850,강동구,길동
다사68254875,강동구,길동
다사68254900,강동구,길동
다사68504975,강동구,명일1동
다사68505000,강동구,명일1동
다사68505025,강동구,명일1동
다사68505050,강동구,명일1동
다사68504875,강동구,길동
다사68504900,강동구,길동
다사68504925,강동구,길동
다사68504950,강동구,명일1동
다사68505175,강동구,암사3동
다사68505200,강동구,암사3동
다사68754200,송파구,위례동
다사68754225,송파구,위례동
다사68505075,강동구,고덕1동
다사68505100,강동구,고덕1동
다사68505125,강동구,암사3동
다사68505150,강동구,암사3동
다사68504475,송파구,마천2동
다사68504500,송파구,마천2동
다사68504625,송파구,오륜동
다사68504650,강동구,둔촌1동
다사68504375,송파구,거여2동
다사68504400,송파구,거여1동
다사68504425,송파구,거여1동
다사68504450,송파구,마천2동
다사68504775,강동구,둔촌2동
다사68504800,강동구,둔촌2동
다사68504825,강동구,둔촌2동
다사68504850,강동구,길동
다사68504675,강동구,둔촌1동
다사68504700,강동구,둔촌1동
다사68504725,강동구,둔촌1동
다사68504750,강동구,둔촌2동
다사68004600,송파구,오륜동
다사68004625,송파구,오륜동
다사68004650,송파구,오륜동
다사68004675,강동구,둔촌1동
다사68004500,송파구,오금동
다사68004525,송파구,오금동
다사68004550,송파구,오륜동
다사68004575,송파구,오륜동
다사68004800,강동구,둔촌2동
다사68004825,강동구,길동
다사68004850,강동구,길동
다사68004875,강동구,길동
다사68004700,강동구,둔촌1동
다사68004725,강동구,둔촌1동
다사68004750,강동구,둔촌1동
다사68004775,강동구,둔촌2동
다사68004200,송파구,위례동
다사68004225,송파구,위례동
다사68004250,송파구,위례동
다사68004275,송파구,위례동
다사67755175,강동구,암사3동
다사67755200,강동구,암사3동
다사68004150,송파구,위례동
다사68004175,송파구,위례동
다사68004400,송파구,오금동
다사68004425,송파구,오금동
다사68004450,송파구,오금동
다사68004475,송파구,오금동
다사68004300,송파구,위례동
다사68004325,송파구,위례동
다사68004350,송파구,거여1동
다사68004375,송파구,거여1동
다사68254325,송파구,위례동
다사68254350,송파구,거여1동
다사68254375,송파구,거여1동
다사68254400,송파구,거여1동
다사68254225,송파구,위례동
다사68254250,송파구,위례동
다사68254275,송파구,위례동
다사68254300,송파구,위례동
다사68254525,송파구,오금동
다사68254550,송파구,오륜동
다사68254575,송파구,오륜동
다사68254600,송파구,오륜동
다사68254425,송파구,거여1동
다사68254450,송파구,오금동
다사68254475,송파구,오금동
다사68254500,송파구,오금동
다사68005000,강동구,천호1동
다사68005025,강동구,암사1동
다사68005050,강동구,암사1동
다사68005075,강동구,암사3동
다사68004900,강동구,길동
다사68004925,강동구,천호1동
다사68004950,강동구,천호1동
다사68004975,강동구,천호1동
다사68005200,강동구,암사3동
다사68254150,송파구,위례동
다사68254175,송파구,위례동
다사68254200,송파구,위례동
다사68005100,강동구,암사3동
다사68005125,강동구,암사3동
다사68005150,강동구,암사3동
다사68005175,강동구,암사3동
다사67505150,강동구,암사3동
다사67505175,강동구,암사2동
다사67505200,강동구,암사2동
다사67754150,송파구,위례동
다사67505050,강동구,암사1동
다사67505075,강동구,암사3동
다사67505100,강동구,암사3동
다사67505125,강동구,암사3동
다사67754275,송파구,위례동
다사67754300,송파구,위례동
다사67754325,송파구,장지동
다사67754350,송파구,장지동
다사67754175,송파구,위례동
다사67754200,송파구,위례동
다사67754225,송파구,장지동
다사67754250,송파구,위례동
다사67504750,강동구,성내3동
다사67504775,강동구,성내3동
다사67504800,강동구,성내3동
다사67504825,강동구,성내2동
다사67504650,송파구,오륜동
다사67504675,송파구,오륜동
다사67504700,강동구,성내3동
다사67504725,강동구,성내3동
다사67504950,강동구,천호1동
다사67504975,강동구,암사1동
다사67505000,강동구,암사1동
다사67505025,강동구,암사1동
다사67504850,강동구,천호3동
다사67504875,강동구,천호3동
다사67504900,강동구,천호3동
다사67504925,강동구,천호1동
다사67754875,강동구,길동
다사67754900,강동구,천호3동
다사67754925,강동구,천호1동
다사67754950,강동구,천호1동
다사67754775,강동구,성내3동
다사67754800,강동구,성내3동
다사67754825,강동구,성내3동
다사67754850,강동구,길동
다사67755075,강동구,암사3동
다사67755100,강동구,암사3동
다사67755125,강동구,암사3동
다사67755150,강동구,암사3동
다사67754975,강동구,천호1동
다사67755000,강동구,암사1동
다사67755025,강동구,암사1동
다사67755050,강동구,암사1동
다사67754475,송파구,오금동
다사67754500,송파구,오금동
다사67754525,송파구,오금동
다사67754550,송파구,오륜동
다사67754375,송파구,가락2동
다사67754400,송파구,가락2동
다사67754425,송파구,오금동
다사67754450,송파구,오금동
다사67754675,강동구,둔촌1동
다사67754700,강동구,둔촌1동
다사67754725,강동구,둔촌1동
다사67754750,강동구,둔촌1동
다사67754575,송파구,오륜동
다사67754600,송파구,오륜동
다사67754625,송파구,오륜동
다사67754650,송파구,오륜동
다사67254675,송파구,오륜동
다사67254700,송파구,오륜동
다사67254725,강동구,성내3동
다사67254750,강동구,성내3동
다사67254575,송파구,오륜동
다사67254600,송파구,오륜동
다사67254625,송파구,오륜동
다사67254650,송파구,오륜동
다사67254875,강동구,천호3동
다사67254900,강동구,천호3동
다사67254925,강동구,천호2동
다사67254950,강동구,천호2동
다사67254775,강동구,성내1동
다사67254800,강동구,성내2동
다사67254825,강동구,성내2동
다사67254850,강동구,성내2동
다사67254275,송파구,장지동
다사67254300,송파구,장지동
다사67254325,송파구,문정1동
다사67254350,송파구,문정1동
다사67254175,송파구,위례동
다사67254200,송파구,장지동
다사67254225,송파구,장지동
다사67254250,송파구,장지동
다사67254475,송파구,오금동
다사67254500,송파구,오금동
다사67254525,송파구,오금동
다사67254550,송파구,오금동
다사67254375,송파구,가락2동
다사67254400,송파구,가락2동
다사67254425,송파구,가락2동
다사67254450,송파구,오금동
다사67504350,송파구,가락2동
다사67504375,송파구,가락2동
다사67504400,송파구,가락2동
다사67504425,송파구,가락2동
다사67504250,송파구,장지동
다사67504275,송파구,장지동
다사67504300,송파구,장지동
다사67504325,송파구,장지동
다사67504550,송파구,오금동
다사67504575,송파구,오륜동
다사67504600,송파구,오륜동
다사67504625,송파구,오륜동
다사67504450,송파구,오금동
다사67504475,송파구,오금동
다사67504500,송파구,오금동
다사67504525,송파구,오금동
다사67255075,강동구,암사3동
다사67255100,강동구,암사2동
다사67255125,강동구,암사2동
다사67255150,강동구,암사2동
다사67254975,강동구,천호2동
다사67255000,강동구,암사1동
다사67255025,강동구,암사1동
다사67255050,강동구,암사1동
다사67504150,송파구,위례동
다사67504175,송파구,위례동
다사67504200,송파구,위례동
다사67504225,송파구,장지동
다사67255175,강동구,암사2동
다사67255200,강동구,암사2동
다사67504100,송파구,위례동
다사67504125,송파구,위례동
다사67004175,송파구,장지동
다사67004200,송파구,장지동
다사67004225,송파구,장지동
다사67004250,송파구,장지동
다사66755175,강동구,암사2동
다사67004100,송파구,위례동
다사67004125,송파구,위례동
다사67004150,송파구,위례동
다사67004375,송파구,가락2동
다사67004400,송파구,가락2동
다사67004425,송파구,가락2동
다사67004450,송파구,가락2동
다사67004275,송파구,장지동
다사67004300,송파구,문정1동
다사67004325,송파구,문정1동
다사67004350,송파구,문정1동
다사66754875,강동구,천호2동
다사66754900,강동구,천호2동
다사66754925,강동구,천호2동
다사66754950,강동구,천호2동
다사66754775,강동구,성내1동
다사66754800,강동구,성내1동
다사66754825,강동구,성내2동
다사66754850,강동구,성내2동
다사66755075,강동구,암사2동
다사66755100,강동구,암사2동
다사66755125,강동구,암사2동
다사66755150,강동구,암사2동
다사66754975,강동구,천호2동
다사66755000,강동구,암사2동
다사66755025,강동구,암사2동
다사66755050,강동구,암사2동
다사67004975,강동구,천호2동
다사67005000,강동구,천호2동
다사67005025,강동구,암사2동
다사67005050,강동구,암사2동
다사67004875,강동구,천호3동
다사67004900,강동구,천호2동
다사67004925,강동구,천호2동
다사67004950,강동구,천호2동
다사67005175,강동구,암사2동
다사67254100,송파구,위례동
다사67254125,송파구,위례동
다사67254150,송파구,위례동
다사67005075,강동구,암사2동
다사67005100,강동구,암사2동
다사67005125,강동구,암사2동
다사67005150,강동구,암사2동
다사67004575,송파구,오금동
다사67004600,송파구,오륜동
다사67004625,송파구,오륜동
다사67004650,송파구,오륜동
다사67004475,송파구,오금동
다사67004500,송파구,오금동
다사67004525,송파구,오금동
다사67004550,송파구,오금동
다사67004775,강동구,성내1동
다사67004800,강동구,성내2동
다사67004825,강동구,성내2동
다사67004850,강동구,성내2동
다사67004675,송파구,오륜동
다사67004700,송파구,오륜동
다사67004725,강동구,성내1동
다사67004750,강동구,성내1동
다사66504775,강동구,성내1동
다사66504800,강동구,성내1동
다사66504825,강동구,성내2동
다사66504850,송파구,풍납1동
다사66504675,송파구,오륜동
다사66504700,송파구,오륜동
다사66504725,송파구,오륜동
다사66504750,강동구,성내1동
다사66504975,강동구,천호2동
다사66505000,강동구,암사2동
다사66505025,강동구,암사2동
다사66505050,강동구,암사2동
다사66504875,송파구,풍납1동
다사66504900,강동구,천호2동
다사66504925,강동구,천호2동
다사66504950,강동구,천호2동
다사66504375,송파구,가락본동
다사66504400,송파구,가락본동
다사66504425,송파구,가락본동
다사66504450,송파구,가락본동
다사66504275,송파구,문정2동
다사66504300,송파구,문정1동
다사66504325,송파구,문정1동
다사66504350,송파구,가락본동
다사66504575,송파구,방이1동
다사66504600,송파구,방이1동
다사66504625,송파구,오륜동
다사66504650,송파구,오륜동
다사66504475,송파구,가락본동
다사66504500,송파구,가락본동
다사66504525,송파구,방이1동
다사66504550,송파구,방이1동
다사66754475,송파구,가락본동
다사66754500,송파구,오금동
다사66754525,송파구,오금동
다사66754550,송파구,방이1동
다사66754375,송파구,가락2동
다사66754400,송파구,가락2동
다사66754425,송파구,가락2동
다사66754450,송파구,가락본동
다사66754675,송파구,오륜동
다사66754700,송파구,오륜동
다사66754725,송파구,오륜동
다사66754750,강동구,성내1동
다사66754575,송파구,방이1동
다사66754600,송파구,오륜동
다사66754625,송파구,오륜동
다사66754650,송파구,오륜동
다사66754075,송파구,문정2동
다사66754100,송파구,문정2동
다사66754125,송파구,문정2동
다사66754150,송파구,문정2동
다사66505075,강동구,암사2동
다사66505100,강동구,암사2동
다사66505125,강동구,암사2동
다사66505150,강동구,암사2동
다사66754275,송파구,문정1동
다사66754300,송파구,문정1동
다사66754325,송파구,문정1동
다사66754350,송파구,가락본동
다사66754175,송파구,문정2동
다사66754200,송파구,문정2동
다사66754225,송파구,문정2동
다사66754250,송파구,장지동
다사66254350,송파구,가락본동
다사66254375,송파구,가락본동
다사66254400,송파구,가락본동
다사66254425,송파구,가락본동
다사66254250,송파구,문정2동
다사66254275,송파구,문정2동
다사66254300,송파구,문정2동
다사66254325,송파구,문정2동
다사66254550,송파구,방이1동
다사66254575,송파구,방이1동
다사66254600,송파구,방이2동
다사66254625,송파구,오륜동
다사66254450,송파구,가락본동
다사66254475,송파구,송파2동
다사66254500,송파구,송파2동
다사66254525,송파구,방이1동
다사66005725,중랑구,신내1동
다사66005750,중랑구,신내1동
다사66005775,중랑구,신내1동
다사66254025,강남구,세곡동
다사66005625,중랑구,망우본동
다사66005650,중랑구,망우본동
다사66005675,중랑구,신내1동
다사66005700,중랑구,신내1동
다사66254150,송파구,문정2동
다사66254175,송파구,문정2동
다사66254200,송파구,문정2동
다사66254225,송파구,문정2동
다사66254050,강남구,세곡동
다사66254075,강남구,세곡동
다사66254100,강남구,세곡동
다사66254125,강남구,세곡동
다사66255600,중랑구,망우본동
다사66255625,중랑구,망우본동
다사66255650,중랑구,망우본동
다사66504050,강남구,세곡동
다사66255050,강동구,암사2동
다사66255075,강동구,암사2동
다사66255100,강동구,암사2동
다사66255125,강동구,암사2동
다사66504175,송파구,문정2동
다사66504200,송파구,문정2동
다사66504225,송파구,문정2동
다사66504250,송파구,문정2동
다사66504075,송파구,문정2동
다사66504100,송파구,문정2동
다사66504125,송파구,문정2동
다사66504150,송파구,문정2동
다사66254750,송파구,오륜동
다사66254775,송파구,풍납2동
다사66254800,송파구,풍납2동
다사66254825,송파구,풍납1동
다사66254650,송파구,오륜동
다사66254675,송파구,오륜동
다사66254700,송파구,오륜동
다사66254725,송파구,오륜동
다사66254950,강동구,천호2동
다사66254975,강동구,천호2동
다사66255000,강동구,암사2동
다사66255025,강동구,암사2동
다사66254850,송파구,풍납1동
다사66254875,송파구,풍납1동
다사66254900,강동구,천호2동
다사66254925,강동구,천호2동
다사66004175,송파구,문정2동
다사66004200,송파구,문정2동
다사66004225,송파구,문정2동
다사66004250,송파구,문정2동
다사66004075,강남구,세곡동
다사66004100,강남구,세곡동
다사66004125,강남구,세곡동
다사66004150,강남구,세곡동
다사66004375,송파구,가락1동
다사66004400,송파구,가락본동
다사66004425,송파구,가락본동
다사66004450,송파구,송파2동
다사66004275,송파구,문정2동
다사66004300,송파구,문정2동
다사66004325,송파구,문정2동
다사66004350,송파구,문정2동
다사65755700,중랑구,신내1동
다사65755725,중랑구,신내1동
다사65755750,중랑구,신내1동
다사65755775,중랑구,신내1동
다사65755600,중랑구,망우본동
다사65755625,중랑구,망우본동
다사65755650,중랑구,망우본동
다사65755675,중랑구,신내1동
다사65756000,노원구,공릉2동
다사66004000,강남구,세곡동
다사66004025,강남구,세곡동
다사66004050,강남구,세곡동
다사65755900,노원구,공릉2동
다사65755925,노원구,공릉2동
다사65755950,노원구,공릉2동
다사65755975,노원구,공릉2동
다사66004975,강동구,천호2동
다사66005000,강동구,암사2동
다사66005025,강동구,암사2동
다사66005050,강동구,암사2동
다사66004875,송파구,풍납1동
다사66004900,송파구,풍납1동
다사66004925,강동구,천호2동
다사66004950,강동구,천호2동
다사66005525,중랑구,망우본동
다사66005550,중랑구,망우본동
다사66005575,중랑구,망우본동
다사66005600,중랑구,망우본동
다사66005075,강동구,암사2동
다사66005100,강동구,암사2동
다사66005475,중랑구,망우본동
다사66005500,중랑구,망우본동
다사66004575,송파구,방이2동
다사66004600,송파구,방이2동
다사66004625,송파구,오륜동
다사66004650,송파구,오륜동
다사66004475,송파구,송파2동
다사66004500,송파구,송파2동
다사66004525,송파구,송파2동
다사66004550,송파구,방이2동
다사66004775,송파구,풍납2동
다사66004800,송파구,풍납2동
다사66004825,송파구,풍납2동
다사66004850,송파구,풍납1동
다사66004675,송파구,오륜동
다사66004700,송파구,오륜동
다사66004725,송파구,풍납2동
다사66004750,송파구,풍납2동
다사65754175,강남구,세곡동
다사65754200,강남구,세곡동
다사65754225,송파구,문정2동
다사65754250,송파구,문정2동
다사65754075,강남구,세곡동
다사65754100,강남구,세곡동
다사65754125,강남구,세곡동
다사65754150,강남구,세곡동
다사65754375,송파구,가락1동
다사65754400,송파구,가락1동
다사65754425,송파구,가락1동
다사65754450,송파구,송파2동
다사65754275,송파구,문정2동
다사65754300,송파구,문정2동
다사65754325,송파구,문정2동
다사65754350,송파구,가락1동
다사65505775,중랑구,신내1동
다사65505800,중랑구,신내1동
다사65505875,노원구,공릉2동
다사65505900,노원구,공릉2동
다사65505675,중랑구,망우본동
다사65505700,중랑구,신내1동
다사65505725,중랑구,신내1동
다사65505750,중랑구,신내1동
다사65506025,노원구,공릉2동
다사65754000,강남구,세곡동
다사65754025,강남구,세곡동
다사65754050,강남구,세곡동
다사65505925,노원구,공릉2동
다사65505950,노원구,공릉2동
다사65505975,노원구,공릉2동
다사65506000,노원구,공릉2동
다사65754975,강동구,천호2동
다사65755000,강동구,암사2동
다사65755025,강동구,암사2동
다사65755050,광진구,광장동
다사65754875,송파구,풍납1동
다사65754900,송파구,풍납1동
다사65754925,강동구,천호2동
다사65754950,강동구,천호2동
다사65755500,중랑구,망우본동
다사65755525,중랑구,망우본동
다사65755550,중랑구,망우본동
다사65755575,중랑구,망우본동
다사65755075,광진구,광장동
다사65755100,광진구,광장동
다사65755450,중랑구,망우3동
다사65755475,중랑구,망우본동
다사65754575,송파구,방이2동
다사65754600,송파구,방이2동
다사65754625,송파구,방이2동
다사65754650,송파구,오륜동
다사65754475,송파구,송파2동
다사65754500,송파구,송파1동
다사65754525,송파구,송파1동
다사65754550,송파구,송파1동
다사65754775,송파구,풍납2동
다사65754800,송파구,풍납2동
다사65754825,송파구,풍납2동
다사65754850,송파구,풍납1동
다사65754675,송파구,잠실4동
다사65754700,송파구,잠실4동
다사65754725,송파구,풍납2동
다사65754750,송파구,풍납2동
다사65504325,송파구,문정2동
다사65504350,송파구,가락1동
다사65504375,송파구,가락1동
다사65504400,송파구,가락1동
다사65504225,강남구,세곡동
다사65504250,강남구,세곡동
다사65504275,강남구,수서동
다사65504300,송파구,문정2동
다사65504525,송파구,송파1동
다사65504550,송파구,송파1동
다사65504575,송파구,방이2동
다사65504600,송파구,방이2동
다사65504425,송파구,가락1동
다사65504450,송파구,석촌동
다사65504475,송파구,송파1동
다사65504500,송파구,송파1동
다사65255975,노원구,공릉2동
다사65256000,노원구,공릉2동
다사65256025,노원구,공릉2동
다사65256050,노원구,공릉2동
다사65255875,노원구,공릉2동
다사65255900,노원구,공릉2동
다사65255925,노원구,공릉2동
다사65255950,노원구,공릉2동
다사65504125,강남구,세곡동
다사65504150,강남구,세곡동
다사65504175,강남구,세곡동
다사65504200,강남구,세곡동
다사65504025,강남구,세곡동
다사65504050,강남구,세곡동
다사65504075,강남구,세곡동
다사65504100,강남구,세곡동
다사65505375,중랑구,면목3·8동
다사65505400,중랑구,면목3·8동
다사65505425,중랑구,망우3동
다사65505450,중랑구,망우3동
다사65505025,광진구,광장동
다사65505050,광진구,광장동
다사65505075,광진구,광장동
다사65505100,광진구,광장동
다사65505575,중랑구,망우본동
다사65505600,중랑구,망우본동
다사65505625,중랑구,망우본동
다사65505650,중랑구,망우본동
다사65505475,중랑구,망우3동
다사65505500,중랑구,망우본동
다사65505525,중랑구,망우본동
다사65505550,중랑구,망우본동
다사65504725,송파구,풍납2동
다사65504750,송파구,풍납2동
다사65504775,송파구,풍납2동
다사65504800,송파구,풍납2동
다사65504625,송파구,방이2동
다사65504650,송파구,잠실4동
다사65504675,송파구,잠실4동
다사65504700,송파구,잠실4동
다사65504925,송파구,풍납1동
다사65504950,강동구,천호2동
다사65504975,광진구,광장동
다사65505000,광진구,광장동
다사65504825,송파구,풍납2동
다사65504850,송파구,풍납1동
다사65504875,송파구,풍납1동
다사65504900,송파구,풍납1동
다사65254475,송파구,석촌동
다사65254500,송파구,송파1동
다사65254525,송파구,송파1동
다사65254550,송파구,송파1동
다사65254375,송파구,가락1동
다사65254400,송파구,가락1동
다사65254425,송파구,가락1동
다사65254450,송파구,가락1동
다사65254675,송파구,잠실4동
다사65254700,송파구,잠실4동
다사65254725,송파구,풍납2동
다사65254750,송파구,풍납2동
다사65254575,송파구,송파1동
다사65254600,송파구,방이2동
다사65254625,송파구,방이2동
다사65254650,송파구,잠실4동
다사65254075,강남구,세곡동
다사65254100,강남구,세곡동
다사65254125,강남구,세곡동
다사65254150,강남구,세곡동
다사65006025,노원구,공릉2동
다사65006050,노원구,공릉2동
다사65254025,강남구,세곡동
다사65254050,강남구,세곡동
다사65254275,강남구,수서동
다사65254300,강남구,수서동
다사65254325,강남구,수서동
다사65254350,송파구,가락1동
다사65254175,강남구,세곡동
다사65254200,강남구,세곡동
다사65254225,강남구,세곡동
다사65254250,강남구,세곡동
다사65255500,중랑구,망우본동
다사65255525,중랑구,망우본동
다사65255550,중랑구,망우본동
다사65255575,중랑구,망우본동
다사65255400,중랑구,면목3·8동
다사65255425,중랑구,면목3·8동
다사65255450,중랑구,망우3동
다사65255475,중랑구,망우3동
다사65255700,중랑구,신내1동
다사65255725,중랑구,신내1동
다사65255750,중랑구,신내1동
다사65255775,중랑구,신내1동
다사65255600,중랑구,망우본동
다사65255625,중랑구,망우본동
다사65255650,중랑구,망우본동
다사65255675,중랑구,망우본동
다사65254875,송파구,풍납1동
다사65254900,송파구,풍납1동
다사65254925,광진구,광장동
다사65254950,광진구,광장동
다사65254775,송파구,풍납2동
다사65254800,송파구,풍납2동
다사65254825,송파구,풍납2동
다사65254850,송파구,풍납1동
다사65255075,광진구,광장동
다사65255100,광진구,광장동
다사65255350,중랑구,면목3·8동
다사65255375,중랑구,면목3·8동
다사65254975,광진구,광장동
다사65255000,광진구,광장동
다사65255025,광진구,광장동
다사65255050,광진구,광장동
다사65004750,송파구,풍납2동
다사65004775,송파구,풍납2동
다사65004800,송파구,풍납2동
다사65004825,송파구,풍납2동
다사65004650,송파구,잠실4동
다사65004675,송파구,잠실4동
다사65004700,송파구,잠실4동
다사65004725,송파구,풍납2동
다사65004950,광진구,광장동
다사65004975,광진구,광장동
다사65005000,광진구,광장동
다사65005025,광진구,광장동
다사65004850,송파구,풍납1동
다사65004875,광진구,광장동
다사65004900,광진구,광장동
다사65004925,광진구,광장동
다사65004350,강남구,수서동
다사65004375,송파구,가락1동
다사65004400,송파구,가락1동
다사65004425,송파구,가락1동
다사65004250,강남구,세곡동
다사65004275,강남구,수서동
다사65004300,강남구,수서동
다사65004325,강남구,수서동
다사65004550,송파구,송파1동
다사65004575,송파구,잠실6동
다사65004600,송파구,잠실6동
다사65004625,송파구,잠실6동
다사65004450,송파구,석촌동
다사65004475,송파구,석촌동
다사65004500,송파구,석촌동
다사65004525,송파구,송파1동
다사65005725,중랑구,신내1동
다사65005750,중랑구,신내1동
다사65005775,중랑구,신내1동
다사65005800,노원구,공릉2동
다사65005625,중랑구,망우본동
다사65005650,중랑구,망우본동
다사65005675,중랑구,망우본동
다사65005700,중랑구,망우본동
다사65005925,노원구,공릉2동
다사65005950,노원구,공릉2동
다사65005975,노원구,공릉2동
다사65006000,노원구,공릉2동
다사65005825,노원구,공릉2동
다사65005850,노원구,공릉2동
다사65005875,노원구,공릉2동
다사65005900,노원구,공릉2동
다사65005250,광진구,중곡4동
다사65005350,중랑구,면목3·8동
다사65005375,중랑구,면목3·8동
다사65005400,중랑구,면목3·8동
다사65005050,광진구,광장동
다사65005075,광진구,광장동
다사65005100,광진구,광장동
다사65005225,광진구,중곡4동
다사65005525,중랑구,망우본동
다사65005550,중랑구,망우본동
다사65005575,중랑구,망우본동
다사65005600,중랑구,망우본동
다사65005425,중랑구,망우3동
다사65005450,중랑구,망우3동
다사65005475,중랑구,망우3동
다사65005500,중랑구,망우본동
다사64755225,광진구,중곡4동
다사64755250,광진구,중곡4동
다사64755275,중랑구,면목7동
다사64755300,중랑구,면목7동
다사64755125,광진구,중곡4동
다사64755150,광진구,중곡4동
다사64755175,광진구,중곡4동
다사64755200,광진구,중곡4동
다사64755425,중랑구,면목3·8동
다사64755450,중랑구,망우3동
다사64755475,중랑구,망우3동
다사64755500,중랑구,망우본동
다사64755325,중랑구,면목3·8동
다사64755350,중랑구,면목3·8동
다사64755375,중랑구,면목3·8동
다사64755400,중랑구,면목3·8동
다사64754825,광진구,구의3동
다사64754850,광진구,광장동
다사64754875,광진구,광장동
다사64754900,광진구,광장동
다사64754725,송파구,잠실4동
다사64754750,송파구,풍납2동
다사64754775,송파구,풍납2동
다사64754800,송파구,풍납2동
다사64755025,광진구,광장동
다사64755050,광진구,광장동
다사64755075,광진구,구의2동
다사64755100,광진구,구의2동
다사64754925,광진구,광장동
다사64754950,광진구,광장동
다사64754975,광진구,광장동
다사64755000,광진구,광장동
다사64756025,노원구,공릉2동
다사64756050,노원구,공릉2동
다사65004000,강남구,세곡동
다사65004025,강남구,세곡동
다사64755925,노원구,공릉2동
다사64755950,노원구,공릉2동
다사64755975,노원구,공릉2동
다사64756000,노원구,공릉2동
다사65004150,강남구,세곡동
다사65004175,강남구,세곡동
다사65004200,강남구,세곡동
다사65004225,강남구,세곡동
다사65004050,강남구,세곡동
다사65004075,강남구,세곡동
다사65004100,강남구,세곡동
다사65004125,강남구,세곡동
다사64755625,중랑구,신내1동
다사64755650,중랑구,신내1동
다사64755675,중랑구,망우본동
다사64755700,중랑구,망우본동
다사64755525,중랑구,망우본동
다사64755550,중랑구,망우본동
다사64755575,중랑구,망우본동
다사64755600,중랑구,신내1동
다사64755825,노원구,공릉2동
다사64755850,노원구,공릉2동
다사64755875,노원구,공릉2동
다사64755900,노원구,공릉2동
다사64755725,중랑구,신내1동
다사64755750,중랑구,신내1동
다사64755775,중랑구,신내1동
다사64755800,노원구,공릉2동
다사64505700,중랑구,신내1동
다사64505725,중랑구,신내1동
다사64505750,중랑구,신내1동
다사64505775,노원구,공릉2동
다사64505600,중랑구,신내1동
다사64505625,중랑구,신내1동
다사64505650,중랑구,신내1동
다사64505675,중랑구,신내1동
다사64505900,노원구,공릉2동
다사64505925,노원구,공릉2동
다사64505950,노원구,공릉2동
다사64505975,노원구,공릉2동
다사64505800,노원구,공릉2동
다사64505825,노원구,공릉2동
다사64505850,노원구,공릉2동
다사64505875,노원구,공릉2동
다사64505300,중랑구,면목7동
다사64505325,중랑구,면목7동
다사64505350,중랑구,면목3·8동
다사64505375,중랑구,면목3·8동
다사64505200,광진구,중곡4동
다사64505225,광진구,중곡4동
다사64505250,광진구,중곡4동
다사64505275,중랑구,면목7동
다사64505500,중랑구,망우3동
다사64505525,중랑구,망우본동
다사64505550,중랑구,망우본동
다사64505575,중랑구,신내1동
다사64505400,중랑구,면목3·8동
다사64505425,중랑구,면목3·8동
다사64505450,중랑구,망우3동
다사64505475,중랑구,망우3동
다사64754425,송파구,가락1동
다사64754450,송파구,석촌동
다사64754475,송파구,석촌동
다사64754500,송파구,석촌동
다사64754325,강남구,수서동
다사64754350,강남구,수서동
다사64754375,송파구,가락1동
다사64754400,송파구,가락1동
다사64754625,송파구,잠실6동
다사64754650,송파구,잠실6동
다사64754675,송파구,잠실6동
다사64754700,송파구,잠실4동
다사64754525,송파구,석촌동
다사64754550,송파구,잠실3동
다사64754575,송파구,잠실6동
다사64754600,송파구,잠실6동
다사64754025,강남구,세곡동
다사64754050,강남구,세곡동
다사64754075,강남구,세곡동
다사64754100,강남구,세곡동
다사64506000,노원구,공릉2동
다사64506025,노원구,공릉2동
다사64506050,노원구,공릉2동
다사64754000,강남구,세곡동
다사64754225,강남구,세곡동
다사64754250,강남구,세곡동
다사64754275,강남구,세곡동
다사64754300,강남구,수서동
다사64754125,강남구,세곡동
다사64754150,강남구,세곡동
다사64754175,강남구,세곡동
다사64754200,강남구,세곡동
다사64504100,강남구,세곡동
다사64504125,강남구,세곡동
다사64504150,강남구,세곡동
다사64504175,강남구,세곡동
다사64504000,강남구,세곡동
다사64504025,강남구,세곡동
다사64504050,강남구,세곡동
다사64504075,강남구,세곡동
다사64504300,강남구,수서동
다사64504325,강남구,수서동
다사64504350,강남구,수서동
다사64504375,강남구,일원1동
다사64504200,강남구,세곡동
다사64504225,강남구,세곡동
다사64504250,강남구,세곡동
다사64504275,강남구,수서동
다사64256250,노원구,상계3·4동
다사64256275,노원구,상계3·4동
다사64256300,노원구,상계3·4동
다사64256325,노원구,상계3·4동
다사64255975,노원구,공릉2동
다사64256000,노원구,공릉2동
다사64256025,노원구,공릉2동
다사64256050,노원구,공릉2동
다사64256525,노원구,상계3·4동
다사64256550,노원구,상계3·4동
다사64503950,강남구,세곡동
다사64503975,강남구,세곡동
다사64256350,노원구,상계3·4동
다사64256375,노원구,상계3·4동
다사64256475,노원구,상계3·4동
다사64256500,노원구,상계3·4동
다사64504900,광진구,광장동
다사64504925,광진구,광장동
다사64504950,광진구,광장동
다사64504975,광진구,광장동
다사64504800,광진구,구의3동
다사64504825,광진구,구의3동
다사64504850,광진구,구의3동
다사64504875,광진구,광장동
다사64505100,광진구,중곡4동
다사64505125,광진구,중곡4동
다사64505150,광진구,중곡4동
다사64505175,광진구,중곡4동
다사64505000,광진구,광장동
다사64505025,광진구,광장동
다사64505050,광진구,구의2동
다사64505075,광진구,구의2동
다사64504500,송파구,석촌동
다사64504525,송파구,잠실3동
다사64504550,송파구,잠실3동
다사64504575,송파구,잠실3동
다사64504400,송파구,가락1동
다사64504425,송파구,가락1동
다사64504450,송파구,석촌동
다사64504475,송파구,석촌동
다사64504700,송파구,잠실6동
다사64504725,송파구,잠실6동
다사64504750,송파구,잠실4동
다사64504775,광진구,구의3동
다사64504600,송파구,잠실3동
다사64504625,송파구,잠실6동
다사64504650,송파구,잠실6동
다사64504675,송파구,잠실6동
다사64254875,광진구,구의3동
다사64254900,광진구,광장동
다사64254925,광진구,광장동
다사64254950,광진구,광장동
다사64254775,광진구,구의3동
다사64254800,광진구,구의3동
다사64254825,광진구,구의3동
다사64254850,광진구,구의3동
다사64255075,광진구,구의2동
다사64255100,광진구,중곡4동
다사64255125,광진구,중곡4동
다사64255150,광진구,중곡4동
다사64254975,광진구,구의2동
다사64255000,광진구,구의2동
다사64255025,광진구,구의2동
다사64255050,광진구,구의2동
다사64254475,송파구,삼전동
다사64254500,송파구,삼전동
다사64254525,송파구,잠실3동
다사64254550,송파구,잠실3동
다사64254375,강남구,일원1동
다사64254400,강남구,일원1동
다사64254425,송파구,석촌동
다사64254450,송파구,석촌동
다사64254675,송파구,잠실6동
다사64254700,송파구,잠실6동
다사64254725,송파구,잠실6동
다사64254750,송파구,잠실6동
다사64254575,송파구,잠실3동
다사64254600,송파구,잠실3동
다사64254625,송파구,잠실3동
다사64254650,송파구,잠실6동
다사64255675,중랑구,신내1동
다사64255700,중랑구,신내2동
다사64255725,중랑구,신내1동
다사64255750,노원구,공릉2동
다사64255575,중랑구,신내1동
다사64255600,중랑구,신내1동
다사64255625,중랑구,신내1동
다사64255650,중랑구,신내1동
다사64255875,노원구,공릉2동
다사64255900,노원구,공릉2동
다사64255925,노원구,공릉2동
다사64255950,노원구,공릉2동
다사64255775,노원구,공릉2동
다사64255800,노원구,공릉2동
다사64255825,노원구,공릉2동
다사64255850,노원구,공릉2동
다사64255275,중랑구,면목7동
다사64255300,중랑구,면목7동
다사64255325,중랑구,면목7동
다사64255350,중랑구,면목3·8동
다사64255175,광진구,중곡4동
다사64255200,광진구,중곡4동
다사64255225,광진구,중곡4동
다사64255250,중랑구,면목7동
다사64255475,중랑구,망우3동
다사64255500,중랑구,망우3동
다사64255525,중랑구,망우본동
다사64255550,중랑구,망우본동
다사64255375,중랑구,면목3·8동
다사64255400,중랑구,면목3·8동
다사64255425,중랑구,면목3·8동
다사64255450,중랑구,면목3·8동
다사64005900,노원구,공릉2동
다사64005925,노원구,공릉2동
다사64005950,노원구,공릉2동
다사64005975,노원구,공릉2동
다사64005800,노원구,공릉2동
다사64005825,노원구,공릉2동
다사64005850,노원구,공릉2동
다사64005875,노원구,공릉2동
다사64006100,노원구,중계본동
다사64006125,노원구,중계본동
다사64006150,노원구,중계본동
다사64006175,노원구,중계본동
다사64006000,노원구,공릉2동
다사64006025,노원구,공릉2동
다사64006050,노원구,중계본동
다사64006075,노원구,중계본동
다사64005500,중랑구,망우본동
다사64005525,중랑구,망우본동
다사64005550,중랑구,상봉1동
다사64005575,중랑구,상봉1동
다사64005400,중랑구,면목본동
다사64005425,중랑구,면목본동
다사64005450,중랑구,망우3동
다사64005475,중랑구,망우3동
다사64005700,중랑구,신내2동
다사64005725,중랑구,신내2동
다사64005750,중랑구,신내1동
다사64005775,노원구,공릉2동
다사64005600,중랑구,상봉1동
다사64005625,중랑구,신내2동
다사64005650,중랑구,신내2동
다사64005675,중랑구,신내2동
다사64254075,강남구,세곡동
다사64254100,강남구,세곡동
다사64254125,강남구,세곡동
다사64254150,강남구,세곡동
다사64253975,강남구,세곡동
다사64254000,강남구,세곡동
다사64254025,강남구,세곡동
다사64254050,강남구,세곡동
다사64254275,강남구,수서동
다사64254300,강남구,수서동
다사64254325,강남구,수서동
다사64254350,강남구,수서동
다사64254175,강남구,세곡동
다사64254200,강남구,세곡동
다사64254225,강남구,수서동
다사64254250,강남구,수서동
다사64006300,노원구,상계3·4동
다사64006325,노원구,상계3·4동
다사64006350,노원구,상계3·4동
다사64006375,노원구,상계3·4동
다사64006200,노원구,중계4동
다사64006225,노원구,중계4동
다사64006250,노원구,중계4동
다사64006275,노원구,상계3·4동
다사64006500,노원구,상계3·4동
다사64006525,노원구,상계3·4동
다사64006550,노원구,상계3·4동
다사64253950,서초구,내곡동
다사64006400,노원구,상계3·4동
다사64006425,노원구,상계3·4동
다사64006450,노원구,상계3·4동
다사64006475,노원구,상계3·4동
다사64004300,강남구,일원본동
다사64004325,강남구,수서동
다사64004350,강남구,수서동
다사64004375,강남구,일원1동
다사64004200,강남구,수서동
다사64004225,강남구,수서동
다사64004250,강남구,일원본동
다사64004275,강남구,일원본동
다사64004500,송파구,삼전동
다사64004525,송파구,삼전동
다사64004550,송파구,잠실3동
다사64004575,송파구,잠실3동
다사64004400,강남구,일원1동
다사64004425,송파구,삼전동
다사64004450,송파구,삼전동
다사64004475,송파구,삼전동
다사63756525,노원구,상계3·4동
다사63756550,노원구,상계3·4동
다사64003950,서초구,내곡동
다사64003975,서초구,내곡동
다사63756425,노원구,상계3·4동
다사63756450,노원구,상계3·4동
다사63756475,노원구,상계3·4동
다사63756500,노원구,상계3·4동
다사64004100,강남구,세곡동
다사64004125,강남구,세곡동
다사64004150,강남구,세곡동
다사64004175,강남구,세곡동
다사64004000,서초구,내곡동
다사64004025,서초구,내곡동
다사64004050,강남구,세곡동
다사64004075,강남구,세곡동
다사64005100,광진구,중곡4동
다사64005125,광진구,중곡4동
다사64005150,광진구,중곡4동
다사64005175,광진구,중곡4동
다사64005000,광진구,구의2동
다사64005025,광진구,구의2동
다사64005050,광진구,구의2동
다사64005075,광진구,중곡4동
다사64005300,중랑구,면목7동
다사64005325,중랑구,면목7동
다사64005350,중랑구,면목3·8동
다사64005375,중랑구,면목3·8동
다사64005200,광진구,중곡4동
다사64005225,광진구,중곡4동
다사64005250,중랑구,면목4동
다사64005275,중랑구,면목7동
다사64004700,송파구,잠실6동
다사64004725,송파구,잠실6동
다사64004750,광진구,구의3동
다사64004775,광진구,구의3동
다사64004600,송파구,잠실3동
다사64004625,송파구,잠실3동
다사64004650,송파구,잠실3동
다사64004675,송파구,잠실3동
다사64004900,광진구,구의3동
다사64004925,광진구,광장동
다사64004950,광진구,구의2동
다사64004975,광진구,구의2동
다사64004800,광진구,구의3동
다사64004825,광진구,구의3동
다사64004850,광진구,구의3동
다사64004875,광진구,구의3동
다사63755325,중랑구,면목7동
다사63755350,중랑구,면목3·8동
다사63755375,중랑구,면목3·8동
다사63755400,중랑구,면목본동
다사63755225,중랑구,면목4동
다사63755250,중랑구,면목4동
다사63755275,중랑구,면목4동
다사63755300,중랑구,면목7동
다사63755525,중랑구,상봉2동
다사63755550,중랑구,상봉1동
다사63755575,중랑구,상봉1동
다사63755600,중랑구,상봉1동
다사63755425,중랑구,면목본동
다사63755450,중랑구,면목본동
다사63755475,중랑구,면목본동
다사63755500,중랑구,상봉2동
다사63754925,광진구,구의3동
다사63754950,광진구,구의2동
다사63754975,광진구,구의2동
다사63755000,광진구,구의2동
다사63754825,광진구,구의3동
다사63754850,광진구,구의3동
다사63754875,광진구,구의3동
다사63754900,광진구,구의3동
다사63755125,광진구,중곡4동
다사63755150,광진구,중곡4동
다사63755175,광진구,중곡4동
다사63755200,광진구,중곡4동
다사63755025,광진구,구의2동
다사63755050,광진구,중곡4동
다사63755075,광진구,중곡4동
다사63755100,광진구,중곡4동
다사63756125,노원구,중계본동
다사63756150,노원구,중계본동
다사63756175,노원구,중계본동
다사63756200,노원구,중계4동
다사63756025,노원구,중계본동
다사63756050,노원구,중계본동
다사63756075,노원구,중계본동
다사63756100,노원구,중계본동
다사63756325,노원구,상계3·4동
다사63756350,노원구,상계3·4동
다사63756375,노원구,상계3·4동
다사63756400,노원구,상계3·4동
다사63756225,노원구,중계4동
다사63756250,노원구,중계4동
다사63756275,노원구,상계3·4동
다사63756300,노원구,상계3·4동
다사63755725,중랑구,신내2동
다사63755750,중랑구,신내2동
다사63755775,노원구,공릉2동
다사63755800,노원구,공릉2동
다사63755625,중랑구,상봉1동
다사63755650,중랑구,신내2동
다사63755675,중랑구,신내2동
다사63755700,중랑구,신내2동
다사63755925,노원구,공릉2동
다사63755950,노원구,공릉2동
다사63755975,노원구,공릉2동
다사63756000,노원구,공릉2동
다사63755825,노원구,공릉2동
다사63755850,노원구,공릉2동
다사63755875,노원구,공릉2동
다사63755900,노원구,공릉2동
다사63506400,노원구,상계3·4동
다사63506425,노원구,상계3·4동
다사63506450,노원구,상계3·4동
다사63506475,노원구,상계3·4동
다사63506300,노원구,상계3·4동
다사63506325,노원구,상계3·4동
다사63506350,노원구,상계3·4동
다사63506375,노원구,상계3·4동
다사63753925,서초구,내곡동
다사63753950,서초구,내곡동
다사63753975,서초구,내곡동
다사63754000,서초구,내곡동
다사63506500,노원구,상계3·4동
다사63506525,노원구,상계3·4동
다사63506550,노원구,상계3·4동
다사63753900,서초구,내곡동
다사63506000,노원구,공릉2동
다사63506025,노원구,중계본동
다사63506050,노원구,중계본동
다사63506075,노원구,중계본동
다사63505900,노원구,공릉2동
다사63505925,노원구,공릉2동
다사63505950,노원구,공릉2동
다사63505975,노원구,공릉2동
다사63506200,노원구,중계4동
다사63506225,노원구,중계4동
다사63506250,노원구,중계4동
다사63506275,노원구,상계3·4동
다사63506100,노원구,중계본동
다사63506125,노원구,중계본동
다사63506150,노원구,중계본동
다사63506175,노원구,중계본동
다사63754525,송파구,삼전동
다사63754550,송파구,잠실3동
다사63754575,송파구,잠실3동
다사63754600,송파구,잠실2동
다사63754425,송파구,삼전동
다사63754450,송파구,삼전동
다사63754475,송파구,삼전동
다사63754500,송파구,삼전동
다사63754725,송파구,잠실3동
다사63754750,광진구,자양2동
다사63754775,광진구,자양2동
다사63754800,광진구,자양2동
다사63754625,송파구,잠실3동
다사63754650,송파구,잠실3동
다사63754675,송파구,잠실3동
다사63754700,송파구,잠실3동
다사63754125,강남구,세곡동
다사63754150,강남구,세곡동
다사63754175,강남구,세곡동
다사63754200,강남구,일원본동
다사63754025,서초구,내곡동
다사63754050,서초구,내곡동
다사63754075,강남구,세곡동
다사63754100,강남구,세곡동
다사63754325,강남구,일원본동
다사63754350,강남구,수서동
다사63754375,강남구,일원1동
다사63754400,강남구,일원1동
다사63754225,강남구,일원본동
다사63754250,강남구,일원본동
다사63754275,강남구,일원본동
다사63754300,강남구,일원본동
다사63504800,광진구,자양2동
다사63504825,광진구,자양2동
다사63504850,광진구,자양2동
다사63504875,광진구,구의1동
다사63504700,송파구,잠실2동
다사63504725,송파구,잠실2동
다사63504750,광진구,자양2동
다사63504775,광진구,자양2동
다사63505000,광진구,구의2동
다사63505025,광진구,능동
다사63505050,광진구,중곡2동
다사63505075,광진구,중곡4동
다사63504900,광진구,구의1동
다사63504925,광진구,구의1동
다사63504950,광진구,구의2동
다사63504975,광진구,구의2동
다사63504400,강남구,일원1동
다사63504425,강남구,개포3동
다사63504450,송파구,삼전동
다사63504475,송파구,삼전동
다사63504300,강남구,일원본동
다사63504325,강남구,일원본동
다사63504350,강남구,일원1동
다사63504375,강남구,일원1동
다사63504600,송파구,잠실2동
다사63504625,송파구,잠실2동
다사63504650,송파구,잠실2동
다사63504675,송파구,잠실2동
다사63504500,송파구,삼전동
다사63504525,송파구,잠실본동
다사63504550,송파구,잠실3동
다사63504575,송파구,잠실3동
다사63505600,중랑구,상봉1동
다사63505625,중랑구,상봉1동
다사63505650,중랑구,상봉1동
다사63505675,중랑구,신내2동
다사63505500,중랑구,상봉2동
다사63505525,중랑구,상봉1동
다사63505550,중랑구,상봉1동
다사63505575,중랑구,상봉1동
다사63505800,노원구,공릉2동
다사63505825,노원구,공릉2동
다사63505850,노원구,공릉2동
다사63505875,노원구,공릉2동
다사63505700,중랑구,신내2동
다사63505725,중랑구,묵1동
다사63505750,중랑구,묵1동
다사63505775,중랑구,묵1동
다사63505200,광진구,중곡4동
다사63505225,광진구,중곡4동
다사63505250,중랑구,면목4동
다사63505275,중랑구,면목4동
다사63505100,광진구,중곡4동
다사63505125,광진구,중곡4동
다사63505150,광진구,중곡4동
다사63505175,광진구,중곡4동
다사63505400,중랑구,면목본동
다사63505425,중랑구,면목본동
다사63505450,중랑구,면목본동
다사63505475,중랑구,면목본동
다사63505300,중랑구,면목4동
다사63505325,중랑구,면목7동
다사63505350,중랑구,면목3·8동
다사63505375,중랑구,면목3·8동
다사63256000,노원구,공릉2동
다사63256025,노원구,중계본동
다사63256050,노원구,중계본동
다사63256075,노원구,중계본동
다사63255900,노원구,공릉2동
다사63255925,노원구,공릉2동
다사63255950,노원구,공릉2동
다사63255975,노원구,공릉2동
다사63256200,노원구,중계4동
다사63256225,노원구,중계4동
다사63256250,노원구,중계4동
다사63256275,노원구,상계3·4동
다사63256100,노원구,중계본동
다사63256125,노원구,중계본동
다사63256150,노원구,중계본동
다사63256175,노원구,중계4동
다사63255600,중랑구,중화1동
다사63255625,중랑구,중화1동
다사63255650,중랑구,묵1동
다사63255675,중랑구,묵1동
다사63255500,중랑구,상봉2동
다사63255525,중랑구,상봉1동
다사63255550,중랑구,중화1동
다사63255575,중랑구,중화1동
다사63255800,노원구,공릉2동
다사63255825,노원구,공릉2동
다사63255850,노원구,공릉2동
다사63255875,노원구,공릉2동
다사63255700,중랑구,묵1동
다사63255725,중랑구,묵1동
다사63255750,중랑구,묵1동
다사63255775,중랑구,묵1동
다사63504000,서초구,내곡동
다사63504025,서초구,내곡동
다사63504050,서초구,내곡동
다사63504075,서초구,내곡동
다사63503900,서초구,내곡동
다사63503925,서초구,내곡동
다사63503950,서초구,내곡동
다사63503975,서초구,내곡동
다사63504200,강남구,일원본동
다사63504225,강남구,일원본동
다사63504250,강남구,일원본동
다사63504275,강남구,일원본동
다사63504100,강남구,세곡동
다사63504125,강남구,세곡동
다사63504150,강남구,세곡동
다사63504175,강남구,세곡동
다사63256400,노원구,상계3·4동
다사63256425,노원구,상계3·4동
다사63256450,노원구,상계3·4동
다사63256475,노원구,상계3·4동
다사63256300,노원구,상계3·4동
다사63256325,노원구,상계3·4동
다사63256350,노원구,상계3·4동
다사63256375,노원구,상계3·4동
다사63256600,노원구,상계1동
다사63503825,서초구,내곡동
다사63503850,서초구,내곡동
다사63503875,서초구,내곡동
다사63256500,노원구,상계3·4동
다사63256525,노원구,상계3·4동
다사63256550,노원구,상계3·4동
다사63256575,노원구,상계1동
다사63254400,강남구,개포3동
다사63254425,강남구,개포3동
다사63254450,송파구,삼전동
다사63254475,송파구,잠실본동
다사63254300,강남구,일원본동
다사63254325,강남구,일원본동
다사63254350,강남구,일원1동
다사63254375,강남구,일원1동
다사63254600,송파구,잠실2동
다사63254625,송파구,잠실2동
다사63254650,송파구,잠실2동
다사63254675,송파구,잠실2동
다사63254500,송파구,잠실본동
다사63254525,송파구,잠실본동
다사63254550,송파구,잠실본동
다사63254575,송파구,잠실본동
다사63254000,서초구,내곡동
다사63254025,서초구,내곡동
다사63254050,서초구,내곡동
다사63254075,서초구,내곡동
다사63253900,서초구,내곡동
다사63253925,서초구,내곡동
다사63253950,서초구,내곡동
다사63253975,서초구,내곡동
다사63254200,강남구,일원본동
다사63254225,강남구,일원본동
다사63254250,강남구,일원본동
다사63254275,강남구,일원본동
다사63254100,서초구,내곡동
다사63254125,강남구,세곡동
다사63254150,강남구,세곡동
다사63254175,강남구,세곡동
다사63255200,광진구,중곡3동
다사63255225,광진구,중곡3동
다사63255250,중랑구,면목4동
다사63255275,중랑구,면목4동
다사63255100,광진구,중곡2동
다사63255125,광진구,중곡2동
다사63255150,광진구,중곡2동
다사63255175,광진구,중곡3동
다사63255400,중랑구,면목본동
다사63255425,중랑구,면목본동
다사63255450,중랑구,면목2동
다사63255475,중랑구,상봉2동
다사63255300,중랑구,면목7동
다사63255325,중랑구,면목7동
다사63255350,중랑구,면목3·8동
다사63255375,중랑구,면목3·8동
다사63254800,광진구,자양2동
다사63254825,광진구,자양2동
다사63254850,광진구,자양2동
다사63254875,광진구,구의1동
다사63254700,송파구,잠실2동
다사63254725,광진구,자양2동
다사63254750,광진구,자양2동
다사63254775,광진구,자양2동
다사63255000,광진구,능동
다사63255025,광진구,능동
다사63255050,광진구,능동
다사63255075,광진구,중곡2동
다사63254900,광진구,구의1동
다사63254925,광진구,구의1동
다사63254950,광진구,구의2동
다사63254975,광진구,능동
다사63005625,중랑구,중화1동
다사63005650,중랑구,묵1동
다사63005675,중랑구,묵1동
다사63005700,중랑구,묵1동
다사63005525,중랑구,중화1동
다사63005550,중랑구,중화1동
다사63005575,중랑구,중화1동
다사63005600,중랑구,중화1동
다사63005825,노원구,공릉2동
다사63005850,노원구,공릉2동
다사63005875,노원구,공릉2동
다사63005900,노원구,공릉2동
다사63005725,중랑구,묵1동
다사63005750,중랑구,묵1동
다사63005775,노원구,공릉2동
다사63005800,노원구,공릉2동
다사63005225,광진구,중곡3동
다사63005250,중랑구,면목4동
다사63005275,중랑구,면목4동
다사63005300,중랑구,면목7동
다사63005125,광진구,중곡2동
다사63005150,광진구,중곡1동
다사63005175,광진구,중곡3동
다사63005200,광진구,중곡3동
다사63005425,중랑구,면목2동
다사63005450,중랑구,면목2동
다사63005475,중랑구,상봉2동
다사63005500,중랑구,상봉2동
다사63005325,중랑구,면목7동
다사63005350,중랑구,면목5동
다사63005375,중랑구,면목5동
다사63005400,중랑구,면목5동
다사63006425,노원구,상계3·4동
다사63006450,노원구,상계3·4동
다사63006475,노원구,상계3·4동
다사63006500,노원구,상계3·4동
다사63006325,노원구,상계3·4동
다사63006350,노원구,상계3·4동
다사63006375,노원구,상계3·4동
다사63006400,노원구,상계3·4동
다사63006625,노원구,상계1동
다사63253825,서초구,내곡동
다사63253850,서초구,내곡동
다사63253875,서초구,내곡동
다사63006525,노원구,상계3·4동
다사63006550,노원구,상계1동
다사63006575,노원구,상계1동
다사63006600,노원구,상계1동
다사63006025,노원구,중계본동
다사63006050,노원구,중계본동
다사63006075,노원구,중계본동
다사63006100,노원구,중계본동
다사63005925,노원구,공릉2동
다사63005950,노원구,공릉2동
다사63005975,노원구,공릉2동
다사63006000,노원구,하계1동
다사63006225,노원구,중계4동
다사63006250,노원구,상계3·4동
다사63006275,노원구,상계3·4동
다사63006300,노원구,상계3·4동
다사63006125,노원구,중계본동
다사63006150,노원구,중계본동
다사63006175,노원구,중계4동
다사63006200,노원구,중계4동
다사63004025,서초구,내곡동
다사63004050,서초구,내곡동
다사63004075,서초구,내곡동
다사63004100,서초구,내곡동
다사63003925,서초구,내곡동
다사63003950,서초구,내곡동
다사63003975,서초구,내곡동
다사63004000,서초구,내곡동
다사63004225,강남구,일원본동
다사63004250,강남구,일원본동
다사63004275,강남구,일원본동
다사63004300,강남구,일원본동
다사63004125,서초구,내곡동
다사63004150,서초구,내곡동
다사63004175,서초구,내곡동
다사63004200,강남구,일원본동
다사62756475,노원구,상계3·4동
다사62756500,노원구,상계3·4동
다사62756525,노원구,상계3·4동
다사62756550,노원구,상계1동
다사62756375,노원구,상계3·4동
다사62756400,노원구,상계3·4동
다사62756425,노원구,상계3·4동
다사62756450,노원구,상계3·4동
다사63003825,서초구,내곡동
다사63003850,서초구,내곡동
다사63003875,서초구,내곡동
다사63003900,서초구,내곡동
다사62756575,노원구,상계1동
다사62756600,노원구,상계1동
다사62756625,노원구,상계1동
다사63003800,서초구,내곡동
다사63004825,광진구,자양1동
다사63004850,광진구,자양1동
다사63004875,광진구,자양1동
다사63004900,광진구,화양동
다사63004725,광진구,자양2동
다사63004750,광진구,자양2동
다사63004775,광진구,자양2동
다사63004800,광진구,자양1동
다사63005025,광진구,능동
다사63005050,광진구,능동
다사63005075,광진구,중곡2동
다사63005100,광진구,중곡2동
다사63004925,광진구,구의1동
다사63004950,광진구,구의1동
다사63004975,광진구,능동
다사63005000,광진구,능동
다사63004425,강남구,개포3동
다사63004450,송파구,잠실본동
다사63004475,송파구,잠실본동
다사63004500,송파구,잠실본동
다사63004325,강남구,일원본동
다사63004350,강남구,일원1동
다사63004375,강남구,일원1동
다사63004400,강남구,개포3동
다사63004625,송파구,잠실2동
다사63004650,송파구,잠실2동
다사63004675,송파구,잠실2동
다사63004700,송파구,잠실2동
다사63004525,송파구,잠실본동
다사63004550,송파구,잠실본동
다사63004575,송파구,잠실본동
다사63004600,송파구,잠실2동
다사62755275,중랑구,면목4동
다사62755300,중랑구,면목4동
다사62755325,중랑구,면목5동
다사62755350,중랑구,면목5동
다사62755175,광진구,중곡3동
다사62755200,광진구,중곡3동
다사62755225,광진구,중곡3동
다사62755250,중랑구,면목4동
다사62755475,중랑구,상봉2동
다사62755500,중랑구,상봉2동
다사62755525,중랑구,중화2동
다사62755550,중랑구,중화2동
다사62755375,중랑구,면목5동
다사62755400,중랑구,면목5동
다사62755425,중랑구,면목2동
다사62755450,중랑구,면목2동
다사62754875,광진구,자양1동
다사62754900,광진구,화양동
다사62754925,광진구,화양동
다사62754950,광진구,화양동
다사62754775,광진구,자양2동
다사62754800,광진구,자양2동
다사62754825,광진구,자양1동
다사62754850,광진구,자양1동
다사62755075,광진구,능동
다사62755100,광진구,중곡1동
다사62755125,광진구,중곡1동
다사62755150,광진구,중곡1동
다사62754975,광진구,능동
다사62755000,광진구,능동
다사62755025,광진구,능동
다사62755050,광진구,능동
다사62756075,노원구,중계본동
다사62756100,노원구,중계본동
다사62756125,노원구,중계본동
다사62756150,노원구,중계본동
다사62755975,노원구,하계1동
다사62756000,노원구,하계1동
다사62756025,노원구,하계1동
다사62756050,노원구,중계본동
다사62756275,노원구,상계3·4동
다사62756300,노원구,상계3·4동
다사62756325,노원구,상계3·4동
다사62756350,노원구,상계3·4동
다사62756175,노원구,중계4동
다사62756200,노원구,중계4동
다사62756225,노원구,중계4동
다사62756250,노원구,상계3·4동
다사62755675,중랑구,묵1동
다사62755700,중랑구,묵1동
다사62755725,중랑구,묵1동
다사62755750,중랑구,묵1동
다사62755575,중랑구,중화2동
다사62755600,중랑구,중화1동
다사62755625,중랑구,묵1동
다사62755650,중랑구,묵1동
다사62755875,노원구,공릉2동
다사62755900,노원구,공릉2동
다사62755925,노원구,공릉2동
다사62755950,노원구,공릉2동
다사62755775,노원구,공릉1동
다사62755800,노원구,공릉2동
다사62755825,노원구,공릉2동
다사62755850,노원구,공릉2동
다사53004200,동작구,사당4동
다사53004225,동작구,사당4동
다사53004250,동작구,사당4동
다사53004275,동작구,사당5동
다사53004100,관악구,남현동
다사53004125,관악구,인헌동
다사53004150,관악구,인헌동
다사53004175,관악구,인헌동
다사53004400,동작구,사당2동
다사53004425,동작구,사당2동
다사53004450,동작구,사당2동
다사53004475,동작구,사당2동
다사53004300,동작구,사당3동
다사53004325,동작구,사당3동
다사53004350,동작구,사당3동
다사53004375,동작구,사당3동
다사52755850,종로구,평창동
다사52755875,종로구,평창동
다사52755900,은평구,진관동
다사53003875,관악구,남현동
다사52755750,종로구,평창동
다사52755775,종로구,평창동
다사52755800,종로구,평창동
다사52755825,종로구,평창동
다사53004000,관악구,남현동
다사53004025,관악구,낙성대동
다사53004050,관악구,남현동
다사53004075,관악구,남현동
다사53003900,관악구,남현동
다사53003925,관악구,남현동
다사53003950,관악구,남현동
다사53003975,관악구,남현동
다사53005000,용산구,청파동
다사53005025,용산구,청파동
다사53005050,용산구,남영동
다사53005075,중구,회현동
다사53004900,용산구,원효로1동
다사53004925,용산구,청파동
다사53004950,용산구,청파동
다사53004975,용산구,청파동
다사53005200,중구,소공동
다사53005225,종로구,사직동
다사53005250,종로구,사직동
다사53005275,종로구,사직동
다사53005100,중구,중림동
다사53005125,중구,중림동
다사53005150,중구,소공동
다사53005175,중구,소공동
다사53004600,용산구,이촌1동
다사53004625,용산구,이촌1동
다사53004650,용산구,이촌1동
다사53004675,용산구,이촌1동
다사53004500,동작구,흑석동
다사53004525,동작구,흑석동
다사53004550,동작구,흑석동
다사53004575,용산구,이촌1동
다사53004800,용산구,한강로동
다사53004825,용산구,한강로동
다사53004850,용산구,원효로1동
다사53004875,용산구,원효로1동
다사53004700,용산구,이촌1동
다사53004725,용산구,한강로동
다사53004750,용산구,한강로동
다사53004775,용산구,한강로동
다사52754650,용산구,이촌1동
다사52754675,용산구,이촌1동
다사52754700,용산구,이촌1동
다사52754725,용산구,한강로동
다사52754550,동작구,흑석동
다사52754575,용산구,이촌1동
다사52754600,용산구,이촌1동
다사52754625,용산구,이촌1동
다사52754850,용산구,원효로1동
다사52754875,용산구,원효로1동
다사52754900,용산구,원효로1동
다사52754925,용산구,청파동
다사52754750,용산구,한강로동
다사52754775,용산구,한강로동
다사52754800,용산구,한강로동
다사52754825,용산구,한강로동
다사52754250,동작구,사당5동
다사52754275,동작구,사당5동
다사52754300,동작구,사당5동
다사52754325,동작구,사당3동
다사52754150,관악구,인헌동
다사52754175,관악구,인헌동
다사52754200,관악구,행운동
다사52754225,동작구,사당4동
다사52754450,동작구,사당2동
다사52754475,동작구,사당2동
다사52754500,동작구,흑석동
다사52754525,동작구,흑석동
다사52754350,동작구,사당3동
다사52754375,동작구,사당3동
다사52754400,동작구,사당2동
다사52754425,동작구,사당2동
다사52755450,종로구,청운효자동
다사52755475,종로구,청운효자동
다사52755500,종로구,부암동
다사52755525,종로구,부암동
다사52755350,종로구,청운효자동
다사52755375,종로구,청운효자동
다사52755400,종로구,청운효자동
다사52755425,종로구,청운효자동
다사52755650,종로구,평창동
다사52755675,종로구,평창동
다사52755700,종로구,평창동
다사52755725,종로구,평창동
다사52755550,종로구,부암동
다사52755575,종로구,평창동
다사52755600,종로구,평창동
다사52755625,종로구,평창동
다사52755050,용산구,청파동
다사52755075,중구,중림동
다사52755100,중구,중림동
다사52755125,중구,중림동
다사52754950,용산구,청파동
다사52754975,용산구,청파동
다사52755000,용산구,청파동
다사52755025,용산구,청파동
다사52755250,종로구,사직동
다사52755275,종로구,사직동
다사52755300,종로구,사직동
다사52755325,종로구,사직동
다사52755150,서대문구,충현동
다사52755175,서대문구,충현동
다사52755200,종로구,교남동
다사52755225,종로구,교남동
다사52505175,서대문구,충현동
다사52505200,서대문구,천연동
다사52505225,종로구,교남동
다사52505250,종로구,교남동
다사52505075,중구,중림동
다사52505100,중구,중림동
다사52505125,서대문구,충현동
다사52505150,서대문구,충현동
다사52505375,종로구,청운효자동
다사52505400,종로구,청운효자동
다사52505425,종로구,청운효자동
다사52505450,종로구,부암동
다사52505275,종로구,교남동
다사52505300,종로구,사직동
다사52505325,종로구,사직동
다사52505350,종로구,청운효자동
다사52504775,용산구,한강로동
다사52504800,용산구,한강로동
다사52504825,용산구,한강로동
다사52504850,용산구,원효로1동
다사52504675,용산구,이촌1동
다사52504700,용산구,한강로동
다사52504725,용산구,한강로동
다사52504750,용산구,한강로동
다사52504975,용산구,청파동
다사52505000,마포구,공덕동
다사52505025,용산구,청파동
다사52505050,중구,중림동
다사52504875,용산구,원효로1동
다사52504900,용산구,효창동
다사52504925,용산구,청파동
다사52504950,용산구,청파동
다사52505975,은평구,진관동
다사52753875,관악구,대학동
다사52753900,관악구,대학동
다사52753925,관악구,대학동
다사52505875,종로구,평창동
다사52505900,은평구,진관동
다사52505925,은평구,진관동
다사52505950,은평구,진관동
다사52754050,관악구,남현동
다사52754075,관악구,남현동
다사52754100,관악구,인헌동
다사52754125,관악구,인헌동
다사52753950,관악구,남현동
다사52753975,관악구,남현동
다사52754000,관악구,낙성대동
다사52754025,관악구,낙성대동
다사52505575,종로구,부암동
다사52505600,종로구,부암동
다사52505625,종로구,평창동
다사52505650,종로구,평창동
다사52505475,종로구,부암동
다사52505500,종로구,부암동
다사52505525,종로구,부암동
다사52505550,종로구,부암동
다사52505775,종로구,평창동
다사52505800,종로구,평창동
다사52505825,종로구,평창동
다사52505850,종로구,평창동
다사52505675,종로구,평창동
다사52505700,종로구,평창동
다사52505725,종로구,평창동
다사52505750,종로구,평창동
다사52255875,종로구,평창동
다사52255900,은평구,진관동
다사52255925,은평구,진관동
다사52255950,은평구,진관동
다사52255775,종로구,평창동
다사52255800,종로구,평창동
다사52255825,종로구,평창동
다사52255850,종로구,평창동
다사52256075,은평구,진관동
다사52503800,관악구,대학동
다사52503825,관악구,대학동
다사52503850,관악구,대학동
다사52255975,은평구,진관동
다사52256000,은평구,진관동
다사52256025,은평구,진관동
다사52256050,은평구,진관동
다사52255475,종로구,부암동
다사52255500,종로구,부암동
다사52255525,종로구,부암동
다사52255550,종로구,부암동
다사52255375,종로구,청운효자동
다사52255400,종로구,청운효자동
다사52255425,종로구,부암동
다사52255450,종로구,부암동
다사52255675,종로구,평창동
다사52255700,종로구,평창동
다사52255725,종로구,평창동
다사52255750,종로구,평창동
다사52255575,종로구,부암동
다사52255600,종로구,부암동
다사52255625,종로구,부암동
다사52255650,종로구,평창동
다사52504375,동작구,사당3동
다사52504400,동작구,사당2동
다사52504425,동작구,사당2동
다사52504450,동작구,흑석동
다사52504275,동작구,사당5동
다사52504300,동작구,사당5동
다사52504325,동작구,사당5동
다사52504350,동작구,사당5동
다사52504575,동작구,흑석동
다사52504600,용산구,이촌1동
다사52504625,용산구,이촌1동
다사52504650,용산구,이촌1동
다사52504475,동작구,흑석동
다사52504500,동작구,흑석동
다사52504525,동작구,흑석동
다사52504550,동작구,흑석동
다사52503975,관악구,낙성대동
다사52504000,관악구,낙성대동
다사52504025,관악구,낙성대동
다사52504050,관악구,낙성대동
다사52503875,관악구,대학동
다사52503900,관악구,대학동
다사52503925,관악구,대학동
다사52503950,관악구,대학동
다사52504175,관악구,인헌동
다사52504200,관악구,행운동
다사52504225,관악구,행운동
다사52504250,동작구,사당5동
다사52504075,관악구,낙성대동
다사52504100,관악구,인헌동
다사52504125,관악구,인헌동
다사52504150,관악구,인헌동
다사52254275,관악구,행운동
다사52254300,관악구,청림동
다사52254325,관악구,청림동
다사52254350,동작구,사당5동
다사52254175,관악구,낙성대동
다사52254200,관악구,낙성대동
다사52254225,관악구,행운동
다사52254250,관악구,행운동
다사52254475,동작구,흑석동
다사52254500,동작구,흑석동
다사52254525,동작구,흑석동
다사52254550,동작구,흑석동
다사52254375,동작구,상도1동
다사52254400,동작구,상도1동
다사52254425,동작구,상도1동
다사52254450,동작구,흑석동
다사52253875,관악구,대학동
다사52253900,관악구,대학동
다사52253925,관악구,대학동
다사52253950,관악구,대학동
다사52006150,은평구,진관동
다사52253800,관악구,대학동
다사52253825,관악구,대학동
다사52253850,관악구,대학동
다사52254075,관악구,낙성대동
다사52254100,관악구,낙성대동
다사52254125,관악구,낙성대동
다사52254150,관악구,낙성대동
다사52253975,관악구,낙성대동
다사52254000,관악구,낙성대동
다사52254025,관악구,낙성대동
다사52254050,관악구,낙성대동
다사52255075,마포구,공덕동
다사52255100,마포구,공덕동
다사52255125,서대문구,충현동
다사52255150,서대문구,충현동
다사52254975,용산구,효창동
다사52255000,마포구,공덕동
다사52255025,마포구,공덕동
다사52255050,마포구,공덕동
다사52255275,종로구,무악동
다사52255300,종로구,무악동
다사52255325,종로구,무악동
다사52255350,종로구,무악동
다사52255175,서대문구,충현동
다사52255200,서대문구,천연동
다사52255225,서대문구,천연동
다사52255250,서대문구,천연동
다사52254675,용산구,이촌1동
다사52254700,용산구,이촌2동
다사52254725,용산구,한강로동
다사52254750,용산구,한강로동
다사52254575,동작구,흑석동
다사52254600,동작구,노량진1동
다사52254625,용산구,이촌1동
다사52254650,용산구,이촌1동
다사52254875,용산구,용문동
다사52254900,용산구,효창동
다사52254925,용산구,효창동
다사52254950,용산구,효창동
다사52254775,용산구,한강로동
다사52254800,용산구,한강로동
다사52254825,용산구,원효로2동
다사52254850,용산구,원효로1동
다사52005050,마포구,공덕동
다사52005075,마포구,아현동
다사52005100,서대문구,북아현동
다사52005125,서대문구,북아현동
다사52004950,마포구,공덕동
다사52004975,마포구,공덕동
다사52005000,마포구,공덕동
다사52005025,마포구,공덕동
다사52005250,서대문구,천연동
다사52005275,서대문구,천연동
다사52005300,종로구,무악동
다사52005325,종로구,무악동
다사52005150,서대문구,충현동
다사52005175,서대문구,충현동
다사52005200,서대문구,천연동
다사52005225,서대문구,천연동
다사52004650,용산구,이촌2동
다사52004675,용산구,이촌2동
다사52004700,용산구,이촌2동
다사52004725,용산구,이촌2동
다사52004550,동작구,흑석동
다사52004575,동작구,노량진1동
다사52004600,동작구,노량진1동
다사52004625,용산구,이촌1동
다사52004850,용산구,원효로2동
다사52004875,용산구,용문동
다사52004900,용산구,효창동
다사52004925,용산구,효창동
다사52004750,용산구,한강로동
다사52004775,용산구,한강로동
다사52004800,용산구,한강로동
다사52004825,용산구,원효로2동
다사52005850,종로구,평창동
다사52005875,은평구,진관동
다사52005900,은평구,진관동
다사52005925,은평구,진관동
다사52005750,종로구,평창동
다사52005775,종로구,평창동
다사52005800,종로구,평창동
다사52005825,종로구,평창동
다사52006050,은평구,진관동
다사52006075,은평구,진관동
다사52006100,은평구,진관동
다사52006125,은평구,진관동
다사52005950,은평구,진관동
다사52005975,은평구,진관동
다사52006000,은평구,진관동
다사52006025,은평구,진관동
다사52005450,서대문구,홍제3동
다사52005475,종로구,부암동
다사52005500,종로구,부암동
다사52005525,종로구,부암동
다사52005350,종로구,무악동
다사52005375,서대문구,홍제2동
다사52005400,종로구,부암동
다사52005425,종로구,부암동
다사52005650,종로구,평창동
다사52005675,종로구,평창동
다사52005700,종로구,평창동
다사52005725,종로구,평창동
다사52005550,종로구,부암동
다사52005575,종로구,부암동
다사52005600,종로구,부암동
다사52005625,종로구,평창동
다사51755875,은평구,진관동
다사51755900,은평구,진관동
다사51755925,은평구,진관동
다사51755950,은평구,진관동
다사51755775,종로구,평창동
다사51755800,종로구,평창동
다사51755825,종로구,평창동
다사51755850,은평구,진관동
다사51756075,은평구,진관동
다사51756100,은평구,진관동
다사51756125,은평구,진관동
다사51756150,은평구,진관동
다사51755975,은평구,진관동
다사51756000,은평구,진관동
다사51756025,은평구,진관동
다사51756050,은평구,진관동
다사51755475,서대문구,홍제3동
다사51755500,서대문구,홍제3동
다사51755525,서대문구,홍은1동
다사51755550,종로구,부암동
다사51755375,서대문구,홍제2동
다사51755400,서대문구,홍제2동
다사51755425,서대문구,홍제3동
다사51755450,서대문구,홍제3동
다사51755675,종로구,평창동
다사51755700,종로구,평창동
다사51755725,종로구,평창동
다사51755750,종로구,평창동
다사51755575,종로구,부암동
다사51755600,종로구,부암동
다사51755625,종로구,평창동
다사51755650,종로구,평창동
다사52004250,관악구,행운동
다사52004275,관악구,행운동
다사52004300,관악구,청림동
다사52004325,관악구,청림동
다사52004150,관악구,낙성대동
다사52004175,관악구,낙성대동
다사52004200,관악구,낙성대동
다사52004225,관악구,행운동
다사52004450,동작구,흑석동
다사52004475,동작구,흑석동
다사52004500,동작구,흑석동
다사52004525,동작구,흑석동
다사52004350,관악구,청림동
다사52004375,동작구,상도1동
다사52004400,동작구,상도1동
다사52004425,동작구,상도1동
다사52003850,관악구,대학동
다사52003875,관악구,대학동
다사52003900,관악구,대학동
다사52003925,관악구,대학동
다사51756175,은평구,진관동
다사52003775,관악구,대학동
다사52003800,관악구,대학동
다사52003825,관악구,대학동
다사52004050,관악구,낙성대동
다사52004075,관악구,낙성대동
다사52004100,관악구,낙성대동
다사52004125,관악구,낙성대동
다사52003950,관악구,대학동
다사52003975,관악구,대학동
다사52004000,관악구,낙성대동
다사52004025,관악구,낙성대동
다사51754275,관악구,행운동
다사51754300,관악구,성현동
다사51754325,관악구,성현동
다사51754350,관악구,성현동
다사51754175,관악구,낙성대동
다사51754200,관악구,낙성대동
다사51754225,관악구,낙성대동
다사51754250,관악구,행운동
다사51754475,동작구,흑석동
다사51754500,동작구,흑석동
다사51754525,동작구,흑석동
다사51754550,동작구,노량진1동
다사51754375,동작구,상도1동
다사51754400,동작구,상도1동
다사51754425,동작구,상도1동
다사51754450,동작구,상도1동
다사51753875,관악구,대학동
다사51753900,관악구,대학동
다사51753925,관악구,대학동
다사51753950,관악구,대학동
다사51753775,관악구,대학동
다사51753800,관악구,대학동
다사51753825,관악구,대학동
다사51753850,관악구,대학동
다사51754075,관악구,낙성대동
다사51754100,관악구,낙성대동
다사51754125,관악구,낙성대동
다사51754150,관악구,낙성대동
다사51753975,관악구,대학동
다사51754000,관악구,대학동
다사51754025,관악구,대학동
다사51754050,관악구,낙성대동
다사51755075,마포구,아현동
다사51755100,서대문구,북아현동
다사51755125,서대문구,북아현동
다사51755150,서대문구,충현동
다사51754975,마포구,공덕동
다사51755000,마포구,공덕동
다사51755025,마포구,아현동
다사51755050,마포구,아현동
다사51755275,서대문구,천연동
다사51755300,서대문구,천연동
다사51755325,종로구,무악동
다사51755350,서대문구,홍제2동
다사51755175,서대문구,충현동
다사51755200,서대문구,충현동
다사51755225,서대문구,천연동
다사51755250,서대문구,천연동
다사51754675,용산구,이촌2동
다사51754700,용산구,이촌2동
다사51754725,용산구,이촌2동
다사51754750,용산구,이촌2동
다사51754575,동작구,노량진1동
다사51754600,동작구,노량진1동
다사51754625,동작구,노량진1동
다사51754650,용산구,이촌2동
다사51754875,용산구,용문동
다사51754900,마포구,도화동
다사51754925,마포구,공덕동
다사51754950,마포구,공덕동
다사51754775,용산구,한강로동
다사51754800,용산구,한강로동
다사51754825,용산구,원효로2동
다사51754850,용산구,원효로2동
다사51505100,서대문구,북아현동
다사51505125,서대문구,북아현동
다사51505150,서대문구,충현동
다사51505175,서대문구,충현동
다사51505000,마포구,아현동
다사51505025,마포구,아현동
다사51505050,마포구,아현동
다사51505075,마포구,아현동
다사51505300,서대문구,천연동
다사51505325,서대문구,홍제1동
다사51505350,서대문구,홍제2동
다사51505375,서대문구,홍제2동
다사51505200,서대문구,충현동
다사51505225,서대문구,홍제1동
다사51505250,서대문구,천연동
다사51505275,서대문구,천연동
다사51504700,용산구,이촌2동
다사51504725,용산구,이촌2동
다사51504750,용산구,이촌2동
다사51504775,용산구,이촌2동
다사51504600,동작구,노량진1동
다사51504625,동작구,노량진1동
다사51504650,용산구,이촌2동
다사51504675,용산구,이촌2동
다사51504900,마포구,도화동
다사51504925,마포구,도화동
다사51504950,마포구,공덕동
다사51504975,마포구,아현동
다사51504800,용산구,원효로2동
다사51504825,용산구,원효로2동
다사51504850,용산구,원효로2동
다사51504875,마포구,도화동
다사51505900,은평구,진관동
다사51505925,은평구,진관동
다사51505950,은평구,진관동
다사51505975,은평구,진관동
다사51505800,종로구,평창동
다사51505825,종로구,평창동
다사51505850,은평구,불광1동
다사51505875,은평구,진관동
다사51506100,은평구,진관동
다사51506125,은평구,진관동
다사51506150,은평구,진관동
다사51506175,은평구,진관동
다사51506000,은평구,진관동
다사51506025,은평구,진관동
다사51506050,은평구,진관동
다사51506075,은평구,진관동
다사51505500,서대문구,홍제3동
다사51505525,서대문구,홍은1동
다사51505550,서대문구,홍은1동
다사51505575,서대문구,홍은1동
다사51505400,서대문구,홍제2동
다사51505425,서대문구,홍제2동
다사51505450,서대문구,홍제3동
다사51505475,서대문구,홍제3동
다사51505700,종로구,평창동
다사51505725,종로구,평창동
다사51505750,종로구,평창동
다사51505775,종로구,평창동
다사51505600,서대문구,홍은1동
다사51505625,서대문구,홍은1동
다사51505650,종로구,평창동
다사51505675,종로구,평창동
다사51255975,은평구,진관동
다사51256000,은평구,진관동
다사51256025,은평구,진관동
다사51256050,은평구,진관동
다사51255875,은평구,진관동
다사51255900,은평구,진관동
다사51255925,은평구,진관동
다사51255950,은평구,진관동
다사51256175,은평구,진관동
다사51256200,은평구,진관동
다사51256225,은평구,진관동
다사51503775,관악구,대학동
다사51256075,은평구,진관동
다사51256100,은평구,진관동
다사51256125,은평구,진관동
다사51256150,은평구,진관동
다사51255575,서대문구,홍은1동
다사51255600,서대문구,홍은1동
다사51255625,서대문구,홍은1동
다사51255650,서대문구,홍은1동
다사51255475,서대문구,홍제3동
다사51255500,서대문구,홍제3동
다사51255525,서대문구,홍제3동
다사51255550,서대문구,홍은1동
다사51255775,은평구,불광1동
다사51255800,은평구,불광1동
다사51255825,은평구,불광1동
다사51255850,은평구,불광1동
다사51255675,은평구,불광1동
다사51255700,은평구,불광1동
다사51255725,은평구,불광1동
다사51255750,은평구,불광1동
다사51504300,관악구,중앙동
다사51504325,관악구,성현동
다사51504350,관악구,성현동
다사51504375,동작구,상도1동
다사51504200,관악구,낙성대동
다사51504225,관악구,낙성대동
다사51504250,관악구,중앙동
다사51504275,관악구,중앙동
다사51504500,동작구,상도1동
다사51504525,동작구,상도1동
다사51504550,동작구,노량진1동
다사51504575,동작구,노량진1동
다사51504400,동작구,상도1동
다사51504425,동작구,상도1동
다사51504450,동작구,상도1동
다사51504475,동작구,상도1동
다사51503900,관악구,대학동
다사51503925,관악구,대학동
다사51503950,관악구,대학동
다사51503975,관악구,대학동
다사51503800,관악구,대학동
다사51503825,관악구,대학동
다사51503850,관악구,대학동
다사51503875,관악구,대학동
다사51504100,관악구,대학동
다사51504125,관악구,대학동
다사51504150,관악구,청룡동
다사51504175,관악구,청룡동
다사51504000,관악구,대학동
다사51504025,관악구,대학동
다사51504050,관악구,대학동
다사51504075,관악구,대학동
다사51254375,관악구,성현동
다사51254400,동작구,상도1동
다사51254425,동작구,상도1동
다사51254450,동작구,상도1동
다사51254275,관악구,중앙동
다사51254300,관악구,중앙동
다사51254325,관악구,성현동
다사51254350,관악구,성현동
다사51254575,동작구,노량진1동
다사51254600,동작구,노량진1동
다사51254625,동작구,노량진1동
다사51254650,동작구,노량진1동
다사51254475,동작구,상도1동
다사51254500,동작구,상도1동
다사51254525,동작구,상도2동
다사51254550,동작구,노량진1동
다사51253975,관악구,대학동
다사51254000,관악구,대학동
다사51254025,관악구,대학동
다사51254050,관악구,대학동
다사51253875,관악구,대학동
다사51253900,관악구,대학동
다사51253925,관악구,대학동
다사51253950,관악구,대학동
다사51254175,관악구,청룡동
다사51254200,관악구,청룡동
다사51254225,관악구,청룡동
다사51254250,관악구,청룡동
다사51254075,관악구,대학동
다사51254100,관악구,대학동
다사51254125,관악구,대학동
다사51254150,관악구,청룡동
다사51255175,서대문구,충현동
다사51255200,서대문구,신촌동
다사51255225,서대문구,홍제1동
다사51255250,서대문구,홍제1동
다사51255075,마포구,아현동
다사51255100,서대문구,북아현동
다사51255125,서대문구,신촌동
다사51255150,서대문구,충현동
다사51255375,서대문구,홍제1동
다사51255400,서대문구,홍제2동
다사51255425,서대문구,홍제2동
다사51255450,서대문구,홍제3동
다사51255275,서대문구,홍제1동
다사51255300,서대문구,홍제1동
다사51255325,서대문구,홍제1동
다사51255350,서대문구,홍제1동
다사51254775,용산구,이촌2동
다사51254800,용산구,원효로2동
다사51254825,용산구,원효로2동
다사51254850,용산구,원효로2동
다사51254675,용산구,이촌2동
다사51254700,용산구,이촌2동
다사51254725,용산구,이촌2동
다사51254750,용산구,이촌2동
다사51254975,마포구,아현동
다사51255000,마포구,염리동
다사51255025,마포구,염리동
다사51255050,마포구,염리동
다사51254875,마포구,도화동
다사51254900,마포구,도화동
다사51254925,마포구,용강동
다사51254950,마포구,아현동
다사51005250,서대문구,신촌동
다사51005275,서대문구,신촌동
다사51005300,서대문구,신촌동
다사51005325,서대문구,홍제1동
다사51005150,서대문구,신촌동
다사51005175,서대문구,신촌동
다사51005200,서대문구,신촌동
다사51005225,서대문구,신촌동
다사51005450,서대문구,홍제3동
다사51005475,서대문구,홍제3동
다사51005500,서대문구,홍은1동
다사51005525,서대문구,홍은1동
다사51005350,서대문구,홍제1동
다사51005375,서대문구,홍제1동
다사51005400,서대문구,홍제1동
다사51005425,서대문구,홍제2동
다사51004850,용산구,원효로2동
다사51004875,마포구,도화동
다사51004900,마포구,용강동
다사51004925,마포구,용강동
다사51004750,영등포구,여의동
다사51004775,영등포구,여의동
다사51004800,용산구,원효로2동
다사51004825,용산구,원효로2동
다사51005050,마포구,염리동
다사51005075,마포구,염리동
다사51005100,서대문구,신촌동
다사51005125,서대문구,신촌동
다사51004950,마포구,염리동
다사51004975,마포구,염리동
다사51005000,마포구,염리동
다사51005025,마포구,염리동
다사51006050,은평구,진관동
다사51006075,은평구,진관동
다사51006100,은평구,진관동
다사51006125,은평구,진관동
다사51005950,은평구,진관동
다사51005975,은평구,진관동
다사51006000,은평구,진관동
다사51006025,은평구,진관동
다사51253775,관악구,대학동
다사51253800,관악구,대학동
다사51253825,관악구,대학동
다사51253850,관악구,대학동
다사51006150,은평구,진관동
다사51006175,은평구,진관동
다사51006200,은평구,진관동
다사51006225,은평구,진관동
다사51005650,은평구,녹번동
다사51005675,은평구,불광1동
다사51005700,은평구,불광1동
다사51005725,은평구,불광1동
다사51005550,서대문구,홍은1동
다사51005575,서대문구,홍은1동
다사51005600,서대문구,홍은1동
다사51005625,서대문구,홍은1동
다사51005850,은평구,불광1동
다사51005875,은평구,진관동
다사51005900,은평구,진관동
다사51005925,은평구,진관동
다사51005750,은평구,불광1동
다사51005775,은평구,불광1동
다사51005800,은평구,불광1동
다사51005825,은평구,불광1동
다사50756125,은평구,진관동
다사50756150,은평구,진관동
다사50756175,은평구,진관동
다사50756200,은평구,진관동
다사50756025,은평구,진관동
다사50756050,은평구,진관동
다사50756075,은평구,진관동
다사50756100,은평구,진관동
다사51003850,관악구,대학동
다사51003875,관악구,대학동
다사51003900,관악구,대학동
다사51003925,관악구,대학동
다사51003750,관악구,대학동
다사51003775,관악구,대학동
다사51003800,관악구,대학동
다사51003825,관악구,대학동
다사50755725,은평구,불광1동
다사50755750,은평구,불광1동
다사50755775,은평구,불광1동
다사50755800,은평구,불광1동
다사50755625,은평구,녹번동
다사50755650,은평구,녹번동
다사50755675,은평구,녹번동
다사50755700,은평구,불광1동
다사50755925,은평구,진관동
다사50755950,은평구,진관동
다사50755975,은평구,진관동
다사50756000,은평구,진관동
다사50755825,은평구,불광1동
다사50755850,은평구,진관동
다사50755875,은평구,진관동
다사50755900,은평구,진관동
다사51004450,동작구,상도2동
다사51004475,동작구,상도1동
다사51004500,동작구,상도2동
다사51004525,동작구,상도2동
다사51004350,관악구,성현동
다사51004375,관악구,성현동
다사51004400,동작구,상도4동
다사51004425,동작구,상도4동
다사51004650,영등포구,여의동
다사51004675,영등포구,여의동
다사51004700,영등포구,여의동
다사51004725,영등포구,여의동
다사51004550,동작구,노량진1동
다사51004575,동작구,노량진1동
다사51004600,동작구,노량진1동
다사51004625,동작구,노량진1동
다사51004050,관악구,대학동
다사51004075,관악구,대학동
다사51004100,관악구,대학동
다사51004125,관악구,대학동
다사51003950,관악구,대학동
다사51003975,관악구,대학동
다사51004000,관악구,대학동
다사51004025,관악구,대학동
다사51004250,관악구,청룡동
다사51004275,관악구,중앙동
다사51004300,관악구,중앙동
다사51004325,관악구,성현동
다사51004150,관악구,대학동
다사51004175,관악구,청룡동
다사51004200,관악구,청룡동
다사51004225,관악구,청룡동
다사50754525,동작구,상도2동
다사50754550,동작구,노량진1동
다사50754575,동작구,노량진1동
다사50754600,동작구,노량진1동
다사50754425,동작구,상도4동
다사50754450,동작구,상도4동
다사50754475,동작구,상도2동
다사50754500,동작구,상도2동
다사50754725,영등포구,여의동
다사50754750,영등포구,여의동
다사50754775,영등포구,여의동
다사50754800,영등포구,여의동
다사50754625,동작구,노량진1동
다사50754650,영등포구,여의동
다사50754675,영등포구,여의동
다사50754700,영등포구,여의동
다사50754125,관악구,서림동
다사50754150,관악구,서림동
다사50754175,관악구,청룡동
다사50754200,관악구,청룡동
다사50754025,관악구,대학동
다사50754050,관악구,대학동
다사50754075,관악구,대학동
다사50754100,관악구,대학동
다사50754325,관악구,은천동
다사50754350,관악구,은천동
다사50754375,동작구,상도4동
다사50754400,동작구,상도4동
다사50754225,관악구,청룡동
다사50754250,관악구,청룡동
다사50754275,관악구,은천동
다사50754300,관악구,은천동
다사50755325,서대문구,연희동
다사50755350,서대문구,홍제1동
다사50755375,서대문구,홍제1동
다사50755400,서대문구,홍제1동
다사50755225,서대문구,신촌동
다사50755250,서대문구,연희동
다사50755275,서대문구,신촌동
다사50755300,서대문구,연희동
다사50755525,서대문구,홍은1동
다사50755550,서대문구,홍은1동
다사50755575,서대문구,홍은1동
다사50755600,서대문구,홍은1동
다사50755425,서대문구,홍제1동
다사50755450,서대문구,홍제3동
다사50755475,서대문구,홍은1동
다사50755500,서대문구,홍은1동
다사50754925,마포구,용강동
다사50754950,마포구,용강동
다사50754975,마포구,염리동
다사50755000,마포구,대흥동
다사50754825,영등포구,여의동
다사50754850,마포구,도화동
다사50754875,마포구,도화동
다사50754900,마포구,용강동
다사50755125,서대문구,신촌동
다사50755150,서대문구,신촌동
다사50755175,서대문구,신촌동
다사50755200,서대문구,신촌동
다사50755025,마포구,대흥동
다사50755050,마포구,대흥동
다사50755075,마포구,대흥동
다사50755100,서대문구,신촌동
다사50505400,서대문구,홍제1동
다사50505425,서대문구,홍제1동
다사50505450,서대문구,홍제1동
다사50505475,서대문구,홍은2동
다사50505300,서대문구,연희동
다사50505325,서대문구,연희동
다사50505350,서대문구,연희동
다사50505375,서대문구,연희동
다사50505600,은평구,녹번동
다사50505625,은평구,녹번동
다사50505650,은평구,녹번동
다사50505675,은평구,녹번동
다사50505500,서대문구,홍은2동
다사50505525,서대문구,홍은1동
다사50505550,은평구,녹번동
다사50505575,은평구,녹번동
다사50505000,마포구,대흥동
다사50505025,마포구,대흥동
다사50505050,마포구,대흥동
다사50505075,마포구,대흥동
다사50504900,마포구,용강동
다사50504925,마포구,용강동
다사50504950,마포구,용강동
다사50504975,마포구,대흥동
다사50505200,서대문구,신촌동
다사50505225,서대문구,신촌동
다사50505250,서대문구,연희동
다사50505275,서대문구,연희동
다사50505100,서대문구,신촌동
다사50505125,서대문구,신촌동
다사50505150,서대문구,신촌동
다사50505175,서대문구,신촌동
다사50506200,은평구,진관동
다사50753750,관악구,대학동
다사50753775,관악구,대학동
다사50753800,관악구,대학동
다사50506100,은평구,진관동
다사50506125,은평구,진관동
다사50506150,은평구,진관동
다사50506175,은평구,진관동
다사50753925,관악구,대학동
다사50753950,관악구,대학동
다사50753975,관악구,대학동
다사50754000,관악구,대학동
다사50753825,관악구,대학동
다사50753850,관악구,대학동
다사50753875,관악구,대학동
다사50753900,관악구,대학동
다사50505800,은평구,불광1동
다사50505825,은평구,불광1동
다사50505850,은평구,불광2동
다사50505875,은평구,진관동
다사50505700,은평구,불광1동
다사50505725,은평구,불광1동
다사50505750,은평구,불광1동
다사50505775,은평구,불광1동
다사50506000,은평구,진관동
다사50506025,은평구,진관동
다사50506050,은평구,진관동
다사50506075,은평구,진관동
다사50505900,은평구,진관동
다사50505925,은평구,진관동
다사50505950,은평구,진관동
다사50505975,은평구,진관동
다사50503800,관악구,대학동
다사50503825,관악구,대학동
다사50503850,관악구,대학동
다사50503875,관악구,대학동
다사50256150,은평구,진관동
다사50256175,은평구,진관동
다사50503750,관악구,대학동
다사50503775,관악구,대학동
다사50504000,관악구,대학동
다사50504025,관악구,대학동
다사50504050,관악구,대학동
다사50504075,관악구,대학동
다사50503900,관악구,대학동
다사50503925,관악구,대학동
다사50503950,관악구,대학동
다사50503975,관악구,대학동
다사50255850,은평구,불광2동
다사50255875,은평구,진관동
다사50255900,은평구,진관동
다사50255925,은평구,진관동
다사50255750,은평구,불광1동
다사50255775,은평구,불광1동
다사50255800,은평구,불광2동
다사50255825,은평구,불광2동
다사50256050,은평구,진관동
다사50256075,은평구,진관동
다사50256100,은평구,진관동
다사50256125,은평구,진관동
다사50255950,은평구,진관동
다사50255975,은평구,진관동
다사50256000,은평구,진관동
다사50256025,은평구,진관동
다사50504600,동작구,노량진1동
다사50504625,동작구,노량진1동
다사50504650,영등포구,여의동
다사50504675,영등포구,여의동
다사50504500,동작구,상도2동
다사50504525,동작구,노량진1동
다사50504550,동작구,노량진2동
다사50504575,동작구,노량진1동
다사50504800,영등포구,여의동
다사50504825,영등포구,여의동
다사50504850,영등포구,여의동
다사50504875,마포구,용강동
다사50504700,영등포구,여의동
다사50504725,영등포구,여의동
다사50504750,영등포구,여의동
다사50504775,영등포구,여의동
다사50504200,관악구,청룡동
다사50504225,관악구,청룡동
다사50504250,관악구,청룡동
다사50504275,관악구,은천동
다사50504100,관악구,대학동
다사50504125,관악구,대학동
다사50504150,관악구,서림동
다사50504175,관악구,서림동
다사50504400,동작구,상도4동
다사50504425,동작구,상도4동
다사50504450,동작구,상도4동
다사50504475,동작구,상도2동
다사50504300,관악구,은천동
다사50504325,관악구,은천동
다사50504350,관악구,은천동
다사50504375,동작구,상도4동
다사50254650,영등포구,여의동
다사50254675,영등포구,여의동
다사50254700,영등포구,여의동
다사50254725,영등포구,여의동
다사50254550,동작구,노량진2동
다사50254575,동작구,노량진2동
다사50254600,동작구,노량진2동
다사50254625,동작구,노량진2동
다사50254850,영등포구,여의동
다사50254875,마포구,용강동
다사50254900,마포구,용강동
다사50254925,마포구,용강동
다사50254750,영등포구,여의동
다사50254775,영등포구,여의동
다사50254800,영등포구,여의동
다사50254825,영등포구,여의동
다사50254250,관악구,청룡동
다사50254275,관악구,청룡동
다사50254300,관악구,은천동
다사50254325,관악구,보라매동
다사50254150,관악구,서림동
다사50254175,관악구,서림동
다사50254200,관악구,서림동
다사50254225,관악구,청룡동
다사50254450,동작구,상도4동
다사50254475,동작구,상도2동
다사50254500,동작구,상도2동
다사50254525,동작구,노량진2동
다사50254350,관악구,보라매동
다사50254375,동작구,상도3동
다사50254400,동작구,상도4동
다사50254425,동작구,상도4동
다사50255450,서대문구,홍은2동
다사50255475,서대문구,홍은2동
다사50255500,서대문구,홍은2동
다사50255525,서대문구,홍은2동
다사50255350,서대문구,연희동
다사50255375,서대문구,홍제1동
다사50255400,서대문구,홍제1동
다사50255425,서대문구,홍제1동
다사50255650,은평구,녹번동
다사50255675,은평구,녹번동
다사50255700,은평구,불광1동
다사50255725,은평구,불광1동
다사50255550,은평구,녹번동
다사50255575,은평구,녹번동
다사50255600,은평구,녹번동
다사50255625,은평구,녹번동
다사50255050,마포구,대흥동
다사50255075,서대문구,신촌동
다사50255100,서대문구,신촌동
다사50255125,서대문구,신촌동
다사50254950,마포구,신수동
다사50254975,마포구,신수동
다사50255000,마포구,신수동
다사50255025,마포구,대흥동
다사50255250,서대문구,연희동
다사50255275,서대문구,연희동
다사50255300,서대문구,연희동
다사50255325,서대문구,연희동
다사50255150,서대문구,신촌동
다사50255175,서대문구,신촌동
다사50255200,서대문구,신촌동
다사50255225,서대문구,연희동
다사50005450,서대문구,홍은2동
다사50005475,서대문구,홍은2동
다사50005500,서대문구,홍은2동
다사50005525,서대문구,홍은2동
다사50005350,서대문구,홍은2동
다사50005375,서대문구,홍은2동
다사50005400,서대문구,홍은2동
다사50005425,서대문구,홍은2동
다사50005650,은평구,녹번동
다사50005675,은평구,불광1동
다사50005700,은평구,불광1동
다사50005725,은평구,불광1동
다사50005550,은평구,응암1동
다사50005575,은평구,녹번동
다사50005600,은평구,녹번동
다사50005625,은평구,녹번동
다사50005050,마포구,대흥동
다사50005075,서대문구,신촌동
다사50005100,서대문구,신촌동
다사50005125,서대문구,신촌동
다사50004950,마포구,신수동
다사50004975,마포구,신수동
다사50005000,마포구,신수동
다사50005025,마포구,신수동
다사50005250,서대문구,연희동
다사50005275,서대문구,연희동
다사50005300,서대문구,연희동
다사50005325,서대문구,연희동
다사50005150,서대문구,신촌동
다사50005175,서대문구,신촌동
다사50005200,서대문구,연희동
다사50005225,서대문구,연희동
다사50253850,관악구,대학동
다사50253875,관악구,대학동
다사50253900,관악구,대학동
다사50253925,관악구,대학동
다사50253750,관악구,대학동
다사50253775,관악구,대학동
다사50253800,관악구,대학동
다사50253825,관악구,대학동
다사50254050,관악구,대학동
다사50254075,관악구,대학동
다사50254100,관악구,대학동
다사50254125,관악구,대학동
다사50253950,관악구,대학동
다사50253975,관악구,대학동
다사50254000,관악구,대학동
다사50254025,관악구,대학동
다사50005850,은평구,불광2동
다사50005875,은평구,진관동
다사50005900,은평구,진관동
다사50005925,은평구,진관동
다사50005750,은평구,불광1동
다사50005775,은평구,불광1동
다사50005800,은평구,불광2동
다사50005825,은평구,불광2동
다사50006050,은평구,진관동
다사50006075,은평구,진관동
다사50006100,은평구,진관동
다사50006125,은평구,진관동
다사50005950,은평구,진관동
다사50005975,은평구,진관동
다사50006000,은평구,진관동
다사50006025,은평구,진관동
다사50003850,관악구,대학동
다사50003875,관악구,대학동
다사50003900,관악구,대학동
다사50003925,관악구,대학동
다사49756125,은평구,진관동
다사50003775,관악구,대학동
다사50003800,관악구,대학동
다사50003825,관악구,대학동
다사50004050,관악구,대학동
다사50004075,관악구,대학동
다사50004100,관악구,대학동
다사50004125,관악구,대학동
다사50003950,관악구,삼성동
다사50003975,관악구,삼성동
다사50004000,관악구,삼성동
다사50004025,관악구,삼성동
다사49755825,은평구,불광2동
다사49755850,은평구,불광2동
다사49755875,은평구,진관동
다사49755900,은평구,진관동
다사49755725,은평구,불광1동
다사49755750,은평구,불광1동
다사49755775,은평구,불광1동
다사49755800,은평구,불광1동
다사49756025,은평구,진관동
다사49756050,은평구,진관동
다사49756075,은평구,진관동
다사49756100,은평구,진관동
다사49755925,은평구,진관동
다사49755950,은평구,진관동
다사49755975,은평구,진관동
다사49756000,은평구,진관동
다사50004650,영등포구,여의동
다사50004675,영등포구,여의동
다사50004700,영등포구,여의동
다사50004725,영등포구,여의동
다사50004550,동작구,노량진2동
다사50004575,동작구,노량진2동
다사50004600,동작구,노량진2동
다사50004625,동작구,노량진2동
다사50004850,영등포구,여의동
다사50004875,영등포구,여의동
다사50004900,마포구,신수동
다사50004925,마포구,신수동
다사50004750,영등포구,여의동
다사50004775,영등포구,여의동
다사50004800,영등포구,여의동
다사50004825,영등포구,여의동
다사50004250,관악구,서원동
다사50004275,관악구,서원동
다사50004300,관악구,은천동
다사50004325,관악구,보라매동
다사50004150,관악구,서림동
다사50004175,관악구,서림동
다사50004200,관악구,서원동
다사50004225,관악구,서원동
다사50004450,동작구,상도4동
다사50004475,동작구,상도4동
다사50004500,동작구,상도2동
다사50004525,동작구,상도2동
다사50004350,관악구,보라매동
다사50004375,동작구,상도3동
다사50004400,동작구,상도3동
다사50004425,동작구,상도4동
다사49754625,동작구,대방동
다사49754650,영등포구,여의동
다사49754675,영등포구,여의동
다사49754700,영등포구,여의동
다사49754525,동작구,대방동
다사49754550,동작구,대방동
다사49754575,동작구,대방동
다사49754600,동작구,대방동
다사49754825,영등포구,여의동
다사49754850,영등포구,여의동
다사49754875,영등포구,여의동
다사49754900,영등포구,여의동
다사49754725,영등포구,여의동
다사49754750,영등포구,여의동
다사49754775,영등포구,여의동
다사49754800,영등포구,여의동
다사49754225,관악구,서원동
다사49754250,관악구,서원동
다사49754275,관악구,서원동
다사49754300,관악구,신림동
다사49754125,관악구,삼성동
다사49754150,관악구,삼성동
다사49754175,관악구,서림동
다사49754200,관악구,서원동
다사49754425,동작구,상도3동
다사49754450,동작구,상도4동
다사49754475,동작구,상도3동
다사49754500,동작구,상도2동
다사49754325,관악구,보라매동
다사49754350,관악구,보라매동
다사49754375,관악구,보라매동
다사49754400,동작구,상도3동
다사49755425,서대문구,홍은2동
다사49755450,서대문구,홍은2동
다사49755475,서대문구,홍은2동
다사49755500,서대문구,홍은2동
다사49755325,서대문구,연희동
다사49755350,서대문구,홍은2동
다사49755375,서대문구,홍은2동
다사49755400,서대문구,홍은2동
다사49755625,은평구,녹번동
다사49755650,은평구,녹번동
다사49755675,은평구,불광1동
다사49755700,은평구,불광1동
다사49755525,은평구,응암1동
다사49755550,은평구,응암1동
다사49755575,은평구,응암1동
다사49755600,은평구,녹번동
다사49755025,마포구,서강동
다사49755050,마포구,서강동
다사49755075,마포구,서교동
다사49755100,서대문구,신촌동
다사49754925,마포구,신수동
다사49754950,마포구,신수동
다사49754975,마포구,신수동
다사49755000,마포구,서강동
다사49755225,서대문구,연희동
다사49755250,서대문구,연희동
다사49755275,서대문구,연희동
다사49755300,서대문구,연희동
다사49755125,서대문구,신촌동
다사49755150,서대문구,연희동
다사49755175,서대문구,연희동
다사49755200,서대문구,연희동
다사49505350,서대문구,홍은2동
다사49505375,서대문구,홍은2동
다사49505400,서대문구,홍은2동
다사49505425,서대문구,홍은2동
다사49505250,서대문구,연희동
다사49505275,서대문구,연희동
다사49505300,서대문구,연희동
다사49505325,서대문구,홍은2동
다사49505550,은평구,응암1동
다사49505575,은평구,응암1동
다사49505600,은평구,녹번동
다사49505625,은평구,녹번동
다사49505450,서대문구,홍은2동
다사49505475,서대문구,홍은2동
다사49505500,은평구,응암1동
다사49505525,은평구,응암1동
다사49504950,마포구,서강동
다사49504975,마포구,서강동
다사49505000,마포구,서강동
다사49505025,마포구,서강동
다사49504850,영등포구,여의동
다사49504875,영등포구,여의동
다사49504900,영등포구,여의동
다사49504925,마포구,신수동
다사49505150,서대문구,연희동
다사49505175,서대문구,연희동
다사49505200,서대문구,연희동
다사49505225,서대문구,연희동
다사49505050,마포구,서강동
다사49505075,마포구,서교동
다사49505100,서대문구,신촌동
다사49505125,서대문구,신촌동
다사49753825,관악구,대학동
다사49753850,관악구,대학동
다사49753875,관악구,대학동
다사49753900,관악구,삼성동
다사49506050,은평구,진관동
다사49506075,은평구,진관동
다사49506100,은평구,진관동
다사49506125,은평구,진관동
다사49754025,관악구,삼성동
다사49754050,관악구,삼성동
다사49754075,관악구,대학동
다사49754100,관악구,대학동
다사49753925,관악구,삼성동
다사49753950,관악구,삼성동
다사49753975,관악구,삼성동
다사49754000,관악구,삼성동
다사49505750,은평구,불광1동
다사49505775,은평구,불광1동
다사49505800,은평구,불광1동
다사49505825,은평구,불광2동
다사49505650,은평구,녹번동
다사49505675,은평구,대조동
다사49505700,은평구,불광1동
다사49505725,은평구,불광1동
다사49505950,은평구,진관동
다사49505975,은평구,진관동
다사49506000,은평구,진관동
다사49506025,은평구,진관동
다사49505850,은평구,불광2동
다사49505875,은평구,불광2동
다사49505900,은평구,진관동
다사49505925,은평구,진관동
다사49256025,은평구,진관동
다사49256050,은평구,진관동
다사49256075,은평구,진관동
다사49256100,은평구,진관동
다사49255925,은평구,진관동
다사49255950,은평구,진관동
다사49255975,은평구,진관동
다사49256000,은평구,진관동
다사49503950,관악구,삼성동
다사49503975,관악구,삼성동
다사49504000,관악구,삼성동
다사49504025,관악구,삼성동
다사49503850,관악구,대학동
다사49503875,관악구,대학동
다사49503900,관악구,삼성동
다사49503925,관악구,삼성동
다사49255625,은평구,녹번동
다사49255650,은평구,녹번동
다사49255675,은평구,대조동
다사49255700,은평구,대조동
다사49255525,은평구,응암1동
다사49255550,은평구,응암1동
다사49255575,은평구,응암1동
다사49255600,은평구,녹번동
다사49255825,은평구,불광2동
다사49255850,은평구,불광2동
다사49255875,은평구,불광2동
다사49255900,은평구,진관동
다사49255725,은평구,대조동
다사49255750,은평구,불광1동
다사49255775,은평구,불광1동
다사49255800,은평구,불광1동
다사49504550,동작구,대방동
다사49504575,동작구,대방동
다사49504600,동작구,대방동
다사49504625,동작구,대방동
다사49504450,동작구,대방동
다사49504475,동작구,상도3동
다사49504500,동작구,대방동
다사49504525,동작구,대방동
다사49504750,영등포구,여의동
다사49504775,영등포구,여의동
다사49504800,영등포구,여의동
다사49504825,영등포구,여의동
다사49504650,영등포구,여의동
다사49504675,영등포구,여의동
다사49504700,영등포구,여의동
다사49504725,영등포구,여의동
다사49504150,관악구,삼성동
다사49504175,관악구,서림동
다사49504200,관악구,신원동
다사49504225,관악구,신원동
다사49504050,관악구,삼성동
다사49504075,관악구,삼성동
다사49504100,관악구,삼성동
다사49504125,관악구,삼성동
다사49504350,관악구,보라매동
다사49504375,관악구,보라매동
다사49504400,동작구,상도3동
다사49504425,동작구,상도3동
다사49504250,관악구,서원동
다사49504275,관악구,서원동
다사49504300,관악구,신림동
다사49504325,관악구,신림동
다사49254425,동작구,신대방2동
다사49254450,동작구,대방동
다사49254475,동작구,대방동
다사49254500,동작구,대방동
다사49254325,관악구,신림동
다사49254350,관악구,보라매동
다사49254375,관악구,보라매동
다사49254400,동작구,신대방2동
다사49254625,동작구,대방동
다사49254650,영등포구,여의동
다사49254675,영등포구,여의동
다사49254700,영등포구,여의동
다사49254525,동작구,대방동
다사49254550,동작구,대방동
다사49254575,동작구,대방동
다사49254600,동작구,대방동
다사49254025,관악구,삼성동
다사49254050,관악구,삼성동
다사49254075,관악구,삼성동
다사49254100,관악구,삼성동
다사49253925,관악구,삼성동
다사49253950,관악구,삼성동
다사49253975,관악구,삼성동
다사49254000,관악구,삼성동
다사49254225,관악구,신원동
다사49254250,관악구,신원동
다사49254275,관악구,서원동
다사49254300,관악구,신림동
다사49254125,관악구,삼성동
다사49254150,관악구,삼성동
다사49254175,관악구,신원동
다사49254200,관악구,신원동
다사49255225,서대문구,연희동
다사49255250,서대문구,연희동
다사49255275,서대문구,연희동
다사49255300,서대문구,남가좌2동
다사49255125,서대문구,신촌동
다사49255150,마포구,연남동
다사49255175,서대문구,연희동
다사49255200,서대문구,연희동
다사49255425,서대문구,홍은2동
다사49255450,은평구,응암2동
다사49255475,은평구,응암2동
다사49255500,은평구,응암1동
다사49255325,서대문구,홍은2동
다사49255350,서대문구,홍은2동
다사49255375,서대문구,홍은2동
다사49255400,서대문구,홍은2동
다사49254825,영등포구,여의동
다사49254850,영등포구,여의동
다사49254875,영등포구,여의동
다사49254900,마포구,서강동
다사49254725,영등포구,여의동
다사49254750,영등포구,여의동
다사49254775,영등포구,여의동
다사49254800,영등포구,여의동
다사49255025,마포구,서강동
다사49255050,마포구,서강동
다사49255075,마포구,서교동
다사49255100,마포구,서교동
다사49254925,마포구,서강동
다사49254950,마포구,서강동
다사49254975,마포구,서강동
다사49255000,마포구,서강동
다사49005050,마포구,서교동
다사49005075,마포구,서교동
다사49005100,마포구,서교동
다사49005125,마포구,서교동
다사49004950,마포구,서강동
다사49004975,마포구,서강동
다사49005000,마포구,서강동
다사49005025,마포구,서교동
다사49005250,서대문구,연희동
다사49005275,서대문구,남가좌2동
다사49005300,서대문구,남가좌2동
다사49005325,서대문구,남가좌2동
다사49005150,마포구,연남동
다사49005175,마포구,연남동
다사49005200,서대문구,연희동
다사49005225,서대문구,연희동
다사49004650,영등포구,여의동
다사49004675,영등포구,여의동
다사49004700,영등포구,여의동
다사49004725,영등포구,여의동
다사49004550,동작구,대방동
다사49004575,영등포구,신길7동
다사49004600,영등포구,신길7동
다사49004625,영등포구,신길1동
다사49004850,영등포구,여의동
다사49004875,영등포구,여의동
다사49004900,영등포구,여의동
다사49004925,마포구,서강동
다사49004750,영등포구,여의동
다사49004775,영등포구,여의동
다사49004800,영등포구,여의동
다사49004825,영등포구,여의동
다사49005850,은평구,불광2동
다사49005875,은평구,불광2동
다사49005900,은평구,진관동
다사49005925,은평구,진관동
다사49005750,은평구,불광1동
다사49005775,은평구,불광1동
다사49005800,은평구,불광2동
다사49005825,은평구,불광2동
다사49006050,은평구,진관동
다사49006075,은평구,진관동
다사49253875,금천구,시흥2동
다사49253900,금천구,시흥2동
다사49005950,은평구,진관동
다사49005975,은평구,진관동
다사49006000,은평구,진관동
다사49006025,은평구,진관동
다사49005450,은평구,응암2동
다사49005475,은평구,응암2동
다사49005500,은평구,응암2동
다사49005525,은평구,응암2동
다사49005350,서대문구,남가좌2동
다사49005375,서대문구,남가좌2동
다사49005400,서대문구,홍은2동
다사49005425,은평구,응암2동
다사49005650,은평구,대조동
다사49005675,은평구,대조동
다사49005700,은평구,대조동
다사49005725,은평구,대조동
다사49005550,은평구,응암1동
다사49005575,은평구,응암1동
다사49005600,은평구,녹번동
다사49005625,은평구,녹번동
다사48755700,은평구,대조동
다사48755725,은평구,대조동
다사48755750,은평구,대조동
다사48755775,은평구,갈현1동
다사48755600,은평구,역촌동
다사48755625,은평구,역촌동
다사48755650,은평구,역촌동
다사48755675,은평구,대조동
다사48755900,은평구,진관동
다사48755925,은평구,진관동
다사48755950,은평구,진관동
다사48755975,은평구,진관동
다사48755800,은평구,불광2동
다사48755825,은평구,불광2동
다사48755850,은평구,불광2동
다사48755875,은평구,불광2동
다사48755300,서대문구,남가좌2동
다사48755325,서대문구,남가좌2동
다사48755350,서대문구,남가좌2동
다사48755375,서대문구,남가좌2동
다사48755200,서대문구,연희동
다사48755225,서대문구,연희동
다사48755250,서대문구,남가좌1동
다사48755275,서대문구,남가좌2동
다사48755500,은평구,응암2동
다사48755525,은평구,응암2동
다사48755550,은평구,응암1동
다사48755575,은평구,응암1동
다사48755400,은평구,응암3동
다사48755425,은평구,응암3동
다사48755450,은평구,응암2동
다사48755475,은평구,응암2동
다사49004250,관악구,신원동
다사49004275,관악구,신사동
다사49004300,관악구,신림동
다사49004325,관악구,신림동
다사49004150,관악구,난곡동
다사49004175,관악구,난곡동
다사49004200,관악구,신원동
다사49004225,관악구,신원동
다사49004450,동작구,대방동
다사49004475,동작구,대방동
다사49004500,동작구,대방동
다사49004525,동작구,대방동
다사49004350,동작구,신대방2동
다사49004375,동작구,신대방2동
다사49004400,동작구,신대방2동
다사49004425,동작구,신대방2동
다사49003850,금천구,시흥2동
다사49003875,금천구,시흥2동
다사49003900,금천구,시흥2동
다사49003925,금천구,시흥2동
다사48756000,은평구,진관동
다사48756025,은평구,진관동
다사48756050,은평구,진관동
다사48756075,은평구,진관동
다사49004050,관악구,삼성동
다사49004075,관악구,삼성동
다사49004100,관악구,난곡동
다사49004125,관악구,난곡동
다사49003950,관악구,삼성동
다사49003975,관악구,삼성동
다사49004000,관악구,삼성동
다사49004025,관악구,삼성동
다사48754100,관악구,난곡동
다사48754125,관악구,난곡동
다사48754150,관악구,난곡동
다사48754175,관악구,난곡동
다사48754000,관악구,난향동
다사48754025,관악구,난향동
다사48754050,관악구,난향동
다사48754075,관악구,난곡동
다사48754300,관악구,신사동
다사48754325,관악구,신사동
다사48754350,동작구,신대방2동
다사48754375,동작구,신대방2동
다사48754200,관악구,미성동
다사48754225,관악구,미성동
다사48754250,관악구,미성동
다사48754275,관악구,신사동
다사48506000,은평구,진관동
다사48506025,은평구,진관동
다사48506050,은평구,진관동
다사48506075,은평구,진관동
다사48505900,은평구,진관동
다사48505925,은평구,진관동
다사48505950,은평구,진관동
다사48505975,은평구,진관동
다사48753900,금천구,시흥2동
다사48753925,금천구,시흥2동
다사48753950,금천구,시흥2동
다사48753975,금천구,시흥2동
다사48753800,금천구,시흥5동
다사48753825,금천구,시흥5동
다사48753850,금천구,시흥2동
다사48753875,금천구,시흥2동
다사48754900,영등포구,여의동
다사48754925,마포구,서강동
다사48754950,마포구,서강동
다사48754975,마포구,서강동
다사48754800,영등포구,여의동
다사48754825,영등포구,여의동
다사48754850,영등포구,여의동
다사48754875,영등포구,여의동
다사48755100,마포구,서교동
다사48755125,마포구,연남동
다사48755150,마포구,연남동
다사48755175,마포구,연남동
다사48755000,마포구,서교동
다사48755025,마포구,서교동
다사48755050,마포구,서교동
다사48755075,마포구,서교동
다사48754500,영등포구,신길7동
다사48754525,영등포구,신길7동
다사48754550,영등포구,신길1동
다사48754575,영등포구,신길1동
다사48754400,동작구,신대방2동
다사48754425,동작구,신대방2동
다사48754450,동작구,대방동
다사48754475,동작구,대방동
다사48754700,영등포구,여의동
다사48754725,영등포구,여의동
다사48754750,영등포구,여의동
다사48754775,영등포구,여의동
다사48754600,영등포구,신길1동
다사48754625,영등포구,신길1동
다사48754650,영등포구,신길1동
다사48754675,영등포구,여의동
다사48504800,영등포구,여의동
다사48504825,영등포구,여의동
다사48504850,영등포구,여의동
다사48504875,영등포구,여의동
다사48504700,영등포구,여의동
다사48504725,영등포구,여의동
다사48504750,영등포구,여의동
다사48504775,영등포구,여의동
다사48505000,마포구,서교동
다사48505025,마포구,서교동
다사48505050,마포구,서교동
다사48505075,마포구,서교동
다사48504900,영등포구,여의동
다사48504925,마포구,서강동
다사48504950,마포구,서강동
다사48504975,마포구,합정동
다사48504400,동작구,신대방2동
다사48504425,동작구,신대방2동
다사48504450,영등포구,신길6동
다사48504475,영등포구,신길6동
다사48504300,관악구,신사동
다사48504325,관악구,신사동
다사48504350,동작구,신대방2동
다사48504375,동작구,신대방2동
다사48504600,영등포구,신길1동
다사48504625,영등포구,신길1동
다사48504650,영등포구,신길1동
다사48504675,영등포구,여의동
다사48504500,영등포구,신길7동
다사48504525,영등포구,신길7동
다사48504550,영등포구,신길1동
다사48504575,영등포구,신길1동
다사48505600,은평구,역촌동
다사48505625,은평구,역촌동
다사48505650,은평구,역촌동
다사48505675,은평구,역촌동
다사48505500,은평구,응암3동
다사48505525,은평구,응암1동
다사48505550,은평구,응암1동
다사48505575,은평구,역촌동
다사48505800,은평구,갈현1동
다사48505825,은평구,갈현1동
다사48505850,은평구,갈현1동
다사48505875,은평구,갈현1동
다사48505700,은평구,대조동
다사48505725,은평구,대조동
다사48505750,은평구,갈현2동
다사48505775,은평구,갈현2동
다사48505200,마포구,연남동
다사48505225,서대문구,남가좌1동
다사48505250,서대문구,남가좌1동
다사48505275,서대문구,남가좌1동
다사48505100,마포구,서교동
다사48505125,마포구,연남동
다사48505150,마포구,연남동
다사48505175,마포구,연남동
다사48505400,은평구,응암3동
다사48505425,은평구,응암3동
다사48505450,은평구,응암3동
다사48505475,은평구,응암2동
다사48505300,서대문구,남가좌2동
다사48505325,서대문구,남가좌2동
다사48505350,서대문구,북가좌2동
다사48505375,서대문구,북가좌2동
다사48255500,은평구,응암3동
다사48255525,은평구,신사1동
다사48255550,은평구,신사1동
다사48255575,은평구,역촌동
다사48255400,서대문구,북가좌2동
다사48255425,은평구,응암3동
다사48255450,은평구,응암3동
다사48255475,은평구,응암3동
다사48255700,은평구,구산동
다사48255725,은평구,갈현2동
다사48255750,은평구,갈현2동
다사48255775,은평구,갈현2동
다사48255600,은평구,역촌동
다사48255625,은평구,역촌동
다사48255650,은평구,구산동
다사48255675,은평구,구산동
다사48255100,마포구,서교동
다사48255125,마포구,성산1동
다사48255150,마포구,성산1동
다사48255175,마포구,성산1동
다사48255000,마포구,합정동
다사48255025,마포구,서교동
다사48255050,마포구,서교동
다사48255075,마포구,서교동
다사48255300,서대문구,남가좌2동
다사48255325,서대문구,북가좌2동
다사48255350,서대문구,북가좌2동
다사48255375,서대문구,북가좌2동
다사48255200,마포구,성산2동
다사48255225,서대문구,남가좌1동
다사48255250,서대문구,남가좌1동
다사48255275,서대문구,남가좌1동
다사48504000,관악구,난향동
다사48504025,관악구,난향동
다사48504050,관악구,난향동
다사48504075,관악구,난향동
다사48503900,금천구,시흥2동
다사48503925,금천구,시흥2동
다사48503950,금천구,시흥2동
다사48503975,금천구,시흥2동
다사48504200,관악구,미성동
다사48504225,관악구,미성동
다사48504250,관악구,미성동
다사48504275,관악구,신사동
다사48504100,관악구,난곡동
다사48504125,관악구,난곡동
다사48504150,관악구,난곡동
다사48504175,관악구,미성동
다사48255900,은평구,갈현1동
다사48255925,은평구,진관동
다사48255950,은평구,진관동
다사48255975,은평구,진관동
다사48255800,은평구,갈현1동
다사48255825,은평구,갈현1동
다사48255850,은평구,갈현1동
다사48255875,은평구,갈현1동
다사48503800,금천구,시흥5동
다사48503825,금천구,시흥5동
다사48503850,금천구,시흥2동
다사48503875,금천구,시흥2동
다사48256000,은평구,진관동
다사48256025,은평구,진관동
다사48256050,은평구,진관동
다사48256075,은평구,진관동
다사48253900,금천구,시흥2동
다사48253925,금천구,시흥2동
다사48253950,금천구,시흥5동
다사48253975,금천구,시흥5동
다사48253800,금천구,시흥5동
다사48253825,금천구,시흥5동
다사48253850,금천구,시흥5동
다사48253875,금천구,시흥2동
다사48254100,관악구,난곡동
다사48254125,관악구,난곡동
다사48254150,관악구,난곡동
다사48254175,관악구,미성동
다사48254000,관악구,난향동
다사48254025,관악구,난향동
다사48254050,관악구,난향동
다사48254075,관악구,난향동
다사48005825,은평구,갈현1동
다사48005850,은평구,갈현1동
다사48005875,은평구,갈현1동
다사48005900,은평구,갈현1동
다사48005725,은평구,갈현2동
다사48005750,은평구,갈현2동
다사48005775,은평구,갈현2동
다사48005800,은평구,갈현2동
다사48006025,은평구,진관동
다사48006050,은평구,진관동
다사48006075,은평구,진관동
다사48253775,금천구,시흥5동
다사48005925,은평구,진관동
다사48005950,은평구,진관동
다사48005975,은평구,진관동
다사48006000,은평구,진관동
다사48254700,영등포구,여의동
다사48254725,영등포구,여의동
다사48254750,영등포구,여의동
다사48254775,영등포구,여의동
다사48254600,영등포구,영등포본동
다사48254625,영등포구,영등포본동
다사48254650,영등포구,영등포동
다사48254675,영등포구,영등포동
다사48254900,영등포구,여의동
다사48254925,마포구,합정동
다사48254950,마포구,합정동
다사48254975,마포구,합정동
다사48254800,영등포구,여의동
다사48254825,영등포구,여의동
다사48254850,영등포구,여의동
다사48254875,영등포구,여의동
다사48254300,관악구,신사동
다사48254325,관악구,신사동
다사48254350,동작구,신대방2동
다사48254375,동작구,신대방2동
다사48254200,관악구,미성동
다사48254225,관악구,미성동
다사48254250,관악구,미성동
다사48254275,관악구,신사동
다사48254500,영등포구,신길7동
다사48254525,영등포구,신길1동
다사48254550,영등포구,신길1동
다사48254575,영등포구,신길1동
다사48254400,동작구,신대방2동
다사48254425,영등포구,신길6동
다사48254450,영등포구,신길6동
다사48254475,영등포구,신길7동
다사48004625,영등포구,영등포본동
다사48004650,영등포구,영등포동
다사48004675,영등포구,영등포동
다사48004700,영등포구,영등포동
다사48004525,영등포구,신길4동
다사48004550,영등포구,신길4동
다사48004575,영등포구,신길4동
다사48004600,영등포구,영등포본동
다사48004825,영등포구,여의동
다사48004850,영등포구,여의동
다사48004875,영등포구,여의동
다사48004900,영등포구,여의동
다사48004725,영등포구,영등포동
다사48004750,영등포구,여의동
다사48004775,영등포구,여의동
다사48004800,영등포구,여의동
다사48004225,관악구,미성동
다사48004250,관악구,미성동
다사48004275,관악구,조원동
다사48004300,관악구,조원동
다사48004125,관악구,미성동
다사48004150,관악구,미성동
다사48004175,관악구,미성동
다사48004200,관악구,미성동
다사48004425,영등포구,신길6동
다사48004450,영등포구,신길6동
다사48004475,영등포구,신길6동
다사48004500,영등포구,신길6동
다사48004325,동작구,신대방1동
다사48004350,동작구,신대방1동
다사48004375,동작구,신대방1동
다사48004400,동작구,신대방1동
다사48005425,은평구,증산동
다사48005450,은평구,신사2동
다사48005475,은평구,신사2동
다사48005500,은평구,신사1동
다사48005325,서대문구,북가좌2동
다사48005350,서대문구,북가좌2동
다사48005375,서대문구,북가좌2동
다사48005400,서대문구,북가좌2동
다사48005625,은평구,역촌동
다사48005650,은평구,구산동
다사48005675,은평구,구산동
다사48005700,은평구,구산동
다사48005525,은평구,신사1동
다사48005550,은평구,신사1동
다사48005575,은평구,신사1동
다사48005600,은평구,역촌동
다사48005025,마포구,합정동
다사48005050,마포구,서교동
다사48005075,마포구,서교동
다사48005100,마포구,서교동
다사48004925,마포구,합정동
다사48004950,마포구,합정동
다사48004975,마포구,합정동
다사48005000,마포구,합정동
다사48005225,마포구,성산2동
다사48005250,서대문구,남가좌1동
다사48005275,서대문구,북가좌1동
다사48005300,서대문구,북가좌2동
다사48005125,마포구,성산1동
다사48005150,마포구,성산1동
다사48005175,마포구,성산1동
다사48005200,마포구,성산2동
다사47755325,서대문구,북가좌2동
다사47755350,서대문구,북가좌2동
다사47755375,서대문구,북가좌2동
다사47755400,은평구,증산동
다사47755225,마포구,성산2동
다사47755250,서대문구,북가좌1동
다사47755275,서대문구,북가좌1동
다사47755300,서대문구,북가좌1동
다사47755525,은평구,신사1동
다사47755550,은평구,신사1동
다사47755575,은평구,신사1동
다사47755600,은평구,역촌동
다사47755425,은평구,증산동
다사47755450,은평구,신사2동
다사47755475,은평구,신사2동
다사47755500,은평구,신사2동
다사47754925,마포구,합정동
다사47754950,마포구,합정동
다사47754975,마포구,합정동
다사47755000,마포구,합정동
다사47754825,영등포구,여의동
다사47754850,영등포구,여의동
다사47754875,영등포구,여의동
다사47754900,영등포구,여의동
다사47755125,마포구,성산1동
다사47755150,마포구,성산1동
다사47755175,마포구,성산1동
다사47755200,마포구,성산2동
다사47755025,마포구,합정동
다사47755050,마포구,합정동
다사47755075,마포구,망원1동
다사47755100,마포구,성산1동
다사48003825,금천구,시흥5동
다사48003850,금천구,시흥5동
다사48003875,금천구,시흥5동
다사48003900,금천구,시흥2동
다사47756075,은평구,진관동
다사47756100,은평구,진관동
다사48003775,금천구,시흥3동
다사48003800,금천구,시흥3동
다사48004025,금천구,시흥4동
다사48004050,관악구,난향동
다사48004075,관악구,미성동
다사48004100,관악구,미성동
다사48003925,금천구,시흥2동
다사48003950,금천구,시흥5동
다사48003975,금천구,시흥5동
다사48004000,금천구,시흥4동
다사47755725,은평구,구산동
다사47755750,은평구,갈현2동
다사47755775,은평구,갈현2동
다사47755800,은평구,갈현2동
다사47755625,은평구,역촌동
다사47755650,은평구,구산동
다사47755675,은평구,구산동
다사47755700,은평구,구산동
다사47755925,은평구,진관동
다사47755950,은평구,진관동
다사47755975,은평구,진관동
다사47756000,은평구,진관동
다사47755825,은평구,갈현2동
다사47755850,은평구,갈현1동
다사47755875,은평구,갈현1동
다사47755900,은평구,진관동
다사47753725,금천구,시흥3동
다사47753750,금천구,시흥3동
다사47753775,금천구,시흥3동
다사47753800,금천구,시흥3동
다사47505925,은평구,진관동
다사47505950,은평구,진관동
다사47506075,은평구,진관동
다사47506100,은평구,진관동
다사47753925,금천구,시흥5동
다사47753950,금천구,시흥5동
다사47753975,금천구,시흥5동
다사47754000,금천구,시흥4동
다사47753825,금천구,시흥3동
다사47753850,금천구,시흥5동
다사47753875,금천구,시흥5동
다사47753900,금천구,시흥5동
다사47505600,은평구,역촌동
다사47505625,은평구,구산동
다사47505650,은평구,구산동
다사47505675,은평구,구산동
다사47505500,은평구,신사2동
다사47505525,은평구,신사2동
다사47505550,은평구,신사1동
다사47505575,은평구,신사1동
다사47505800,은평구,갈현2동
다사47505825,은평구,갈현2동
다사47505850,은평구,갈현2동
다사47505900,은평구,진관동
다사47505700,은평구,구산동
다사47505725,은평구,구산동
다사47505750,은평구,구산동
다사47505775,은평구,갈현2동
다사47754525,영등포구,신길3동
다사47754550,영등포구,신길3동
다사47754575,영등포구,도림동
다사47754600,영등포구,영등포본동
다사47754425,영등포구,신길6동
다사47754450,영등포구,신길6동
다사47754475,영등포구,신길6동
다사47754500,영등포구,신길4동
다사47754725,영등포구,영등포동
다사47754750,영등포구,당산2동
다사47754775,영등포구,당산2동
다사47754800,영등포구,여의동
다사47754625,영등포구,영등포본동
다사47754650,영등포구,영등포동
다사47754675,영등포구,영등포동
다사47754700,영등포구,영등포동
다사47754125,관악구,미성동
다사47754150,관악구,미성동
다사47754175,금천구,독산3동
다사47754200,금천구,독산3동
다사47754025,금천구,시흥4동
다사47754050,금천구,시흥4동
다사47754075,금천구,독산2동
다사47754100,금천구,독산4동
다사47754325,동작구,신대방1동
다사47754350,동작구,신대방1동
다사47754375,동작구,신대방1동
다사47754400,영등포구,신길6동
다사47754225,관악구,미성동
다사47754250,관악구,조원동
다사47754275,관악구,조원동
다사47754300,관악구,조원동
다사47504400,영등포구,대림1동
다사47504425,영등포구,대림1동
다사47504450,영등포구,신길5동
다사47504475,영등포구,신길5동
다사47504300,동작구,신대방1동
다사47504325,동작구,신대방1동
다사47504350,영등포구,대림1동
다사47504375,영등포구,대림1동
다사47504600,영등포구,영등포본동
다사47504625,영등포구,영등포본동
다사47504650,영등포구,영등포동
다사47504675,영등포구,영등포동
다사47504500,영등포구,신길5동
다사47504525,영등포구,신길3동
다사47504550,영등포구,신길3동
다사47504575,영등포구,도림동
다사47504000,금천구,시흥4동
다사47504025,금천구,시흥4동
다사47504050,금천구,시흥4동
다사47504075,금천구,독산2동
다사47503900,금천구,시흥5동
다사47503925,금천구,시흥5동
다사47503950,금천구,시흥4동
다사47503975,금천구,시흥4동
다사47504200,금천구,독산3동
다사47504225,금천구,독산3동
다사47504250,관악구,조원동
다사47504275,관악구,조원동
다사47504100,금천구,독산4동
다사47504125,금천구,독산4동
다사47504150,금천구,독산4동
다사47504175,금천구,독산3동
다사47505200,마포구,성산2동
다사47505225,마포구,성산2동
다사47505250,마포구,성산2동
다사47505275,서대문구,북가좌1동
다사47505100,마포구,망원2동
다사47505125,마포구,성산1동
다사47505150,마포구,성산1동
다사47505175,마포구,성산2동
다사47505400,은평구,증산동
다사47505425,은평구,증산동
다사47505450,은평구,신사2동
다사47505475,은평구,신사2동
다사47505300,서대문구,북가좌1동
다사47505325,서대문구,북가좌1동
다사47505350,서대문구,북가좌2동
다사47505375,은평구,증산동
다사47504800,영등포구,당산2동
다사47504825,영등포구,당산2동
다사47504850,영등포구,당산2동
다사47504875,영등포구,여의동
다사47504700,영등포구,영등포동
다사47504725,영등포구,영등포동
다사47504750,영등포구,당산2동
다사47504775,영등포구,당산2동
다사47505000,마포구,합정동
다사47505025,마포구,합정동
다사47505050,마포구,망원1동
다사47505075,마포구,망원1동
다사47504900,영등포구,여의동
다사47504925,마포구,합정동
다사47504950,마포구,합정동
다사47504975,마포구,합정동
다사47254900,영등포구,당산2동
다사47254925,마포구,합정동
다사47254950,마포구,합정동
다사47254975,마포구,합정동
다사47254800,영등포구,당산2동
다사47254825,영등포구,당산2동
다사47254850,영등포구,당산2동
다사47254875,영등포구,당산2동
다사47255100,마포구,망원2동
다사47255125,마포구,망원2동
다사47255150,마포구,망원2동
다사47255175,마포구,성산2동
다사47255000,마포구,합정동
다사47255025,마포구,합정동
다사47255050,마포구,망원1동
다사47255075,마포구,망원1동
다사47254500,영등포구,신길5동
다사47254525,영등포구,신길3동
다사47254550,영등포구,도림동
다사47254575,영등포구,영등포본동
다사47254400,영등포구,대림1동
다사47254425,영등포구,대림1동
다사47254450,영등포구,신길5동
다사47254475,영등포구,신길5동
다사47254700,영등포구,영등포동
다사47254725,영등포구,영등포동
다사47254750,영등포구,영등포동
다사47254775,영등포구,영등포동
다사47254600,영등포구,영등포본동
다사47254625,영등포구,영등포동
다사47254650,영등포구,영등포동
다사47254675,영등포구,영등포동
다사47255700,은평구,구산동
다사47255725,은평구,구산동
다사47255750,은평구,구산동
다사47255775,은평구,구산동
다사47255600,은평구,신사1동
다사47255625,은평구,구산동
다사47255650,은평구,구산동
다사47255675,은평구,구산동
다사47503800,금천구,시흥3동
다사47503825,금천구,시흥3동
다사47503850,금천구,시흥3동
다사47503875,금천구,시흥5동
다사47256100,은평구,진관동
다사47503725,금천구,시흥3동
다사47503750,금천구,시흥3동
다사47503775,금천구,시흥3동
다사47255300,서대문구,북가좌1동
다사47255325,은평구,증산동
다사47255350,은평구,증산동
다사47255375,은평구,증산동
다사47255200,마포구,성산2동
다사47255225,마포구,성산2동
다사47255250,마포구,성산2동
다사47255275,마포구,성산2동
다사47255500,은평구,신사2동
다사47255525,은평구,신사2동
다사47255550,은평구,신사1동
다사47255575,은평구,신사1동
다사47255400,은평구,증산동
다사47255425,은평구,증산동
다사47255450,은평구,신사2동
다사47255475,은평구,신사2동
다사47005350,은평구,수색동
다사47005375,은평구,수색동
다사47005400,은평구,수색동
다사47005425,은평구,수색동
다사47005250,마포구,성산2동
다사47005275,마포구,성산2동
다사47005300,마포구,상암동
다사47005325,은평구,증산동
다사47005550,은평구,신사1동
다사47005575,은평구,신사1동
다사47005600,은평구,신사1동
다사47005625,은평구,역촌동
다사47005450,은평구,신사2동
다사47005475,은평구,신사2동
다사47005500,은평구,신사2동
다사47005525,은평구,신사2동
다사47004950,영등포구,양평2동
다사47004975,마포구,합정동
다사47005000,마포구,합정동
다사47005025,마포구,망원1동
다사47004850,영등포구,당산2동
다사47004875,영등포구,당산2동
다사47004900,영등포구,당산2동
다사47004925,영등포구,당산2동
다사47005150,마포구,망원2동
다사47005175,마포구,성산2동
다사47005200,마포구,성산2동
다사47005225,마포구,성산2동
다사47005050,마포구,망원1동
다사47005075,마포구,망원1동
다사47005100,마포구,망원2동
다사47005125,마포구,망원2동
다사47254100,금천구,독산4동
다사47254125,금천구,독산4동
다사47254150,금천구,독산3동
다사47254175,금천구,독산3동
다사47254000,금천구,시흥1동
다사47254025,금천구,시흥4동
다사47254050,금천구,독산2동
다사47254075,금천구,독산2동
다사47254300,동작구,신대방1동
다사47254325,영등포구,대림2동
다사47254350,영등포구,대림1동
다사47254375,영등포구,대림1동
다사47254200,금천구,독산3동
다사47254225,금천구,독산3동
다사47254250,관악구,조원동
다사47254275,관악구,조원동
다사47005750,은평구,구산동
다사47253725,금천구,시흥3동
다사47253750,금천구,시흥3동
다사47253775,금천구,시흥3동
다사47005650,은평구,구산동
다사47005675,은평구,구산동
다사47005700,은평구,구산동
다사47005725,은평구,구산동
다사47253900,금천구,시흥1동
다사47253925,금천구,시흥1동
다사47253950,금천구,시흥1동
다사47253975,금천구,시흥1동
다사47253800,금천구,시흥3동
다사47253825,금천구,시흥3동
다사47253850,금천구,시흥3동
다사47253875,금천구,시흥5동
다사47003750,금천구,시흥3동
다사47003775,금천구,시흥3동
다사47003800,금천구,시흥3동
다사47003825,금천구,시흥3동
다사46755450,은평구,수색동
다사46755475,은평구,신사2동
다사46755500,은평구,신사2동
다사47003725,금천구,시흥3동
다사47003950,금천구,시흥1동
다사47003975,금천구,시흥1동
다사47004000,금천구,시흥1동
다사47004025,금천구,독산2동
다사47003850,금천구,시흥3동
다사47003875,금천구,시흥1동
다사47003900,금천구,시흥1동
다사47003925,금천구,시흥1동
다사46755150,마포구,성산2동
다사46755175,마포구,성산2동
다사46755200,마포구,성산2동
다사46755225,마포구,성산2동
다사46755050,마포구,망원1동
다사46755075,마포구,망원1동
다사46755100,마포구,망원2동
다사46755125,마포구,망원2동
다사46755350,은평구,수색동
다사46755375,은평구,수색동
다사46755400,은평구,수색동
다사46755425,은평구,수색동
다사46755250,마포구,성산2동
다사46755275,마포구,상암동
다사46755300,마포구,상암동
다사46755325,은평구,증산동
다사47004550,영등포구,도림동
다사47004575,영등포구,영등포본동
다사47004600,영등포구,영등포본동
다사47004625,영등포구,문래동
다사47004450,영등포구,신길5동
다사47004475,영등포구,대림3동
다사47004500,영등포구,신길3동
다사47004525,영등포구,신길3동
다사47004750,영등포구,당산1동
다사47004775,영등포구,당산2동
다사47004800,영등포구,당산2동
다사47004825,영등포구,당산2동
다사47004650,영등포구,영등포동
다사47004675,영등포구,영등포동
다사47004700,영등포구,영등포동
다사47004725,영등포구,당산1동
다사47004150,금천구,독산3동
다사47004175,금천구,독산3동
다사47004200,금천구,독산3동
다사47004225,금천구,독산3동
다사47004050,금천구,독산2동
다사47004075,금천구,독산2동
다사47004100,금천구,독산4동
다사47004125,금천구,독산4동
다사47004350,영등포구,대림2동
다사47004375,영등포구,대림1동
다사47004400,영등포구,대림1동
다사47004425,영등포구,대림3동
다사47004250,관악구,조원동
다사47004275,구로구,구로3동
다사47004300,영등포구,대림2동
다사47004325,영등포구,대림2동
다사46753950,금천구,시흥1동
다사46753975,금천구,시흥1동
다사46754000,금천구,독산2동
다사46754025,금천구,독산2동
다사46753850,금천구,시흥1동
다사46753875,금천구,시흥1동
다사46753900,금천구,시흥1동
다사46753925,금천구,시흥1동
다사46754150,금천구,독산3동
다사46754175,금천구,독산3동
다사46754200,금천구,독산3동
다사46754225,금천구,독산3동
다사46754050,금천구,독산2동
다사46754075,금천구,독산2동
다사46754100,금천구,독산4동
다사46754125,금천구,독산4동
다사46505275,마포구,상암동
다사46505300,마포구,상암동
다사46505325,마포구,상암동
다사46505350,마포구,상암동
다사46505175,마포구,성산2동
다사46505200,마포구,성산2동
다사46505225,마포구,성산2동
다사46505250,마포구,성산2동
다사46753750,금천구,시흥3동
다사46753775,금천구,시흥3동
다사46753800,금천구,시흥3동
다사46753825,금천구,시흥3동
다사46505375,은평구,수색동
다사46505400,은평구,수색동
다사46505425,은평구,수색동
다사46505450,은평구,수색동
다사46754750,영등포구,당산1동
다사46754775,영등포구,당산2동
다사46754800,영등포구,당산2동
다사46754825,영등포구,당산2동
다사46754650,영등포구,문래동
다사46754675,영등포구,문래동
다사46754700,영등포구,당산1동
다사46754725,영등포구,당산1동
다사46754950,영등포구,양평2동
다사46754975,영등포구,양평2동
다사46755000,마포구,망원1동
다사46755025,마포구,망원1동
다사46754850,영등포구,양평2동
다사46754875,영등포구,양평2동
다사46754900,영등포구,당산2동
다사46754925,영등포구,당산2동
다사46754350,영등포구,대림2동
다사46754375,영등포구,대림2동
다사46754400,영등포구,대림3동
다사46754425,영등포구,대림3동
다사46754250,구로구,구로3동
다사46754275,구로구,구로3동
다사46754300,구로구,구로3동
다사46754325,영등포구,대림2동
다사46754550,영등포구,도림동
다사46754575,영등포구,도림동
다사46754600,영등포구,문래동
다사46754625,영등포구,문래동
다사46754450,영등포구,대림3동
다사46754475,영등포구,대림3동
다사46754500,영등포구,대림3동
다사46754525,영등포구,도림동
다사46504075,금천구,독산1동
다사46504100,금천구,독산1동
다사46504125,금천구,독산1동
다사46504150,금천구,독산1동
다사46503975,금천구,시흥1동
다사46504000,금천구,독산1동
다사46504025,금천구,독산1동
다사46504050,금천구,독산1동
다사46504275,구로구,구로3동
다사46504300,구로구,구로3동
다사46504325,구로구,구로3동
다사46504350,영등포구,대림2동
다사46504175,금천구,독산1동
다사46504200,금천구,독산1동
다사46504225,구로구,구로3동
다사46504250,구로구,구로3동
다사46255325,마포구,상암동
다사46255350,마포구,상암동
다사46255375,마포구,상암동
다사46255400,은평구,수색동
다사46255225,마포구,성산2동
다사46255250,마포구,성산2동
다사46255275,마포구,상암동
다사46255300,마포구,상암동
다사46503875,금천구,시흥1동
다사46503900,금천구,시흥1동
다사46503925,금천구,시흥1동
다사46503950,금천구,시흥1동
다사46255425,은평구,수색동
다사46255450,은평구,수색동
다사46503825,금천구,시흥3동
다사46503850,금천구,시흥1동
다사46504875,영등포구,양평2동
다사46504900,영등포구,양평2동
다사46504925,영등포구,양평2동
다사46504950,영등포구,양평2동
다사46504775,영등포구,당산2동
다사46504800,영등포구,당산2동
다사46504825,영등포구,양평2동
다사46504850,영등포구,양평2동
다사46505075,마포구,망원1동
다사46505100,마포구,망원2동
다사46505125,마포구,망원2동
다사46505150,마포구,성산2동
다사46504975,영등포구,양평2동
다사46505000,영등포구,양평2동
다사46505025,마포구,망원1동
다사46505050,마포구,망원1동
다사46504475,영등포구,대림3동
다사46504500,영등포구,대림3동
다사46504525,영등포구,대림3동
다사46504550,영등포구,도림동
다사46504375,영등포구,대림2동
다사46504400,영등포구,대림3동
다사46504425,영등포구,대림3동
다사46504450,영등포구,대림3동
다사46504675,영등포구,문래동
다사46504700,영등포구,당산1동
다사46504725,영등포구,당산1동
다사46504750,영등포구,당산1동
다사46504575,영등포구,도림동
다사46504600,영등포구,문래동
다사46504625,영등포구,문래동
다사46504650,영등포구,문래동
다사46254125,금천구,독산1동
다사46254150,금천구,가산동
다사46254175,금천구,가산동
다사46254200,금천구,가산동
다사46254025,금천구,독산1동
다사46254050,금천구,독산1동
다사46254075,금천구,독산1동
다사46254100,금천구,독산1동
다사46254325,구로구,구로3동
다사46254350,구로구,구로3동
다사46254375,구로구,구로4동
다사46254400,구로구,구로4동
다사46254225,구로구,가리봉동
다사46254250,구로구,구로3동
다사46254275,구로구,구로3동
다사46254300,구로구,구로3동
다사46005350,마포구,상암동
다사46005375,마포구,상암동
다사46005400,은평구,수색동
다사46005425,은평구,수색동
다사46005250,마포구,상암동
다사46005275,마포구,상암동
다사46005300,마포구,상암동
다사46005325,마포구,상암동
다사46253925,금천구,독산1동
다사46253950,금천구,독산1동
다사46253975,금천구,시흥1동
다사46254000,금천구,독산1동
다사46005450,은평구,수색동
다사46253850,금천구,시흥1동
다사46253875,금천구,시흥1동
다사46253900,금천구,시흥1동
다사46254925,영등포구,양평2동
다사46254950,영등포구,양평2동
다사46254975,영등포구,양평2동
다사46255000,영등포구,양평2동
다사46254825,영등포구,양평2동
다사46254850,영등포구,양평2동
다사46254875,영등포구,양평2동
다사46254900,영등포구,양평2동
다사46255125,마포구,상암동
다사46255150,마포구,상암동
다사46255175,마포구,상암동
다사46255200,마포구,상암동
다사46255025,마포구,망원1동
다사46255050,마포구,망원1동
다사46255075,마포구,상암동
다사46255100,마포구,상암동
다사46254525,구로구,구로5동
다사46254550,구로구,신도림동
다사46254575,영등포구,문래동
다사46254600,영등포구,문래동
다사46254425,구로구,구로4동
다사46254450,구로구,구로5동
다사46254475,구로구,구로5동
다사46254500,구로구,구로5동
다사46254725,영등포구,당산1동
다사46254750,영등포구,당산1동
다사46254775,영등포구,양평1동
다사46254800,영등포구,양평2동
다사46254625,영등포구,문래동
다사46254650,영등포구,문래동
다사46254675,영등포구,문래동
다사46254700,영등포구,당산1동
다사46004150,금천구,가산동
다사46004175,금천구,가산동
다사46004200,금천구,가산동
다사46004225,금천구,가산동
다사46004050,금천구,독산1동
다사46004075,금천구,독산1동
다사46004100,금천구,독산1동
다사46004125,금천구,독산1동
다사46004350,구로구,구로4동
다사46004375,구로구,구로4동
다사46004400,구로구,구로4동
다사46004425,구로구,구로5동
다사46004250,구로구,가리봉동
다사46004275,구로구,가리봉동
다사46004300,구로구,구로3동
다사46004325,구로구,구로3동
다사45755350,마포구,상암동
다사45755375,마포구,상암동
다사45755400,마포구,상암동
다사45755425,은평구,수색동
다사45755250,마포구,상암동
다사45755275,마포구,상암동
다사45755300,마포구,상암동
다사45755325,마포구,상암동
다사46003950,금천구,독산1동
다사46003975,금천구,독산1동
다사46004000,금천구,독산1동
다사46004025,금천구,독산1동
다사45755450,은평구,수색동
다사45755475,은평구,수색동
다사45755500,은평구,수색동
다사46003925,금천구,독산1동
다사46004950,영등포구,양평2동
다사46004975,영등포구,양평2동
다사46005000,영등포구,양평2동
다사46005025,영등포구,양평2동
다사46004850,영등포구,양평2동
다사46004875,영등포구,양평2동
다사46004900,영등포구,양평2동
다사46004925,영등포구,양평2동
다사46005150,마포구,상암동
다사46005175,마포구,상암동
다사46005200,마포구,상암동
다사46005225,마포구,상암동
다사46005050,마포구,상암동
다사46005075,마포구,상암동
다사46005100,마포구,상암동
다사46005125,마포구,상암동
다사46004550,구로구,신도림동
다사46004575,구로구,신도림동
다사46004600,영등포구,문래동
다사46004625,영등포구,문래동
다사46004450,구로구,구로5동
다사46004475,구로구,구로5동
다사46004500,구로구,구로5동
다사46004525,구로구,구로5동
다사46004750,영등포구,양평1동
다사46004775,영등포구,양평1동
다사46004800,양천구,목5동
다사46004825,영등포구,양평2동
다사46004650,영등포구,문래동
다사46004675,영등포구,문래동
다사46004700,영등포구,양평1동
다사46004725,영등포구,양평1동
다사45754150,금천구,가산동
다사45754175,금천구,가산동
다사45754200,금천구,가산동
다사45754225,금천구,가산동
다사45754050,금천구,독산1동
다사45754075,금천구,가산동
다사45754100,금천구,가산동
다사45754125,금천구,가산동
다사45754350,구로구,구로2동
다사45754375,구로구,구로2동
다사45754400,구로구,구로2동
다사45754425,구로구,구로5동
다사45754250,구로구,가리봉동
다사45754275,구로구,가리봉동
다사45754300,구로구,구로3동
다사45754325,구로구,구로4동
다사45505325,마포구,상암동
다사45505350,마포구,상암동
다사45505375,마포구,상암동
다사45505400,마포구,상암동
다사45505225,마포구,상암동
다사45505250,마포구,상암동
다사45505275,마포구,상암동
다사45505300,마포구,상암동
다사45753950,금천구,독산1동
다사45753975,금천구,독산1동
다사45754000,금천구,독산1동
다사45754025,금천구,독산1동
다사45505425,마포구,상암동
다사45505450,은평구,수색동
다사45505475,은평구,수색동
다사45505500,은평구,수색동
다사45754950,영등포구,양평2동
다사45754975,영등포구,양평2동
다사45755000,영등포구,양평2동
다사45755025,영등포구,양평2동
다사45754850,양천구,목5동
다사45754875,양천구,목5동
다사45754900,영등포구,양평2동
다사45754925,영등포구,양평2동
다사45755150,마포구,상암동
다사45755175,마포구,상암동
다사45755200,마포구,상암동
다사45755225,마포구,상암동
다사45755050,마포구,상암동
다사45755075,마포구,상암동
다사45755100,마포구,상암동
다사45755125,마포구,상암동
다사45754550,구로구,신도림동
다사45754575,구로구,신도림동
다사45754600,구로구,신도림동
다사45754625,영등포구,문래동
다사45754450,구로구,구로5동
다사45754475,구로구,구로5동
다사45754500,구로구,구로5동
다사45754525,구로구,구로5동
다사45754750,영등포구,양평1동
다사45754775,영등포구,양평1동
다사45754800,양천구,목1동
다사45754825,양천구,목5동
다사45754650,영등포구,문래동
다사45754675,영등포구,문래동
다사45754700,영등포구,양평1동
다사45754725,영등포구,양평1동
다사45504125,금천구,가산동
다사45504150,금천구,가산동
다사45504175,금천구,가산동
다사45504200,금천구,가산동
다사45504025,금천구,독산1동
다사45504050,금천구,독산1동
다사45504075,금천구,가산동
다사45504100,금천구,가산동
다사45504325,구로구,구로4동
다사45504350,구로구,구로4동
다사45504375,구로구,구로2동
다사45504400,구로구,구로2동
다사45504225,금천구,가산동
다사45504250,금천구,가산동
다사45504275,구로구,가리봉동
다사45504300,구로구,구로2동
다사45255250,마포구,상암동
다사45255275,마포구,상암동
다사45255300,마포구,상암동
다사45255325,마포구,상암동
다사45255150,마포구,상암동
다사45255175,마포구,상암동
다사45255200,마포구,상암동
다사45255225,마포구,상암동
다사45255450,마포구,상암동
다사45255475,마포구,상암동
다사45503975,금천구,독산1동
다사45504000,금천구,독산1동
다사45255350,마포구,상암동
다사45255375,마포구,상암동
다사45255400,마포구,상암동
다사45255425,마포구,상암동
다사45504925,양천구,목5동
다사45504950,영등포구,양평2동
다사45504975,영등포구,양평2동
다사45505000,영등포구,양평2동
다사45504825,양천구,목5동
다사45504850,양천구,목5동
다사45504875,양천구,목5동
다사45504900,양천구,목5동
다사45505125,마포구,상암동
다사45505150,마포구,상암동
다사45505175,마포구,상암동
다사45505200,마포구,상암동
다사45505025,영등포구,양평2동
다사45505050,영등포구,양평2동
다사45505075,마포구,상암동
다사45505100,마포구,상암동
다사45504525,구로구,신도림동
다사45504550,구로구,신도림동
다사45504575,구로구,신도림동
다사45504600,구로구,신도림동
다사45504425,구로구,구로2동
다사45504450,구로구,구로5동
다사45504475,구로구,구로5동
다사45504500,구로구,구로5동
다사45504725,영등포구,양평1동
다사45504750,영등포구,양평1동
다사45504775,양천구,목1동
다사45504800,양천구,목1동
다사45504625,영등포구,문래동
다사45504650,영등포구,문래동
다사45504675,영등포구,문래동
다사45504700,영등포구,양평1동
다사45254050,금천구,가산동
다사45254075,금천구,가산동
다사45254100,금천구,가산동
다사45254125,금천구,가산동
다사45005375,마포구,상암동
다사45005400,마포구,상암동
다사45005425,마포구,상암동
다사45005450,마포구,상암동
다사45254250,금천구,가산동
다사45254275,금천구,가산동
다사45254300,구로구,가리봉동
다사45254325,구로구,구로2동
다사45254150,금천구,가산동
다사45254175,금천구,가산동
다사45254200,금천구,가산동
다사45254225,금천구,가산동
다사45005075,강서구,염창동
다사45005100,마포구,상암동
다사45005125,마포구,상암동
다사45005150,마포구,상암동
다사45004975,양천구,목2동
다사45005000,강서구,염창동
다사45005025,영등포구,양평2동
다사45005050,강서구,염창동
다사45005275,마포구,상암동
다사45005300,마포구,상암동
다사45005325,마포구,상암동
다사45005350,마포구,상암동
다사45005175,마포구,상암동
다사45005200,마포구,상암동
다사45005225,마포구,상암동
다사45005250,마포구,상암동
다사45254850,양천구,목5동
다사45254875,양천구,목5동
다사45254900,양천구,목5동
다사45254925,양천구,목5동
다사45254750,영등포구,양평1동
다사45254775,양천구,목1동
다사45254800,양천구,목1동
다사45254825,양천구,목5동
다사45255050,영등포구,양평2동
다사45255075,영등포구,양평2동
다사45255100,마포구,상암동
다사45255125,마포구,상암동
다사45254950,양천구,목2동
다사45254975,양천구,목2동
다사45255000,영등포구,양평2동
다사45255025,영등포구,양평2동
다사45254450,구로구,구로2동
다사45254475,구로구,구로5동
다사45254500,구로구,신도림동
다사45254525,구로구,신도림동
다사45254350,구로구,구로2동
다사45254375,구로구,구로2동
다사45254400,구로구,구로2동
다사45254425,구로구,구로2동
다사45254650,영등포구,문래동
다사45254675,영등포구,문래동
다사45254700,영등포구,양평1동
다사45254725,영등포구,양평1동
다사45254550,구로구,신도림동
다사45254575,구로구,신도림동
다사45254600,구로구,신도림동
다사45254625,구로구,신도림동
다사44755175,마포구,상암동
다사44755200,마포구,상암동
다사44755225,마포구,상암동
다사44755250,마포구,상암동
다사44755075,강서구,염창동
다사44755100,강서구,염창동
다사44755125,마포구,상암동
다사44755150,마포구,상암동
다사44755375,마포구,상암동
다사44755400,마포구,상암동
다사45004125,금천구,가산동
다사45004150,금천구,가산동
다사44755275,마포구,상암동
다사44755300,마포구,상암동
다사44755325,마포구,상암동
다사44755350,마포구,상암동
다사44754775,양천구,목1동
다사44754800,양천구,목1동
다사44754825,양천구,목5동
다사44754850,양천구,목5동
다사44754675,양천구,신정2동
다사44754700,양천구,신정2동
다사44754725,양천구,목1동
다사44754750,양천구,목1동
다사44754975,양천구,목2동
다사44755000,강서구,염창동
다사44755025,강서구,염창동
다사44755050,강서구,염창동
다사44754875,양천구,목5동
다사44754900,양천구,목5동
다사44754925,양천구,목2동
다사44754950,양천구,목2동
다사45004675,양천구,신정2동
다사45004700,양천구,신정2동
다사45004725,양천구,목1동
다사45004750,양천구,목1동
다사45004575,구로구,신도림동
다사45004600,구로구,신도림동
다사45004625,구로구,신도림동
다사45004650,양천구,신정2동
다사45004875,양천구,목5동
다사45004900,양천구,목5동
다사45004925,양천구,목5동
다사45004950,양천구,목2동
다사45004775,양천구,목1동
다사45004800,양천구,목1동
다사45004825,양천구,목5동
다사45004850,양천구,목5동
다사45004275,금천구,가산동
다사45004300,금천구,가산동
다사45004325,구로구,구로1동
다사45004350,구로구,구로1동
다사45004175,금천구,가산동
다사45004200,금천구,가산동
다사45004225,금천구,가산동
다사45004250,금천구,가산동
다사45004475,구로구,구로2동
다사45004500,구로구,구로2동
다사45004525,구로구,신도림동
다사45004550,구로구,신도림동
다사45004375,구로구,구로1동
다사45004400,구로구,구로1동
다사45004425,구로구,구로1동
다사45004450,구로구,구로1동
다사44504750,양천구,목1동
다사44504775,양천구,목1동
다사44504800,양천구,목1동
다사44504825,양천구,목5동
다사44504650,양천구,신정2동
다사44504675,양천구,신정2동
다사44504700,양천구,신정2동
다사44504725,양천구,목1동
다사44504950,양천구,목2동
다사44504975,양천구,목2동
다사44505000,강서구,염창동
다사44505025,강서구,염창동
다사44504850,양천구,목5동
다사44504875,양천구,목5동
다사44504900,양천구,목2동
다사44504925,양천구,목2동
다사44504350,구로구,구로1동
다사44504375,구로구,구로1동
다사44504400,구로구,구로1동
다사44504425,구로구,구로1동
다사44504250,금천구,가산동
다사44504275,금천구,가산동
다사44504300,금천구,가산동
다사44504325,구로구,구로1동
다사44504550,구로구,구로2동
다사44504575,양천구,신정6동
다사44504600,양천구,신정6동
다사44504625,양천구,신정6동
다사44504450,구로구,구로2동
다사44504475,구로구,구로2동
다사44504500,구로구,구로2동
다사44504525,구로구,구로2동
다사44754375,구로구,구로1동
다사44754400,구로구,구로1동
다사44754425,구로구,구로1동
다사44754450,구로구,구로2동
다사44754275,금천구,가산동
다사44754300,구로구,구로1동
다사44754325,구로구,구로1동
다사44754350,구로구,구로1동
다사44754575,구로구,신도림동
다사44754600,양천구,신정6동
다사44754625,양천구,신정2동
다사44754650,양천구,신정2동
다사44754475,구로구,구로2동
다사44754500,구로구,구로2동
다사44754525,구로구,구로2동
다사44754550,구로구,신도림동
다사44505150,마포구,상암동
다사44505175,마포구,상암동
다사44505200,마포구,상암동
다사44505225,마포구,상암동
다사44505050,강서구,염창동
다사44505075,강서구,염창동
다사44505100,강서구,염창동
다사44505125,마포구,상암동
다사44754175,금천구,가산동
다사44754200,금천구,가산동
다사44754225,금천구,가산동
다사44754250,금천구,가산동
다사44505250,마포구,상암동
다사44505275,마포구,상암동
다사44505300,마포구,상암동
다사44505325,마포구,상암동
다사44005325,마포구,상암동
다사44254275,금천구,가산동
다사44254300,금천구,가산동
다사44254350,구로구,구로1동
다사44005225,마포구,상암동
다사44005250,마포구,상암동
다사44005275,마포구,상암동
다사44005300,마포구,상암동
다사44254475,구로구,구로2동
다사44254500,구로구,구로2동
다사44254525,양천구,신정7동
다사44254550,양천구,신정7동
다사44254375,구로구,구로1동
다사44254400,구로구,구로1동
다사44254425,구로구,구로2동
다사44254450,구로구,구로2동
다사44004925,양천구,목2동
다사44004950,양천구,목2동
다사44004975,양천구,목3동
다사44005000,양천구,목3동
다사44004825,양천구,목4동
다사44004850,양천구,목4동
다사44004875,양천구,목4동
다사44004900,양천구,목3동
다사44005125,강서구,가양3동
다사44005150,강서구,염창동
다사44005175,마포구,상암동
다사44005200,마포구,상암동
다사44005025,강서구,염창동
다사44005050,강서구,염창동
다사44005075,강서구,염창동
다사44005100,강서구,염창동
다사44255075,강서구,염창동
다사44255100,강서구,염창동
다사44255125,강서구,염창동
다사44255150,마포구,상암동
다사44254975,양천구,목2동
다사44255000,강서구,염창동
다사44255025,강서구,염창동
다사44255050,강서구,염창동
다사44255275,마포구,상암동
다사44255300,마포구,상암동
다사44255325,마포구,상암동
다사44504225,금천구,가산동
다사44255175,마포구,상암동
다사44255200,마포구,상암동
다사44255225,마포구,상암동
다사44255250,마포구,상암동
다사44254675,양천구,신정2동
다사44254700,양천구,신정6동
다사44254725,양천구,목1동
다사44254750,양천구,목1동
다사44254575,양천구,신정7동
다사44254600,양천구,신정6동
다사44254625,양천구,신정6동
다사44254650,양천구,신정6동
다사44254875,양천구,목4동
다사44254900,양천구,목2동
다사44254925,양천구,목2동
다사44254950,양천구,목2동
다사44254775,양천구,목1동
다사44254800,양천구,목5동
다사44254825,양천구,목5동
다사44254850,양천구,목5동
다사43754700,양천구,신정1동
다사43754725,양천구,신정4동
다사43754750,양천구,목1동
다사43754775,양천구,목1동
다사43754600,양천구,신정6동
다사43754625,양천구,신정6동
다사43754650,양천구,신정6동
다사43754675,양천구,신정1동
다사43754900,양천구,목3동
다사43754925,양천구,목3동
다사43754950,양천구,목3동
다사43754975,양천구,목3동
다사43754800,양천구,목4동
다사43754825,양천구,목4동
다사43754850,양천구,목4동
다사43754875,양천구,목4동
다사43505275,마포구,상암동
다사43505300,마포구,상암동
다사43754350,구로구,개봉2동
다사43754375,구로구,개봉2동
다사43505175,강서구,가양3동
다사43505200,마포구,상암동
다사43505225,마포구,상암동
다사43505250,마포구,상암동
다사43754500,구로구,고척1동
다사43754525,양천구,신정7동
다사43754550,양천구,신정7동
다사43754575,양천구,신정7동
다사43754400,구로구,고척1동
다사43754425,구로구,고척1동
다사43754450,구로구,고척1동
다사43754475,구로구,고척1동
다사44004525,양천구,신정7동
다사44004550,양천구,신정7동
다사44004575,양천구,신정7동
다사44004600,양천구,신정7동
다사44004425,구로구,고척1동
다사44004450,구로구,고척1동
다사44004475,구로구,고척1동
다사44004500,구로구,고척1동
다사44004725,양천구,목1동
다사44004750,양천구,목1동
다사44004775,양천구,목1동
다사44004800,양천구,목5동
다사44004625,양천구,신정6동
다사44004650,양천구,신정6동
다사44004675,양천구,신정6동
다사44004700,양천구,신정6동
다사43755100,강서구,염창동
다사43755125,강서구,가양3동
다사43755150,강서구,염창동
다사43755175,마포구,상암동
다사43755000,양천구,목3동
다사43755025,양천구,목3동
다사43755050,강서구,등촌1동
다사43755075,강서구,등촌1동
다사43755300,마포구,상암동
다사43755325,마포구,상암동
다사44004375,구로구,개봉2동
다사44004400,구로구,개봉2동
다사43755200,마포구,상암동
다사43755225,마포구,상암동
다사43755250,마포구,상암동
다사43755275,마포구,상암동
다사43255050,강서구,등촌2동
다사43255075,강서구,등촌1동
다사43255100,강서구,등촌1동
다사43255125,강서구,가양3동
다사43254950,강서구,등촌2동
다사43254975,강서구,등촌2동
다사43255000,강서구,등촌2동
다사43255025,강서구,등촌2동
다사43255250,마포구,상암동
다사43255275,마포구,상암동
다사43255300,마포구,상암동
다사43504350,구로구,개봉3동
다사43255150,강서구,가양3동
다사43255175,강서구,가양3동
다사43255200,강서구,가양2동
다사43255225,마포구,상암동
다사43254650,양천구,신정1동
다사43254675,양천구,신정1동
다사43254700,양천구,신정1동
다사43254725,양천구,신정4동
다사43254550,양천구,신정7동
다사43254575,양천구,신정7동
다사43254600,양천구,신정7동
다사43254625,양천구,신정7동
다사43254850,강서구,화곡4동
다사43254875,강서구,화곡4동
다사43254900,강서구,화곡4동
다사43254925,강서구,화곡4동
다사43254750,양천구,신정4동
다사43254775,양천구,신정4동
다사43254800,강서구,화곡4동
다사43254825,강서구,화곡4동
다사43504875,강서구,등촌2동
다사43504900,강서구,등촌2동
다사43504925,강서구,등촌2동
다사43504950,강서구,등촌2동
다사43504775,양천구,신정4동
다사43504800,강서구,화곡4동
다사43504825,강서구,화곡4동
다사43504850,강서구,화곡4동
다사43505075,강서구,등촌1동
다사43505100,강서구,가양3동
다사43505125,강서구,가양3동
다사43505150,강서구,가양3동
다사43504975,강서구,등촌2동
다사43505000,강서구,등촌2동
다사43505025,강서구,등촌2동
다사43505050,강서구,등촌1동
다사43504475,구로구,고척1동
다사43504500,구로구,고척1동
다사43504525,구로구,고척2동
다사43504550,양천구,신정7동
다사43504375,구로구,개봉2동
다사43504400,구로구,개봉1동
다사43504425,구로구,고척1동
다사43504450,구로구,고척1동
다사43504675,양천구,신정1동
다사43504700,양천구,신정1동
다사43504725,양천구,신정4동
다사43504750,양천구,신정4동
다사43504575,양천구,신정7동
다사43504600,양천구,신정7동
다사43504625,양천구,신정7동
다사43504650,양천구,신정1동
다사43004450,구로구,고척1동
다사43004475,구로구,고척1동
다사43004500,구로구,고척2동
다사43004525,구로구,고척2동
다사43004350,구로구,개봉2동
다사43004375,구로구,개봉2동
다사43004400,구로구,개봉2동
다사43004425,구로구,개봉1동
다사43004650,양천구,신정1동
다사43004675,양천구,신정1동
다사43004700,양천구,신정4동
다사43004725,양천구,신정4동
다사43004550,구로구,고척2동
다사43004575,양천구,신정3동
다사43004600,양천구,신정3동
다사43004625,양천구,신정1동
다사42755050,강서구,화곡6동
다사42755075,강서구,화곡6동
다사42755100,강서구,등촌3동
다사42755125,강서구,등촌3동
다사42754950,강서구,화곡본동
다사42754975,강서구,화곡6동
다사42755000,강서구,화곡6동
다사42755025,강서구,화곡6동
다사42755250,강서구,가양2동
다사42755275,마포구,상암동
다사43004300,구로구,개봉3동
다사43004325,구로구,개봉3동
다사42755150,강서구,가양2동
다사42755175,강서구,가양2동
다사42755200,강서구,가양2동
다사42755225,강서구,가양2동
다사43005250,마포구,상암동
다사43005275,마포구,상암동
다사43254300,구로구,개봉3동
다사43254325,구로구,개봉3동
다사43005150,강서구,가양3동
다사43005175,강서구,가양2동
다사43005200,강서구,가양2동
다사43005225,강서구,가양2동
다사43254450,구로구,고척1동
다사43254475,구로구,고척1동
다사43254500,구로구,고척1동
다사43254525,구로구,고척2동
다사43254350,구로구,개봉3동
다사43254375,구로구,개봉2동
다사43254400,구로구,개봉1동
다사43254425,구로구,개봉1동
다사43004850,강서구,화곡4동
다사43004875,강서구,화곡4동
다사43004900,강서구,화곡4동
다사43004925,강서구,화곡4동
다사43004750,양천구,신정4동
다사43004775,양천구,신정4동
다사43004800,강서구,화곡2동
다사43004825,강서구,화곡2동
다사43005050,강서구,화곡6동
다사43005075,강서구,등촌1동
다사43005100,강서구,등촌1동
다사43005125,강서구,등촌1동
다사43004950,강서구,등촌2동
다사43004975,강서구,등촌2동
다사43005000,강서구,화곡6동
다사43005025,강서구,화곡6동
다사42504925,강서구,화곡본동
다사42504950,강서구,화곡본동
다사42504975,강서구,화곡본동
다사42505000,강서구,화곡6동
다사42504825,강서구,화곡8동
다사42504850,강서구,화곡8동
다사42504875,강서구,화곡8동
다사42504900,강서구,화곡본동
다사42505125,강서구,등촌3동
다사42505150,강서구,등촌3동
다사42505175,강서구,가양2동
다사42505200,강서구,가양1동
다사42505025,강서구,화곡6동
다사42505050,강서구,화곡6동
다사42505075,강서구,화곡6동
다사42505100,강서구,등촌3동
다사42504525,구로구,고척2동
다사42504550,구로구,고척2동
다사42504575,양천구,신정3동
다사42504600,양천구,신정3동
다사42504425,구로구,개봉1동
다사42504450,구로구,개봉1동
다사42504475,구로구,고척2동
다사42504500,구로구,고척2동
다사42504725,양천구,신월2동
다사42504750,양천구,신정4동
다사42504775,강서구,화곡8동
다사42504800,강서구,화곡8동
다사42504625,양천구,신정3동
다사42504650,양천구,신정3동
다사42504675,양천구,신정3동
다사42504700,양천구,신정3동
다사42754650,양천구,신정3동
다사42754675,양천구,신정1동
다사42754700,양천구,신정4동
다사42754725,양천구,신정4동
다사42754550,구로구,고척2동
다사42754575,구로구,고척2동
다사42754600,양천구,신정3동
다사42754625,양천구,신정3동
다사42754850,강서구,화곡2동
다사42754875,강서구,화곡4동
다사42754900,강서구,화곡4동
다사42754925,강서구,화곡본동
다사42754750,양천구,신정4동
다사42754775,양천구,신정4동
다사42754800,강서구,화곡2동
다사42754825,강서구,화곡2동
다사42754250,구로구,개봉3동
다사42754275,구로구,개봉3동
다사42754300,구로구,개봉3동
다사42754325,구로구,개봉3동
다사42505225,강서구,가양2동
다사42505250,강서구,가양2동
다사42505275,강서구,가양1동
다사42505300,강서구,가양1동
다사42754450,구로구,개봉1동
다사42754475,구로구,고척2동
다사42754500,구로구,고척2동
다사42754525,구로구,고척2동
다사42754350,구로구,개봉2동
다사42754375,구로구,개봉2동
다사42754400,구로구,개봉2동
다사42754425,구로구,개봉1동
다사42254425,구로구,오류1동
다사42254450,구로구,개봉1동
다사42254475,구로구,개봉1동
다사42254500,구로구,고척2동
다사42254325,구로구,개봉3동
다사42254350,구로구,개봉3동
다사42254375,구로구,오류2동
다사42254400,구로구,오류2동
다사42254625,양천구,신정3동
다사42254650,양천구,신월6동
다사42254675,양천구,신월2동
다사42254700,양천구,신정3동
다사42254525,구로구,고척2동
다사42254550,구로구,고척2동
다사42254575,양천구,신정3동
다사42254600,양천구,신정3동
다사42005125,강서구,등촌3동
다사42005150,강서구,등촌3동
다사42005175,강서구,등촌3동
다사42005200,강서구,가양1동
다사42005025,강서구,우장산동
다사42005050,강서구,화곡6동
다사42005075,강서구,우장산동
다사42005100,강서구,우장산동
다사42005325,강서구,가양1동
다사42254250,구로구,개봉3동
다사42254275,구로구,오류2동
다사42254300,구로구,개봉3동
다사42005225,강서구,가양1동
다사42005250,강서구,가양1동
다사42005275,강서구,가양1동
다사42005300,강서구,가양1동
다사42255225,강서구,가양1동
다사42255250,강서구,가양1동
다사42255275,강서구,가양1동
다사42255300,강서구,가양1동
다사42255125,강서구,등촌3동
다사42255150,강서구,등촌3동
다사42255175,강서구,등촌3동
다사42255200,강서구,가양1동
다사42504325,구로구,개봉3동
다사42504350,구로구,개봉2동
다사42504375,구로구,개봉2동
다사42504400,구로구,개봉2동
다사42255325,강서구,가양1동
다사42504250,구로구,개봉3동
다사42504275,구로구,개봉3동
다사42504300,구로구,개봉3동
다사42254825,강서구,화곡8동
다사42254850,강서구,화곡8동
다사42254875,강서구,화곡8동
다사42254900,강서구,화곡본동
다사42254725,양천구,신월2동
다사42254750,양천구,신월2동
다사42254775,강서구,화곡1동
다사42254800,강서구,화곡8동
다사42255025,강서구,화곡6동
다사42255050,강서구,화곡6동
다사42255075,강서구,화곡6동
다사42255100,강서구,등촌3동
다사42254925,강서구,화곡본동
다사42254950,강서구,화곡본동
다사42254975,강서구,화곡본동
다사42255000,강서구,화곡본동
다사41755125,강서구,등촌3동
다사41755150,강서구,등촌3동
다사41755175,강서구,등촌3동
다사41755200,강서구,등촌3동
다사41755025,강서구,우장산동
다사41755050,강서구,우장산동
다사41755075,강서구,우장산동
다사41755100,강서구,우장산동
다사41755325,강서구,가양1동
다사41755350,강서구,가양1동
다사42004175,구로구,오류2동
다사42004200,구로구,오류2동
다사41755225,강서구,가양1동
다사41755250,강서구,가양1동
다사41755275,강서구,가양1동
다사41755300,강서구,가양1동
다사41754725,양천구,신월2동
다사41754750,양천구,신월2동
다사41754775,강서구,화곡1동
다사41754800,강서구,화곡1동
다사41754625,양천구,신월6동
다사41754650,양천구,신월6동
다사41754675,양천구,신월4동
다사41754700,양천구,신월4동
다사41754925,강서구,화곡본동
다사41754950,강서구,우장산동
다사41754975,강서구,우장산동
다사41755000,강서구,우장산동
다사41754825,강서구,화곡1동
다사41754850,강서구,화곡1동
다사41754875,강서구,화곡1동
다사41754900,강서구,화곡본동
다사42004725,양천구,신월2동
다사42004750,양천구,신월2동
다사42004775,강서구,화곡1동
다사42004800,강서구,화곡1동
다사42004625,양천구,신월6동
다사42004650,양천구,신월6동
다사42004675,양천구,신월2동
다사42004700,양천구,신월2동
다사42004925,강서구,화곡본동
다사42004950,강서구,화곡본동
다사42004975,강서구,우장산동
다사42005000,강서구,우장산동
다사42004825,강서구,화곡1동
다사42004850,강서구,화곡8동
다사42004875,강서구,화곡8동
다사42004900,강서구,화곡본동
다사42004325,구로구,오류2동
다사42004350,구로구,오류2동
다사42004375,구로구,오류2동
다사42004400,구로구,오류1동
다사42004225,구로구,오류2동
다사42004250,구로구,오류2동
다사42004275,구로구,오류2동
다사42004300,구로구,오류2동
다사42004525,구로구,개봉1동
다사42004550,양천구,신정3동
다사42004575,양천구,신정3동
다사42004600,양천구,신정3동
다사42004425,구로구,오류1동
다사42004450,구로구,오류1동
다사42004475,구로구,개봉1동
다사42004500,구로구,개봉1동
다사41504750,양천구,신월4동
다사41504775,양천구,신월1동
다사41504800,강서구,화곡1동
다사41504825,강서구,화곡1동
다사41504650,양천구,신월6동
다사41504675,양천구,신월4동
다사41504700,양천구,신월4동
다사41504725,양천구,신월4동
다사41504950,강서구,우장산동
다사41504975,강서구,우장산동
다사41505000,강서구,우장산동
다사41505025,강서구,우장산동
다사41504850,강서구,화곡1동
다사41504875,강서구,화곡1동
다사41504900,강서구,화곡1동
다사41504925,강서구,화곡3동
다사41504350,구로구,오류2동
다사41504375,구로구,오류2동
다사41504400,구로구,오류1동
다사41504425,구로구,오류1동
다사41504250,구로구,오류2동
다사41504275,구로구,오류2동
다사41504300,구로구,오류2동
다사41504325,구로구,오류2동
다사41504550,양천구,신정3동
다사41504575,양천구,신정3동
다사41504600,양천구,신정3동
다사41504625,양천구,신월6동
다사41504450,구로구,오류1동
다사41504475,구로구,개봉1동
다사41504500,양천구,신정3동
다사41504525,양천구,신정3동
다사41754325,구로구,오류2동
다사41754350,구로구,오류2동
다사41754375,구로구,오류2동
다사41754400,구로구,오류1동
다사41754225,구로구,오류2동
다사41754250,구로구,오류2동
다사41754275,구로구,오류2동
다사41754300,구로구,오류2동
다사41754525,양천구,신정3동
다사41754550,양천구,신정3동
다사41754575,양천구,신정3동
다사41754600,양천구,신정3동
다사41754425,구로구,오류1동
다사41754450,구로구,오류1동
다사41754475,구로구,개봉1동
다사41754500,구로구,개봉1동
다사41505150,강서구,가양1동
다사41505175,강서구,가양1동
다사41505200,강서구,가양1동
다사41505225,강서구,가양1동
다사41505050,강서구,우장산동
다사41505075,강서구,우장산동
다사41505100,강서구,우장산동
다사41505125,강서구,등촌3동
다사41505350,강서구,가양1동
다사41505375,강서구,가양1동
다사41754175,구로구,오류2동
다사41754200,구로구,오류2동
다사41505250,강서구,가양1동
다사41505275,강서구,가양1동
다사41505300,강서구,가양1동
다사41505325,강서구,가양1동
다사41254400,구로구,수궁동
다사41254425,구로구,오류1동
다사41254450,구로구,오류1동
다사41254475,양천구,신정3동
다사41254300,구로구,오류2동
다사41254325,구로구,오류2동
다사41254350,구로구,오류2동
다사41254375,구로구,오류2동
다사41254600,양천구,신정3동
다사41254625,양천구,신월6동
다사41254650,양천구,신월7동
다사41254675,양천구,신월7동
다사41254500,양천구,신정3동
다사41254525,양천구,신정3동
다사41254550,양천구,신정3동
다사41254575,양천구,신정3동
다사41005275,강서구,가양1동
다사41005300,강서구,가양1동
다사41005325,강서구,가양1동
다사41005350,강서구,가양1동
다사41005175,강서구,가양1동
다사41005200,강서구,가양1동
다사41005225,강서구,가양1동
다사41005250,강서구,가양1동
다사41254200,구로구,오류2동
다사41254225,구로구,오류2동
다사41254250,구로구,오류2동
다사41254275,구로구,오류2동
다사41005375,강서구,가양1동
다사41005400,강서구,가양1동
다사41005425,강서구,가양1동
다사41254175,구로구,오류2동
다사41255200,강서구,가양1동
다사41255225,강서구,가양1동
다사41255250,강서구,가양1동
다사41255275,강서구,가양1동
다사41255100,강서구,발산1동
다사41255125,강서구,가양1동
다사41255150,강서구,가양1동
다사41255175,강서구,가양1동
다사41255400,강서구,가양1동
다사41504175,구로구,오류2동
다사41504200,구로구,오류2동
다사41504225,구로구,오류2동
다사41255300,강서구,가양1동
다사41255325,강서구,가양1동
다사41255350,강서구,가양1동
다사41255375,강서구,가양1동
다사41254800,양천구,신월1동
다사41254825,양천구,신월1동
다사41254850,강서구,화곡1동
다사41254875,강서구,화곡1동
다사41254700,양천구,신월7동
다사41254725,양천구,신월4동
다사41254750,양천구,신월1동
다사41254775,양천구,신월1동
다사41255000,강서구,우장산동
다사41255025,강서구,발산1동
다사41255050,강서구,발산1동
다사41255075,강서구,발산1동
다사41254900,강서구,화곡1동
다사41254925,강서구,화곡3동
다사41254950,강서구,화곡3동
다사41254975,강서구,화곡3동
다사40755350,강서구,가양1동
다사40755375,강서구,가양1동
다사40755400,강서구,가양1동
다사40755425,강서구,방화3동
다사40755250,강서구,가양1동
다사40755275,강서구,가양1동
다사40755300,강서구,가양1동
다사40755325,강서구,가양1동
다사41004275,구로구,오류2동
다사41004300,구로구,오류2동
다사41004325,구로구,오류2동
다사41004350,구로구,오류2동
다사41004175,구로구,오류2동
다사41004200,구로구,오류2동
다사41004225,구로구,오류2동
다사41004250,구로구,오류2동
다사40754950,강서구,화곡3동
다사40754975,강서구,화곡3동
다사40755000,강서구,발산1동
다사40755025,강서구,발산1동
다사40754850,양천구,신월1동
다사40754875,양천구,신월5동
다사40754900,양천구,신월5동
다사40754925,강서구,화곡3동
다사40755150,강서구,가양1동
다사40755175,강서구,가양1동
다사40755200,강서구,가양1동
다사40755225,강서구,가양1동
다사40755050,강서구,발산1동
다사40755075,강서구,발산1동
다사40755100,강서구,발산1동
다사40755125,강서구,가양1동
다사41004875,양천구,신월5동
다사41004900,양천구,신월5동
다사41004925,강서구,화곡3동
다사41004950,강서구,화곡3동
다사41004775,양천구,신월1동
다사41004800,양천구,신월1동
다사41004825,양천구,신월1동
다사41004850,양천구,신월1동
다사41005075,강서구,발산1동
다사41005100,강서구,발산1동
다사41005125,강서구,가양1동
다사41005150,강서구,가양1동
다사41004975,강서구,화곡3동
다사41005000,강서구,발산1동
다사41005025,강서구,발산1동
다사41005050,강서구,발산1동
다사41004475,구로구,수궁동
다사41004500,구로구,수궁동
다사41004525,양천구,신정3동
다사41004550,양천구,신정3동
다사41004375,구로구,오류2동
다사41004400,구로구,수궁동
다사41004425,구로구,수궁동
다사41004450,구로구,수궁동
다사41004675,양천구,신월7동
다사41004700,양천구,신월7동
다사41004725,양천구,신월7동
다사41004750,양천구,신월3동
다사41004575,양천구,신정3동
다사41004600,양천구,신정3동
다사41004625,양천구,신정3동
다사41004650,양천구,신월7동
다사40505025,강서구,발산1동
다사40505050,강서구,발산1동
다사40505075,강서구,발산1동
다사40505100,강서구,발산1동
다사40504925,양천구,신월5동
다사40504950,양천구,신월5동
다사40504975,양천구,신월5동
다사40505000,강서구,발산1동
다사40505225,강서구,가양1동
다사40505250,강서구,가양1동
다사40505275,강서구,가양1동
다사40505300,강서구,가양1동
다사40505125,강서구,가양1동
다사40505150,강서구,가양1동
다사40505175,강서구,가양1동
다사40505200,강서구,방화1동
다사40504625,양천구,신정3동
다사40504650,양천구,신월7동
다사40504675,양천구,신월7동
다사40504700,양천구,신월7동
다사40504525,구로구,수궁동
다사40504550,구로구,수궁동
다사40504575,양천구,신정3동
다사40504600,양천구,신정3동
다사40504825,양천구,신월3동
다사40504850,양천구,신월3동
다사40504875,양천구,신월5동
다사40504900,양천구,신월5동
다사40504725,양천구,신월7동
다사40504750,양천구,신월3동
다사40504775,양천구,신월3동
다사40504800,양천구,신월3동
다사40754550,양천구,신정3동
다사40754575,양천구,신정3동
다사40754600,양천구,신정3동
다사40754625,양천구,신정3동
다사40754450,구로구,수궁동
다사40754475,구로구,수궁동
다사40754500,구로구,수궁동
다사40754525,구로구,수궁동
다사40754750,양천구,신월3동
다사40754775,양천구,신월3동
다사40754800,양천구,신월3동
다사40754825,양천구,신월1동
다사40754650,양천구,신정3동
다사40754675,양천구,신월7동
다사40754700,양천구,신월7동
다사40754725,양천구,신월7동
다사40505425,강서구,방화3동
다사40505450,강서구,방화3동
다사40754200,구로구,항동
다사40754225,구로구,항동
다사40505325,강서구,가양1동
다사40505350,강서구,가양1동
다사40505375,강서구,가양1동
다사40505400,강서구,방화3동
다사40754350,구로구,오류2동
다사40754375,구로구,오류2동
다사40754400,구로구,수궁동
다사40754425,구로구,수궁동
다사40754250,구로구,항동
다사40754275,구로구,항동
다사40754300,구로구,오류2동
다사40754325,구로구,오류2동
다사40254700,양천구,신월7동
다사40254725,양천구,신월7동
다사40254750,양천구,신월3동
다사40254800,양천구,신월3동
다사40254600,양천구,신월7동
다사40254625,양천구,신월7동
다사40254650,양천구,신월7동
다사40254675,양천구,신월7동
다사40254925,강서구,발산1동
다사40254950,강서구,발산1동
다사40254975,강서구,발산1동
다사40255000,강서구,발산1동
다사40254825,양천구,신월3동
다사40254850,양천구,신월3동
다사40254875,양천구,신월3동
다사40254900,양천구,신월3동
다사40254300,구로구,항동
다사40254325,구로구,항동
다사40254350,구로구,오류2동
다사40254375,구로구,수궁동
다사40254200,구로구,항동
다사40254225,구로구,항동
다사40254250,구로구,항동
다사40254275,구로구,항동
다사40254500,구로구,수궁동
다사40254525,구로구,수궁동
다사40254550,구로구,수궁동
다사40254575,양천구,신월7동
다사40254400,구로구,수궁동
다사40254425,구로구,수궁동
다사40254450,구로구,수궁동
다사40254475,구로구,수궁동
다사40504225,구로구,항동
다사40504250,구로구,항동
다사40504275,구로구,항동
다사40504300,구로구,항동
다사40255425,강서구,방화3동
다사40255450,강서구,방화3동
다사40255475,강서구,방화3동
다사40504200,구로구,항동
다사40504425,구로구,수궁동
다사40504450,구로구,수궁동
다사40504475,구로구,수궁동
다사40504500,구로구,수궁동
다사40504325,구로구,오류2동
다사40504350,구로구,오류2동
다사40504375,구로구,오류2동
다사40504400,구로구,수궁동
다사40255125,강서구,발산1동
다사40255150,강서구,공항동
다사40255175,강서구,방화1동
다사40255200,강서구,방화1동
다사40255025,강서구,발산1동
다사40255050,강서구,발산1동
다사40255075,강서구,발산1동
다사40255100,강서구,발산1동
다사40255325,강서구,가양1동
다사40255350,강서구,방화3동
다사40255375,강서구,방화3동
다사40255400,강서구,방화3동
다사40255225,강서구,가양1동
다사40255250,강서구,가양1동
다사40255275,강서구,가양1동
다사40255300,강서구,가양1동
다사40004225,구로구,항동
다사40004250,구로구,항동
다사40004275,구로구,항동
다사40004300,구로구,항동
다사39755500,강서구,방화3동
다사39755525,강서구,방화2동
다사40004175,구로구,항동
다사40004200,구로구,항동
다사40004425,구로구,수궁동
다사40004450,구로구,수궁동
다사40004475,구로구,수궁동
다사40004500,구로구,수궁동
다사40004325,구로구,항동
다사40004350,구로구,수궁동
다사40004375,구로구,수궁동
다사40004400,구로구,수궁동
다사39755200,강서구,방화1동
다사39755225,강서구,방화1동
다사39755250,강서구,방화1동
다사39755275,강서구,방화1동
다사39755100,강서구,공항동
다사39755125,강서구,공항동
다사39755150,강서구,공항동
다사39755175,강서구,방화1동
다사39755400,강서구,방화3동
다사39755425,강서구,방화3동
다사39755450,강서구,방화3동
다사39755475,강서구,방화3동
다사39755300,강서구,방화3동
다사39755325,강서구,방화3동
다사39755350,강서구,방화3동
다사39755375,강서구,방화3동
다사40005200,강서구,방화1동
다사40005225,강서구,방화1동
다사40005250,강서구,방화1동
다사40005275,강서구,방화3동
다사40005100,강서구,공항동
다사40005125,강서구,공항동
다사40005150,강서구,공항동
다사40005175,강서구,방화1동
다사40005400,강서구,방화3동
다사40005425,강서구,방화3동
다사40005450,강서구,방화3동
다사40005475,강서구,방화3동
다사40005300,강서구,가양1동
다사40005325,강서구,방화3동
다사40005350,강서구,방화3동
다사40005375,강서구,방화3동
다사40004650,양천구,신월7동
다사40004825,양천구,신월3동
다사40004850,양천구,신월3동
다사40004875,양천구,신월3동
다사40004525,구로구,수궁동
다사40004550,구로구,수궁동
다사40004575,양천구,신월7동
다사40004625,양천구,신월7동
다사40005000,강서구,발산1동
다사40005025,강서구,발산1동
다사40005050,강서구,발산1동
다사40005075,강서구,발산1동
다사40004900,양천구,신월3동
다사40004925,강서구,발산1동
다사40004950,강서구,발산1동
다사40004975,강서구,발산1동
다사39504950,강서구,발산1동
다사39504975,강서구,발산1동
다사39505000,강서구,발산1동
다사39505025,강서구,발산1동
다사39504425,구로구,수궁동
다사39504450,구로구,수궁동
다사39504900,강서구,발산1동
다사39504925,강서구,발산1동
다사39505150,강서구,공항동
다사39505175,강서구,공항동
다사39505200,강서구,방화1동
다사39505225,강서구,방화1동
다사39505050,강서구,공항동
다사39505075,강서구,공항동
다사39505100,강서구,공항동
다사39505125,강서구,공항동
다사39255400,강서구,방화2동
다사39255425,강서구,방화2동
다사39255450,강서구,방화2동
다사39255475,강서구,방화2동
다사39255300,강서구,방화3동
다사39255325,강서구,방화3동
다사39255350,강서구,방화3동
다사39255375,강서구,방화3동
다사39504200,구로구,항동
다사39504225,구로구,항동
다사39504375,구로구,수궁동
다사39504400,구로구,수궁동
다사39255500,강서구,방화2동
다사39255525,강서구,방화2동
다사39255550,강서구,방화2동
다사39504175,구로구,항동
다사39754375,구로구,수궁동
다사39754400,구로구,수궁동
다사39754425,구로구,수궁동
다사39754450,구로구,수궁동
다사39754250,구로구,항동
다사39754275,구로구,항동
다사39754300,구로구,항동
다사39754350,구로구,수궁동
다사39755000,강서구,발산1동
다사39755025,강서구,발산1동
다사39755050,강서구,발산1동
다사39755075,강서구,공항동
다사39754475,구로구,수궁동
다사39754925,강서구,발산1동
다사39754950,강서구,발산1동
다사39754975,강서구,발산1동
다사39505350,강서구,방화3동
다사39505375,강서구,방화3동
다사39505400,강서구,방화3동
다사39505425,강서구,방화3동
다사39505250,강서구,방화1동
다사39505275,강서구,방화1동
다사39505300,강서구,방화3동
다사39505325,강서구,방화3동
다사39505550,강서구,방화2동
다사39754175,구로구,항동
다사39754200,구로구,항동
다사39754225,구로구,항동
다사39505450,강서구,방화3동
다사39505475,강서구,방화2동
다사39505500,강서구,방화2동
다사39505525,강서구,방화2동
다사39005025,강서구,공항동
다사39005050,강서구,공항동
다사39005075,강서구,공항동
다사39005100,강서구,공항동
다사39004925,강서구,공항동
다사39004950,강서구,공항동
다사39004975,강서구,공항동
다사39005000,강서구,공항동
다사39005225,강서구,방화2동
다사39005250,강서구,방화2동
다사39005275,강서구,방화2동
다사39005300,강서구,방화3동
다사39005125,강서구,공항동
다사39005150,강서구,공항동
다사39005175,강서구,방화2동
다사39005200,강서구,방화2동
다사38755325,강서구,방화3동
다사38755350,강서구,방화3동
다사38755375,강서구,방화3동
다사38755400,강서구,방화2동
다사38755225,강서구,방화2동
다사38755250,강서구,방화2동
다사38755275,강서구,방화1동
다사38755300,강서구,방화3동
다사38755525,강서구,방화2동
다사38755550,강서구,방화2동
다사38755575,강서구,방화2동
다사38755600,강서구,방화2동
다사38755425,강서구,방화2동
다사38755450,강서구,방화2동
다사38755475,강서구,방화2동
다사38755500,강서구,방화2동
다사39255000,강서구,공항동
다사39255025,강서구,공항동
다사39255050,강서구,공항동
다사39255075,강서구,공항동
다사39254450,구로구,수궁동
다사39254925,강서구,발산1동
다사39254950,강서구,공항동
다사39254975,강서구,공항동
다사39255200,강서구,방화1동
다사39255225,강서구,방화1동
다사39255250,강서구,방화1동
다사39255275,강서구,방화1동
다사39255100,강서구,공항동
다사39255125,강서구,공항동
다사39255150,강서구,공항동
다사39255175,강서구,공항동
다사39005425,강서구,방화2동
다사39005450,강서구,방화2동
다사39005475,강서구,방화2동
다사39005500,강서구,방화2동
다사39005325,강서구,방화3동
다사39005350,강서구,방화3동
다사39005375,강서구,방화3동
다사39005400,강서구,방화2동
다사39254200,구로구,항동
다사39254375,구로구,수궁동
다사39254400,구로구,수궁동
다사39254425,구로구,수궁동
다사39005525,강서구,방화2동
다사39005550,강서구,방화2동
다사39005575,강서구,방화2동
다사39254175,구로구,항동
다사38255550,강서구,방화2동
다사38255575,강서구,방화2동
다사38255600,강서구,방화2동
다사38255625,강서구,방화2동
다사38255450,강서구,방화2동
다사38255475,강서구,방화2동
다사38255500,강서구,방화2동
다사38255525,강서구,방화2동
다사38505050,강서구,공항동
다사38505075,강서구,공항동
다사38505100,강서구,공항동
다사38505125,강서구,공항동
다사38504950,강서구,공항동
다사38504975,강서구,공항동
다사38505000,강서구,공항동
다사38505025,강서구,공항동
다사38255150,강서구,공항동
다사38255175,강서구,방화2동
다사38255200,강서구,방화2동
다사38255225,강서구,방화2동
다사38255050,강서구,공항동
다사38255075,강서구,공항동
다사38255100,강서구,공항동
다사38255125,강서구,공항동
다사38255350,강서구,방화2동
다사38255375,강서구,방화2동
다사38255400,강서구,방화2동
다사38255425,강서구,방화2동
다사38255250,강서구,방화2동
다사38255275,강서구,방화2동
다사38255300,강서구,방화2동
다사38255325,강서구,방화2동
다사38754925,강서구,공항동
다사38754950,강서구,공항동
다사38754975,강서구,공항동
다사38755000,강서구,공항동
다사38505550,강서구,방화2동
다사38505575,강서구,방화2동
다사38505600,강서구,방화2동
다사38505625,강서구,방화2동
다사38755125,강서구,공항동
다사38755150,강서구,방화2동
다사38755175,강서구,방화2동
다사38755200,강서구,방화2동
다사38755025,강서구,공항동
다사38755050,강서구,공항동
다사38755075,강서구,공항동
다사38755100,강서구,공항동
다사38505250,강서구,방화2동
다사38505275,강서구,방화1동
다사38505300,강서구,방화3동
다사38505325,강서구,방화2동
다사38505150,강서구,공항동
다사38505175,강서구,방화2동
다사38505200,강서구,방화2동
다사38505225,강서구,방화2동
다사38505450,강서구,방화2동
다사38505475,강서구,방화2동
다사38505500,강서구,방화2동
다사38505525,강서구,방화2동
다사38505350,강서구,방화2동
다사38505375,강서구,방화2동
다사38505400,강서구,방화2동
다사38505425,강서구,방화2동
다사37755300,강서구,방화2동
다사37755325,강서구,방화2동
다사37755350,강서구,방화2동
다사37755375,강서구,방화2동
다사37755200,강서구,공항동
다사37755225,강서구,공항동
다사37755250,강서구,방화2동
다사37755275,강서구,방화2동
다사37755575,강서구,방화2동
다사38004875,강서구,공항동
다사38004900,강서구,공항동
다사38004925,강서구,공항동
다사37755400,강서구,방화2동
다사37755425,강서구,방화2동
다사37755525,강서구,방화2동
다사37755550,강서구,방화2동
다사37754900,강서구,공항동
다사37754925,강서구,공항동
다사37754950,강서구,공항동
다사37754975,강서구,공항동
다사37505350,강서구,방화2동
다사37505375,강서구,방화2동
다사37505400,강서구,방화2동
다사37754875,강서구,공항동
다사37755100,강서구,공항동
다사37755125,강서구,공항동
다사37755150,강서구,공항동
다사37755175,강서구,공항동
다사37755000,강서구,공항동
다사37755025,강서구,공항동
다사37755050,강서구,공항동
다사37755075,강서구,공항동
다사38005450,강서구,방화2동
다사38005475,강서구,방화2동
다사38005500,강서구,방화2동
다사38005525,강서구,방화2동
다사38005350,강서구,방화2동
다사38005375,강서구,방화2동
다사38005400,강서구,방화2동
다사38005425,강서구,방화2동
다사38254950,강서구,공항동
다사38254975,강서구,공항동
다사38255000,강서구,공항동
다사38255025,강서구,공항동
다사38005550,강서구,방화2동
다사38005575,강서구,방화2동
다사38005600,강서구,방화2동
다사38254925,강서구,공항동
다사38005050,강서구,공항동
다사38005075,강서구,공항동
다사38005100,강서구,공항동
다사38005125,강서구,공항동
다사38004950,강서구,공항동
다사38004975,강서구,공항동
다사38005000,강서구,공항동
다사38005025,강서구,공항동
다사38005250,강서구,방화2동
다사38005275,강서구,방화2동
다사38005300,강서구,방화2동
다사38005325,강서구,방화2동
다사38005150,강서구,공항동
다사38005175,강서구,방화2동
다사38005200,강서구,방화2동
다사38005225,강서구,방화2동
다사37005225,강서구,공항동
다사37005250,강서구,공항동
다사37005275,강서구,공항동
다사37005300,강서구,공항동
다사37005125,강서구,공항동
다사37005150,강서구,공항동
다사37005175,강서구,공항동
다사37005200,강서구,공항동
다사37255000,강서구,공항동
다사37255025,강서구,공항동
다사37255050,강서구,공항동
다사37255075,강서구,공항동
다사37005325,강서구,방화2동
다사37254925,강서구,공항동
다사37254950,강서구,공항동
다사37254975,강서구,공항동
다사36755200,강서구,공항동
다사36755225,강서구,공항동
다사36755250,강서구,공항동
다사36755275,강서구,공항동
다사36755100,강서구,공항동
다사36755125,강서구,공항동
다사36755150,강서구,공항동
다사36755175,강서구,공항동
다사37005025,강서구,공항동
다사37005050,강서구,공항동
다사37005075,강서구,공항동
다사37005100,강서구,공항동
다사36755300,강서구,공항동
다사37004950,강서구,공항동
다사37004975,강서구,공항동
다사37005000,강서구,공항동
다사37505050,강서구,공항동
다사37505075,강서구,공항동
다사37505100,강서구,공항동
다사37505125,강서구,공항동
다사37504950,강서구,공항동
다사37504975,강서구,공항동
다사37505000,강서구,공항동
다사37505025,강서구,공항동
다사37505250,강서구,공항동
다사37505275,강서구,방화2동
다사37505300,강서구,방화2동
다사37505325,강서구,방화2동
다사37505150,강서구,공항동
다사37505175,강서구,공항동
다사37505200,강서구,공항동
다사37505225,강서구,공항동
다사37255200,강서구,공항동
다사37255225,강서구,공항동
다사37255250,강서구,공항동
다사37255275,강서구,공항동
다사37255100,강서구,공항동
다사37255125,강서구,공항동
다사37255150,강서구,공항동
다사37255175,강서구,공항동
다사37504850,강서구,공항동
다사37504875,강서구,공항동
다사37504900,강서구,공항동
다사37504925,강서구,공항동
다사37255300,강서구,방화2동
다사37255325,강서구,방화2동
다사37255350,강서구,방화2동
다사37255375,강서구,방화2동
다사35755150,강서구,공항동
다사35755200,강서구,공항동
다사35755225,강서구,공항동
다사36004975,강서구,공항동
다사35755050,강서구,공항동
다사35755075,강서구,공항동
다사35755100,강서구,공항동
다사35755125,강서구,공항동
다사36005100,강서구,공항동
다사36005125,강서구,공항동
다사36005150,강서구,공항동
다사36005175,강서구,공항동
다사36005000,강서구,공항동
다사36005025,강서구,공항동
다사36005050,강서구,공항동
다사36005075,강서구,공항동
다사35255025,강서구,공항동
다사35255050,강서구,공항동
다사35255075,강서구,공항동
다사35255100,강서구,공항동
다사35005050,강서구,공항동
다사35005075,강서구,공항동
다사35005100,강서구,공항동
다사35505100,강서구,공항동
다사35505125,강서구,공항동
다사35755000,강서구,공항동
다사35755025,강서구,공항동
다사35505000,강서구,공항동
다사35505025,강서구,공항동
다사35505050,강서구,공항동
다사35505075,강서구,공항동
다사36505125,강서구,공항동
다사36505150,강서구,공항동
다사36505175,강서구,공항동
다사36505200,강서구,공항동
다사36505025,강서구,공항동
다사36505050,강서구,공항동
다사36505075,강서구,공항동
다사36505100,강서구,공항동
다사36755000,강서구,공항동
다사36755025,강서구,공항동
다사36755050,강서구,공항동
다사36755075,강서구,공항동
다사36505225,강서구,공항동
다사36505250,강서구,공항동
다사36505275,강서구,공항동
다사36754975,강서구,공항동
다사36255025,강서구,공항동
다사36255050,강서구,공항동
다사36255075,강서구,공항동
다사36255100,강서구,공항동
다사36005200,강서구,공항동
다사36005225,강서구,공항동
다사36254975,강서구,공항동
다사36255000,강서구,공항동
다사36255225,강서구,공항동
다사36255250,강서구,공항동
다사36504975,강서구,공항동
다사36505000,강서구,공항동
다사36255125,강서구,공항동
다사36255150,강서구,공항동
다사36255175,강서구,공항동
다사36255200,강서구,공항동
다사62506525,노원구,상계1동
다사62506550,노원구,상계1동
다사62506575,노원구,상계1동
다사62506600,노원구,상계1동
다사62506425,노원구,상계3·4동
다사62506450,노원구,상계3·4동
다사62506475,노원구,상계3·4동
다사62506500,노원구,상계1동
다사62753875,서초구,내곡동
다사62753900,서초구,내곡동
다사62753925,서초구,내곡동
다사62753950,서초구,내곡동
다사62506625,노원구,상계1동
다사62753800,서초구,내곡동
다사62753825,서초구,내곡동
다사62753850,서초구,내곡동
다사62506125,노원구,중계1동
다사62506150,노원구,중계1동
다사62506175,노원구,중계4동
다사62506200,노원구,중계4동
다사62506025,노원구,하계1동
다사62506050,노원구,하계1동
다사62506075,노원구,중계1동
다사62506100,노원구,중계1동
다사62506325,노원구,상계3·4동
다사62506350,노원구,상계3·4동
다사62506375,노원구,상계3·4동
다사62506400,노원구,상계3·4동
다사62506225,노원구,중계4동
다사62506250,노원구,중계4동
다사62506275,노원구,상계3·4동
다사62506300,노원구,상계3·4동
다사62754475,송파구,잠실본동
다사62754500,송파구,잠실본동
다사62754525,송파구,잠실본동
다사62754550,송파구,잠실본동
다사62754375,강남구,일원1동
다사62754400,강남구,개포3동
다사62754425,강남구,개포3동
다사62754450,송파구,잠실본동
다사62754675,송파구,잠실2동
다사62754700,송파구,잠실2동
다사62754725,광진구,자양2동
다사62754750,광진구,자양2동
다사62754575,송파구,잠실본동
다사62754600,송파구,잠실2동
다사62754625,송파구,잠실2동
다사62754650,송파구,잠실2동
다사62754075,서초구,내곡동
다사62754100,서초구,내곡동
다사62754125,서초구,내곡동
다사62754150,서초구,내곡동
다사62753975,서초구,내곡동
다사62754000,서초구,내곡동
다사62754025,서초구,내곡동
다사62754050,서초구,내곡동
다사62754275,강남구,일원본동
다사62754300,강남구,일원본동
다사62754325,강남구,개포3동
다사62754350,강남구,개포3동
다사62754175,강남구,일원본동
다사62754200,강남구,일원본동
다사62754225,강남구,일원본동
다사62754250,강남구,일원본동
다사62504925,광진구,화양동
다사62504950,광진구,화양동
다사62504975,광진구,능동
다사62505000,광진구,능동
다사62504825,광진구,자양1동
다사62504850,광진구,자양1동
다사62504875,광진구,자양1동
다사62504900,광진구,화양동
다사62505125,광진구,중곡1동
다사62505150,광진구,중곡1동
다사62505175,광진구,중곡1동
다사62505200,광진구,중곡3동
다사62505025,광진구,능동
다사62505050,광진구,군자동
다사62505075,광진구,군자동
다사62505100,광진구,중곡1동
다사62504525,송파구,잠실7동
다사62504550,송파구,잠실7동
다사62504575,송파구,잠실7동
다사62504600,송파구,잠실2동
다사62504425,강남구,개포3동
다사62504450,강남구,개포3동
다사62504475,송파구,잠실본동
다사62504500,송파구,잠실본동
다사62504725,광진구,자양2동
다사62504750,광진구,자양2동
다사62504775,광진구,자양2동
다사62504800,광진구,자양2동
다사62504625,송파구,잠실2동
다사62504650,송파구,잠실2동
다사62504675,송파구,잠실2동
다사62504700,송파구,잠실2동
다사62505725,중랑구,묵1동
다사62505750,중랑구,묵1동
다사62505775,노원구,공릉1동
다사62505800,노원구,공릉1동
다사62505625,중랑구,묵2동
다사62505650,중랑구,묵2동
다사62505675,중랑구,묵2동
다사62505700,중랑구,묵2동
다사62505925,노원구,공릉2동
다사62505950,노원구,하계1동
다사62505975,노원구,하계1동
다사62506000,노원구,하계1동
다사62505825,노원구,공릉1동
다사62505850,노원구,공릉1동
다사62505875,노원구,공릉2동
다사62505900,노원구,공릉2동
다사62505325,동대문구,장안2동
다사62505350,동대문구,휘경2동
다사62505375,중랑구,면목5동
다사62505400,중랑구,면목5동
다사62505225,동대문구,장안1동
다사62505250,동대문구,장안2동
다사62505275,동대문구,장안2동
다사62505300,동대문구,장안2동
다사62505525,중랑구,중화2동
다사62505550,중랑구,중화2동
다사62505575,중랑구,중화2동
다사62505600,중랑구,중화2동
다사62505425,중랑구,면목2동
다사62505450,중랑구,면목2동
다사62505475,중랑구,상봉2동
다사62505500,중랑구,중화2동
다사62256175,노원구,중계4동
다사62256200,노원구,중계4동
다사62256225,노원구,중계4동
다사62256250,노원구,상계5동
다사62256075,노원구,중계1동
다사62256100,노원구,중계1동
다사62256125,노원구,중계1동
다사62256150,노원구,중계1동
다사62256375,노원구,상계3·4동
다사62256400,노원구,상계3·4동
다사62256425,노원구,상계1동
다사62256450,노원구,상계1동
다사62256275,노원구,상계3·4동
다사62256300,노원구,상계3·4동
다사62256325,노원구,상계3·4동
다사62256350,노원구,상계3·4동
다사62255775,노원구,공릉1동
다사62255800,노원구,공릉1동
다사62255825,노원구,공릉1동
다사62255850,노원구,공릉1동
다사62255675,중랑구,묵2동
다사62255700,중랑구,묵2동
다사62255725,중랑구,묵2동
다사62255750,노원구,공릉1동
다사62255975,노원구,하계1동
다사62256000,노원구,하계1동
다사62256025,노원구,하계1동
다사62256050,노원구,하계1동
다사62255875,노원구,공릉1동
다사62255900,노원구,공릉2동
다사62255925,노원구,하계1동
다사62255950,노원구,하계1동
다사62504125,서초구,내곡동
다사62504150,서초구,내곡동
다사62504175,강남구,일원본동
다사62504200,강남구,일원본동
다사62504025,서초구,내곡동
다사62504050,서초구,내곡동
다사62504075,서초구,내곡동
다사62504100,서초구,내곡동
다사62504325,강남구,개포2동
다사62504350,강남구,개포3동
다사62504375,강남구,개포3동
다사62504400,강남구,개포3동
다사62504225,강남구,일원본동
다사62504250,강남구,일원본동
다사62504275,강남구,일원본동
다사62504300,강남구,개포2동
다사62256575,노원구,상계1동
다사62256600,노원구,상계1동
다사62256625,노원구,상계1동
다사62503800,서초구,내곡동
다사62256475,노원구,상계1동
다사62256500,노원구,상계1동
다사62256525,노원구,상계1동
다사62256550,노원구,상계1동
다사62503925,서초구,내곡동
다사62503950,서초구,내곡동
다사62503975,서초구,내곡동
다사62504000,서초구,내곡동
다사62503825,서초구,내곡동
다사62503850,서초구,내곡동
다사62503875,서초구,내곡동
다사62503900,서초구,내곡동
다사62254575,송파구,잠실2동
다사62254600,송파구,잠실2동
다사62254625,송파구,잠실2동
다사62254650,송파구,잠실2동
다사62254475,송파구,잠실본동
다사62254500,송파구,잠실7동
다사62254525,송파구,잠실7동
다사62254550,송파구,잠실7동
다사62254775,광진구,자양3동
다사62254800,광진구,자양3동
다사62254825,광진구,자양3동
다사62254850,광진구,자양3동
다사62254675,송파구,잠실2동
다사62254700,송파구,잠실2동
다사62254725,광진구,자양2동
다사62254750,광진구,자양2동
다사62254175,강남구,개포1동
다사62254200,강남구,일원본동
다사62254225,강남구,일원본동
다사62254250,강남구,개포1동
다사62254075,서초구,내곡동
다사62254100,서초구,내곡동
다사62254125,서초구,내곡동
다사62254150,서초구,내곡동
다사62254375,강남구,개포3동
다사62254400,강남구,개포3동
다사62254425,강남구,개포3동
다사62254450,강남구,대치2동
다사62254275,강남구,개포1동
다사62254300,강남구,개포2동
다사62254325,강남구,개포2동
다사62254350,강남구,개포2동
다사62255375,동대문구,휘경2동
다사62255400,중랑구,면목2동
다사62255425,중랑구,면목2동
다사62255450,중랑구,면목2동
다사62255275,동대문구,장안2동
다사62255300,동대문구,장안2동
다사62255325,동대문구,장안2동
다사62255350,동대문구,장안2동
다사62255575,중랑구,중화2동
다사62255600,중랑구,중화2동
다사62255625,중랑구,묵2동
다사62255650,중랑구,묵2동
다사62255475,중랑구,상봉2동
다사62255500,중랑구,중화2동
다사62255525,중랑구,중화2동
다사62255550,중랑구,중화2동
다사62254975,광진구,군자동
다사62255000,광진구,군자동
다사62255025,광진구,군자동
다사62255050,광진구,군자동
다사62254875,광진구,자양3동
다사62254900,광진구,화양동
다사62254925,광진구,화양동
다사62254950,광진구,화양동
다사62255175,동대문구,장안1동
다사62255200,동대문구,장안1동
다사62255225,동대문구,장안1동
다사62255250,동대문구,장안2동
다사62255075,광진구,군자동
다사62255100,광진구,군자동
다사62255125,광진구,중곡1동
다사62255150,광진구,중곡1동
다사62005825,노원구,공릉1동
다사62005850,노원구,공릉1동
다사62005875,노원구,공릉1동
다사62005900,노원구,공릉1동
다사62005725,성북구,석관동
다사62005750,노원구,월계3동
다사62005775,노원구,월계3동
다사62005800,노원구,공릉1동
다사62006025,노원구,중계2·3동
다사62006050,노원구,중계2·3동
다사62006075,노원구,중계1동
다사62006100,노원구,중계1동
다사62005925,노원구,하계1동
다사62005950,노원구,하계1동
다사62005975,노원구,하계1동
다사62006000,노원구,하계1동
다사62005425,동대문구,휘경2동
다사62005450,중랑구,면목2동
다사62005475,중랑구,상봉2동
다사62005500,중랑구,중화2동
다사62005325,동대문구,장안2동
다사62005350,동대문구,장안2동
다사62005375,동대문구,휘경2동
다사62005400,동대문구,휘경2동
다사62005625,동대문구,이문2동
다사62005650,성북구,석관동
다사62005675,성북구,석관동
다사62005700,성북구,석관동
다사62005525,중랑구,중화2동
다사62005550,동대문구,이문2동
다사62005575,동대문구,이문2동
다사62005600,동대문구,이문2동
다사62253750,서초구,내곡동
다사62253800,서초구,내곡동
다사62253825,서초구,내곡동
다사62253850,서초구,내곡동
다사62006525,노원구,상계1동
다사62006550,노원구,상계1동
다사62006575,노원구,상계1동
다사62006600,노원구,상계1동
다사62253975,서초구,내곡동
다사62254000,서초구,내곡동
다사62254025,서초구,내곡동
다사62254050,서초구,내곡동
다사62253875,서초구,내곡동
다사62253900,서초구,내곡동
다사62253925,서초구,내곡동
다사62253950,서초구,내곡동
다사62006225,노원구,상계5동
다사62006250,노원구,상계5동
다사62006275,노원구,상계5동
다사62006300,노원구,상계5동
다사62006125,노원구,중계1동
다사62006150,노원구,상계2동
다사62006175,노원구,상계2동
다사62006200,노원구,상계2동
다사62006425,노원구,상계1동
다사62006450,노원구,상계1동
다사62006475,노원구,상계1동
다사62006500,노원구,상계1동
다사62006325,노원구,상계3·4동
다사62006350,노원구,상계3·4동
다사62006375,노원구,상계3·4동
다사62006400,노원구,상계1동
다사62004225,강남구,개포1동
다사62004250,강남구,개포1동
다사62004275,강남구,개포2동
다사62004300,강남구,개포2동
다사62004125,서초구,내곡동
다사62004150,서초구,내곡동
다사62004175,강남구,개포1동
다사62004200,강남구,개포1동
다사62004425,강남구,대치2동
다사62004450,강남구,대치2동
다사62004475,강남구,대치2동
다사62004500,송파구,잠실7동
다사62004325,강남구,개포2동
다사62004350,강남구,개포2동
다사62004375,강남구,대치2동
다사62004400,강남구,대치2동
다사62003825,서초구,내곡동
다사62003850,서초구,내곡동
다사62003875,서초구,내곡동
다사62003900,서초구,내곡동
다사62003725,서초구,내곡동
다사62003750,서초구,내곡동
다사62003775,서초구,내곡동
다사62003800,서초구,내곡동
다사62004025,서초구,내곡동
다사62004050,서초구,내곡동
다사62004075,서초구,내곡동
다사62004100,서초구,내곡동
다사62003925,서초구,내곡동
다사62003950,서초구,내곡동
다사62003975,서초구,내곡동
다사62004000,서초구,내곡동
다사62005025,광진구,군자동
다사62005050,광진구,군자동
다사62005075,성동구,송정동
다사62005100,성동구,송정동
다사62004925,광진구,화양동
다사62004950,광진구,화양동
다사62004975,광진구,화양동
다사62005000,광진구,군자동
다사62005225,동대문구,장안2동
다사62005250,동대문구,장안2동
다사62005275,동대문구,장안2동
다사62005300,동대문구,장안2동
다사62005125,동대문구,장안1동
다사62005150,동대문구,장안1동
다사62005175,동대문구,장안1동
다사62005200,동대문구,장안2동
다사62004625,송파구,잠실2동
다사62004650,송파구,잠실2동
다사62004675,송파구,잠실2동
다사62004700,송파구,잠실2동
다사62004525,송파구,잠실7동
다사62004550,송파구,잠실7동
다사62004575,송파구,잠실2동
다사62004600,송파구,잠실2동
다사62004825,광진구,자양3동
다사62004850,광진구,자양3동
다사62004875,광진구,자양3동
다사62004900,광진구,화양동
다사62004725,광진구,자양3동
다사62004750,광진구,자양3동
다사62004775,광진구,자양3동
다사62004800,광진구,자양3동
다사61755575,동대문구,이문2동
다사61755600,동대문구,이문2동
다사61755625,동대문구,이문2동
다사61755650,성북구,석관동
다사61755475,동대문구,휘경1동
다사61755500,동대문구,휘경1동
다사61755525,동대문구,이문1동
다사61755550,동대문구,이문2동
다사61755775,노원구,월계3동
다사61755800,노원구,월계3동
다사61755825,노원구,월계3동
다사61755850,노원구,공릉1동
다사61755675,성북구,석관동
다사61755700,성북구,석관동
다사61755725,성북구,석관동
다사61755750,노원구,월계3동
다사61755175,동대문구,장안1동
다사61755200,동대문구,장안1동
다사61755225,동대문구,장안1동
다사61755250,동대문구,장안1동
다사61755075,성동구,용답동
다사61755100,성동구,용답동
다사61755125,성동구,용답동
다사61755150,동대문구,장안1동
다사61755375,동대문구,휘경2동
다사61755400,동대문구,휘경2동
다사61755425,동대문구,휘경2동
다사61755450,동대문구,휘경2동
다사61755275,동대문구,장안2동
다사61755300,동대문구,장안2동
다사61755325,동대문구,장안2동
다사61755350,동대문구,장안2동
다사61756375,노원구,상계3·4동
다사61756400,노원구,상계1동
다사61756425,노원구,상계1동
다사61756450,노원구,상계1동
다사61756275,노원구,상계5동
다사61756300,노원구,상계5동
다사61756325,노원구,상계9동
다사61756350,노원구,상계3·4동
다사61756575,노원구,상계1동
다사61756600,노원구,상계1동
다사62003675,서초구,내곡동
다사62003700,서초구,내곡동
다사61756475,노원구,상계1동
다사61756500,노원구,상계1동
다사61756525,노원구,상계1동
다사61756550,노원구,상계1동
다사61755975,노원구,하계1동
다사61756000,노원구,중계2·3동
다사61756025,노원구,중계2·3동
다사61756050,노원구,중계2·3동
다사61755875,노원구,공릉1동
다사61755900,노원구,공릉1동
다사61755925,노원구,하계2동
다사61755950,노원구,하계2동
다사61756175,노원구,상계2동
다사61756200,노원구,상계2동
다사61756225,노원구,상계2동
다사61756250,노원구,상계5동
다사61756075,노원구,중계2·3동
다사61756100,노원구,중계2·3동
다사61756125,노원구,상계6·7동
다사61756150,노원구,상계2동
다사61753975,서초구,내곡동
다사61754000,서초구,내곡동
다사61754025,서초구,내곡동
다사61754050,서초구,내곡동
다사61753875,서초구,내곡동
다사61753900,서초구,내곡동
다사61753925,서초구,내곡동
다사61753950,서초구,내곡동
다사61754175,강남구,개포1동
다사61754200,강남구,개포1동
다사61754225,강남구,개포1동
다사61754250,강남구,개포2동
다사61754075,서초구,내곡동
다사61754100,서초구,내곡동
다사61754125,서초구,내곡동
다사61754150,서초구,내곡동
다사61506525,노원구,상계1동
다사61506550,노원구,상계1동
다사61506575,노원구,상계1동
다사61506600,노원구,상계1동
다사61506425,노원구,상계1동
다사61506450,노원구,상계1동
다사61506475,노원구,상계1동
다사61506500,노원구,상계1동
다사61753775,서초구,내곡동
다사61753800,서초구,내곡동
다사61753825,서초구,내곡동
다사61753850,서초구,내곡동
다사61753675,서초구,내곡동
다사61753700,서초구,내곡동
다사61753725,서초구,내곡동
다사61753750,서초구,내곡동
다사61754775,광진구,자양3동
다사61754800,광진구,자양3동
다사61754825,광진구,자양3동
다사61754850,광진구,자양4동
다사61754675,송파구,잠실2동
다사61754700,송파구,잠실2동
다사61754725,광진구,자양3동
다사61754750,광진구,자양3동
다사61754975,광진구,화양동
다사61755000,광진구,군자동
다사61755025,성동구,송정동
다사61755050,성동구,송정동
다사61754875,광진구,자양4동
다사61754900,광진구,화양동
다사61754925,광진구,화양동
다사61754950,광진구,화양동
다사61754375,강남구,대치2동
다사61754400,강남구,대치2동
다사61754425,강남구,대치2동
다사61754450,강남구,대치2동
다사61754275,강남구,개포2동
다사61754300,강남구,개포2동
다사61754325,강남구,개포2동
다사61754350,강남구,개포2동
다사61754575,송파구,잠실2동
다사61754600,송파구,잠실2동
다사61754625,송파구,잠실2동
다사61754650,송파구,잠실2동
다사61754475,강남구,대치2동
다사61754500,강남구,대치2동
다사61754525,강남구,대치2동
다사61754550,강남구,대치2동
다사61505325,동대문구,전농2동
다사61505350,동대문구,전농2동
다사61505375,동대문구,휘경2동
다사61505400,동대문구,휘경2동
다사61505225,동대문구,장안1동
다사61505250,동대문구,답십리2동
다사61505275,동대문구,답십리2동
다사61505300,동대문구,전농2동
다사61505525,동대문구,이문1동
다사61505550,동대문구,이문2동
다사61505575,동대문구,이문2동
다사61505600,동대문구,이문2동
다사61505425,동대문구,휘경2동
다사61505450,동대문구,휘경2동
다사61505475,동대문구,휘경1동
다사61505500,동대문구,휘경1동
다사61504925,광진구,화양동
다사61504950,성동구,성수2가3동
다사61504975,성동구,성수2가3동
다사61505000,성동구,송정동
다사61504825,광진구,자양4동
다사61504850,광진구,자양4동
다사61504875,광진구,자양4동
다사61504900,광진구,자양4동
다사61505125,성동구,용답동
다사61505150,동대문구,장안1동
다사61505175,동대문구,장안1동
다사61505200,동대문구,장안1동
다사61505025,성동구,송정동
다사61505050,성동구,용답동
다사61505075,성동구,용답동
다사61505100,성동구,용답동
다사61506125,노원구,상계6·7동
다사61506150,노원구,상계6·7동
다사61506175,노원구,상계2동
다사61506200,노원구,상계2동
다사61506025,노원구,중계2·3동
다사61506050,노원구,중계2·3동
다사61506075,노원구,중계2·3동
다사61506100,노원구,상계6·7동
다사61506325,노원구,상계9동
다사61506350,노원구,상계9동
다사61506375,노원구,상계1동
다사61506400,노원구,상계1동
다사61506225,노원구,상계10동
다사61506250,노원구,상계9동
다사61506275,노원구,상계9동
다사61506300,노원구,상계9동
다사61505725,노원구,월계1동
다사61505750,노원구,월계3동
다사61505775,노원구,월계3동
다사61505800,노원구,월계3동
다사61505625,성북구,석관동
다사61505650,성북구,석관동
다사61505675,성북구,석관동
다사61505700,성북구,석관동
다사61505925,노원구,하계2동
다사61505950,노원구,하계2동
다사61505975,노원구,하계2동
다사61506000,노원구,중계2·3동
다사61505825,노원구,월계3동
다사61505850,노원구,월계3동
다사61505875,노원구,공릉1동
다사61505900,노원구,공릉1동
다사61503725,서초구,내곡동
다사61503750,서초구,내곡동
다사61503775,서초구,내곡동
다사61503800,서초구,내곡동
다사61256600,노원구,상계1동
다사61503650,서초구,내곡동
다사61503675,서초구,내곡동
다사61503700,서초구,내곡동
다사61503925,서초구,내곡동
다사61503950,서초구,내곡동
다사61503975,서초구,내곡동
다사61504000,서초구,내곡동
다사61503825,서초구,내곡동
다사61503850,서초구,내곡동
다사61503875,서초구,내곡동
다사61503900,서초구,내곡동
다사61256300,노원구,상계9동
다사61256325,노원구,상계9동
다사61256350,노원구,상계9동
다사61256375,노원구,상계1동
다사61256200,노원구,상계2동
다사61256225,노원구,상계10동
다사61256250,노원구,상계10동
다사61256275,노원구,상계10동
다사61256500,노원구,상계1동
다사61256525,노원구,상계1동
다사61256550,노원구,상계1동
다사61256575,노원구,상계1동
다사61256400,노원구,상계1동
다사61256425,노원구,상계1동
다사61256450,노원구,상계1동
다사61256475,노원구,상계1동
다사61504525,강남구,대치2동
다사61504550,강남구,대치2동
다사61504575,강남구,삼성1동
다사61504600,강남구,삼성1동
다사61504425,강남구,대치2동
다사61504450,강남구,대치2동
다사61504475,강남구,대치2동
다사61504500,강남구,대치2동
다사61504725,강남구,삼성1동
다사61504750,광진구,자양3동
다사61504775,광진구,자양4동
다사61504800,광진구,자양4동
다사61504625,강남구,삼성1동
다사61504650,강남구,삼성1동
다사61504675,강남구,삼성1동
다사61504700,강남구,삼성1동
다사61504125,서초구,내곡동
다사61504150,서초구,내곡동
다사61504175,강남구,개포1동
다사61504200,강남구,개포1동
다사61504025,서초구,내곡동
다사61504050,서초구,내곡동
다사61504075,서초구,내곡동
다사61504100,서초구,내곡동
다사61504325,강남구,개포2동
다사61504350,강남구,대치2동
다사61504375,강남구,대치2동
다사61504400,강남구,대치2동
다사61504225,강남구,개포2동
다사61504250,강남구,개포2동
다사61504275,강남구,개포2동
다사61504300,강남구,개포2동
다사61255100,성동구,용답동
다사61255125,성동구,용답동
다사61255150,동대문구,장안1동
다사61255175,동대문구,장안1동
다사61255000,성동구,송정동
다사61255025,성동구,용답동
다사61255050,성동구,용답동
다사61255075,성동구,용답동
다사61255300,동대문구,전농2동
다사61255325,동대문구,전농2동
다사61255350,동대문구,전농2동
다사61255375,동대문구,전농2동
다사61255200,동대문구,답십리2동
다사61255225,동대문구,답십리2동
다사61255250,동대문구,답십리2동
다사61255275,동대문구,답십리2동
다사61254700,강남구,삼성1동
다사61254725,강남구,청담동
다사61254750,광진구,자양4동
다사61254775,광진구,자양4동
다사61254600,강남구,삼성1동
다사61254625,강남구,삼성1동
다사61254650,강남구,삼성1동
다사61254675,강남구,삼성1동
다사61254900,성동구,성수2가3동
다사61254925,성동구,성수2가3동
다사61254950,성동구,성수2가3동
다사61254975,성동구,성수2가3동
다사61254800,광진구,자양4동
다사61254825,광진구,자양4동
다사61254850,광진구,자양4동
다사61254875,광진구,자양4동
다사61255900,노원구,월계3동
다사61255925,노원구,월계3동
다사61255950,노원구,하계2동
다사61255975,노원구,중계2·3동
다사61255800,노원구,월계1동
다사61255825,노원구,월계3동
다사61255850,노원구,월계3동
다사61255875,노원구,월계3동
다사61256100,노원구,상계6·7동
다사61256125,노원구,상계6·7동
다사61256150,노원구,상계6·7동
다사61256175,노원구,상계2동
다사61256000,노원구,중계2·3동
다사61256025,노원구,중계2·3동
다사61256050,노원구,중계2·3동
다사61256075,노원구,상계6·7동
다사61255500,동대문구,이문1동
다사61255525,동대문구,이문1동
다사61255550,동대문구,이문1동
다사61255575,동대문구,이문2동
다사61255400,동대문구,휘경2동
다사61255425,동대문구,휘경2동
다사61255450,동대문구,휘경1동
다사61255475,동대문구,휘경1동
다사61255700,성북구,석관동
다사61255725,노원구,월계1동
다사61255750,노원구,월계1동
다사61255775,노원구,월계1동
다사61255600,동대문구,이문2동
다사61255625,성북구,석관동
다사61255650,성북구,석관동
다사61255675,성북구,석관동
다사61006450,노원구,상계1동
다사61006475,노원구,상계1동
다사61006500,노원구,상계1동
다사61006525,노원구,상계1동
다사61006350,노원구,상계9동
다사61006375,노원구,상계1동
다사61006400,노원구,상계1동
다사61006425,노원구,상계1동
다사61253700,서초구,내곡동
다사61253725,서초구,양재2동
다사61253750,서초구,양재2동
다사61253775,서초구,내곡동
다사61006550,노원구,상계1동
다사61006575,노원구,상계1동
다사61253650,서초구,내곡동
다사61253675,서초구,내곡동
다사61006050,노원구,상계6·7동
다사61006075,노원구,상계6·7동
다사61006100,노원구,상계6·7동
다사61006125,노원구,상계6·7동
다사61005950,노원구,월계3동
다사61005975,노원구,하계2동
다사61006000,노원구,상계6·7동
다사61006025,노원구,상계6·7동
다사61006250,노원구,상계10동
다사61006275,노원구,상계10동
다사61006300,노원구,상계9동
다사61006325,노원구,상계9동
다사61006150,노원구,상계6·7동
다사61006175,노원구,상계10동
다사61006200,노원구,상계10동
다사61006225,노원구,상계10동
다사61254300,강남구,개포2동
다사61254325,강남구,개포2동
다사61254350,강남구,대치1동
다사61254375,강남구,대치1동
다사61254200,강남구,개포1동
다사61254225,강남구,개포1동
다사61254250,강남구,개포2동
다사61254275,강남구,개포2동
다사61254500,강남구,대치2동
다사61254525,강남구,대치2동
다사61254550,강남구,삼성1동
다사61254575,강남구,삼성1동
다사61254400,강남구,대치2동
다사61254425,강남구,대치2동
다사61254450,강남구,대치2동
다사61254475,강남구,대치2동
다사61253900,서초구,내곡동
다사61253925,서초구,내곡동
다사61253950,서초구,내곡동
다사61253975,서초구,내곡동
다사61253800,서초구,내곡동
다사61253825,서초구,내곡동
다사61253850,서초구,내곡동
다사61253875,서초구,내곡동
다사61254100,서초구,내곡동
다사61254125,서초구,내곡동
다사61254150,강남구,개포1동
다사61254175,강남구,개포1동
다사61254000,서초구,내곡동
다사61254025,서초구,내곡동
다사61254050,서초구,내곡동
다사61254075,서초구,내곡동
다사61004850,성동구,성수2가1동
다사61004875,성동구,성수2가1동
다사61004900,성동구,성수2가1동
다사61004925,성동구,성수2가3동
다사61004750,강남구,청담동
다사61004775,광진구,자양4동
다사61004800,광진구,자양4동
다사61004825,광진구,자양4동
다사61005050,성동구,용답동
다사61005075,성동구,용답동
다사61005100,성동구,용답동
다사61005125,성동구,용답동
다사61004950,성동구,성수2가3동
다사61004975,성동구,성수2가3동
다사61005000,성동구,송정동
다사61005025,성동구,용답동
다사61004450,강남구,대치4동
다사61004475,강남구,대치2동
다사61004500,강남구,대치2동
다사61004525,강남구,대치2동
다사61004350,강남구,대치1동
다사61004375,강남구,대치1동
다사61004400,강남구,대치1동
다사61004425,강남구,대치1동
다사61004650,강남구,삼성1동
다사61004675,강남구,삼성1동
다사61004700,강남구,청담동
다사61004725,강남구,청담동
다사61004550,강남구,삼성1동
다사61004575,강남구,삼성1동
다사61004600,강남구,삼성1동
다사61004625,강남구,삼성1동
다사61005650,성북구,석관동
다사61005675,성북구,석관동
다사61005700,성북구,장위3동
다사61005725,성북구,장위3동
다사61005550,동대문구,이문1동
다사61005575,동대문구,이문1동
다사61005600,성북구,석관동
다사61005625,성북구,석관동
다사61005850,노원구,월계1동
다사61005875,노원구,월계1동
다사61005900,노원구,월계3동
다사61005925,노원구,월계3동
다사61005750,노원구,월계1동
다사61005775,노원구,월계1동
다사61005800,노원구,월계1동
다사61005825,노원구,월계1동
다사61005250,동대문구,답십리2동
다사61005275,동대문구,답십리2동
다사61005300,동대문구,전농2동
다사61005325,동대문구,전농2동
다사61005150,동대문구,장안1동
다사61005175,동대문구,답십리2동
다사61005200,동대문구,답십리2동
다사61005225,동대문구,답십리2동
다사61005450,동대문구,휘경1동
다사61005475,동대문구,휘경1동
다사61005500,동대문구,이문1동
다사61005525,동대문구,이문1동
다사61005350,동대문구,전농2동
다사61005375,동대문구,전농2동
다사61005400,동대문구,휘경2동
다사61005425,동대문구,휘경2동
다사60756150,노원구,상계6·7동
다사60756175,노원구,상계10동
다사60756200,노원구,상계10동
다사60756225,노원구,상계10동
다사60756050,노원구,상계6·7동
다사60756075,노원구,상계6·7동
다사60756100,노원구,상계6·7동
다사60756125,노원구,상계6·7동
다사60756350,노원구,상계1동
다사60756375,노원구,상계1동
다사60756400,노원구,상계1동
다사60756425,노원구,상계1동
다사60756250,노원구,상계8동
다사60756275,노원구,상계8동
다사60756300,노원구,상계8동
다사60756325,노원구,상계8동
다사60755750,성북구,장위3동
다사60755775,노원구,월계1동
다사60755800,노원구,월계1동
다사60755825,노원구,월계1동
다사60755650,성북구,석관동
다사60755675,성북구,석관동
다사60755700,성북구,장위2동
다사60755725,성북구,장위3동
다사60755950,노원구,월계2동
다사60755975,노원구,월계2동
다사60756000,노원구,상계6·7동
다사60756025,노원구,상계6·7동
다사60755850,노원구,월계1동
다사60755875,노원구,월계1동
다사60755900,노원구,월계2동
다사60755925,노원구,월계2동
다사61004050,서초구,내곡동
다사61004075,서초구,내곡동
다사61004100,서초구,내곡동
다사61004125,강남구,개포4동
다사61003950,서초구,내곡동
다사61003975,서초구,내곡동
다사61004000,서초구,내곡동
다사61004025,서초구,내곡동
다사61004250,강남구,개포1동
다사61004275,강남구,개포2동
다사61004300,강남구,개포2동
다사61004325,강남구,개포2동
다사61004150,강남구,개포4동
다사61004175,강남구,개포1동
다사61004200,강남구,개포1동
다사61004225,강남구,개포1동
다사60756550,노원구,상계1동
다사61003675,서초구,양재2동
다사61003700,서초구,양재2동
다사61003725,서초구,양재2동
다사60756450,노원구,상계1동
다사60756475,노원구,상계1동
다사60756500,노원구,상계1동
다사60756525,노원구,상계1동
다사61003850,서초구,내곡동
다사61003875,서초구,내곡동
다사61003900,서초구,내곡동
다사61003925,서초구,내곡동
다사61003750,서초구,양재2동
다사61003775,서초구,양재2동
다사61003800,서초구,내곡동
다사61003825,서초구,내곡동
다사60754550,강남구,삼성1동
다사60754575,강남구,삼성1동
다사60754600,강남구,삼성1동
다사60754625,강남구,삼성1동
다사60754450,강남구,대치4동
다사60754475,강남구,대치4동
다사60754500,강남구,대치4동
다사60754525,강남구,대치2동
다사60754750,강남구,청담동
다사60754775,광진구,자양4동
다사60754800,성동구,성수2가1동
다사60754825,성동구,성수2가1동
다사60754650,강남구,삼성1동
다사60754675,강남구,청담동
다사60754700,강남구,청담동
다사60754725,강남구,청담동
다사60754150,강남구,개포4동
다사60754175,강남구,개포4동
다사60754200,강남구,개포1동
다사60754225,강남구,개포1동
다사60754050,서초구,내곡동
다사60754075,서초구,내곡동
다사60754100,강남구,개포4동
다사60754125,강남구,개포4동
다사60754350,강남구,대치1동
다사60754375,강남구,대치1동
다사60754400,강남구,대치1동
다사60754425,강남구,대치4동
다사60754250,강남구,개포1동
다사60754275,강남구,개포1동
다사60754300,강남구,개포2동
다사60754325,강남구,대치1동
다사60755350,동대문구,전농2동
다사60755375,동대문구,전농2동
다사60755400,동대문구,전농2동
다사60755425,동대문구,휘경2동
다사60755250,동대문구,답십리1동
다사60755275,동대문구,답십리1동
다사60755300,동대문구,전농1동
다사60755325,동대문구,전농2동
다사60755550,동대문구,이문1동
다사60755575,성북구,석관동
다사60755600,성북구,석관동
다사60755625,성북구,석관동
다사60755450,동대문구,휘경1동
다사60755475,동대문구,이문1동
다사60755500,동대문구,이문1동
다사60755525,동대문구,이문1동
다사60754950,성동구,성수2가3동
다사60754975,성동구,성수2가3동
다사60755000,성동구,송정동
다사60755025,성동구,용답동
다사60754850,성동구,성수2가1동
다사60754875,성동구,성수2가1동
다사60754900,성동구,성수2가1동
다사60754925,성동구,성수2가3동
다사60755150,성동구,용답동
다사60755175,동대문구,답십리2동
다사60755200,동대문구,답십리1동
다사60755225,동대문구,답십리1동
다사60755050,성동구,용답동
다사60755075,성동구,용답동
다사60755100,성동구,용답동
다사60755125,성동구,용답동
다사60505850,노원구,월계1동
다사60505875,노원구,월계2동
다사60505900,노원구,월계2동
다사60505925,노원구,월계2동
다사60505750,성북구,장위3동
다사60505775,성북구,장위3동
다사60505800,노원구,월계1동
다사60505825,노원구,월계1동
다사60506050,도봉구,창4동
다사60506075,도봉구,창4동
다사60506100,도봉구,창4동
다사60506125,도봉구,창4동
다사60505950,노원구,월계2동
다사60505975,노원구,월계2동
다사60506000,노원구,월계2동
다사60506025,도봉구,창4동
다사60505450,동대문구,회기동
다사60505475,동대문구,회기동
다사60505500,동대문구,회기동
다사60505525,동대문구,회기동
다사60505350,동대문구,전농1동
다사60505375,동대문구,전농2동
다사60505400,동대문구,전농1동
다사60505425,동대문구,휘경1동
다사60505650,성북구,석관동
다사60505675,성북구,장위2동
다사60505700,성북구,장위2동
다사60505725,성북구,장위2동
다사60505550,동대문구,이문1동
다사60505575,성북구,석관동
다사60505600,성북구,석관동
다사60505625,성북구,석관동
다사60753750,서초구,양재2동
다사60753775,서초구,양재2동
다사60753800,서초구,양재2동
다사60753825,서초구,양재2동
다사60506550,노원구,상계1동
다사60753675,서초구,양재2동
다사60753700,서초구,양재2동
다사60753725,서초구,양재2동
다사60753950,서초구,내곡동
다사60753975,서초구,내곡동
다사60754000,서초구,내곡동
다사60754025,서초구,내곡동
다사60753850,서초구,내곡동
다사60753875,서초구,내곡동
다사60753900,서초구,내곡동
다사60753925,서초구,내곡동
다사60506250,노원구,상계8동
다사60506275,노원구,상계8동
다사60506300,노원구,상계8동
다사60506325,노원구,상계8동
다사60506150,도봉구,창4동
다사60506175,도봉구,창4동
다사60506200,노원구,상계10동
다사60506225,노원구,상계10동
다사60506450,노원구,상계1동
다사60506475,노원구,상계1동
다사60506500,노원구,상계1동
다사60506525,노원구,상계1동
다사60506350,노원구,상계1동
다사60506375,노원구,상계1동
다사60506400,노원구,상계1동
다사60506425,노원구,상계1동
다사60504250,강남구,개포1동
다사60504275,강남구,개포1동
다사60504300,강남구,개포1동
다사60504325,강남구,도곡2동
다사60504150,강남구,개포4동
다사60504175,강남구,개포4동
다사60504200,강남구,개포4동
다사60504225,강남구,개포4동
다사60504450,강남구,대치4동
다사60504475,강남구,대치4동
다사60504500,강남구,대치4동
다사60504525,강남구,삼성2동
다사60504350,강남구,도곡2동
다사60504375,강남구,대치1동
다사60504400,강남구,대치1동
다사60504425,강남구,대치4동
다사60503850,서초구,양재2동
다사60503875,서초구,내곡동
다사60503900,서초구,내곡동
다사60503925,서초구,내곡동
다사60503750,서초구,양재2동
다사60503775,서초구,양재2동
다사60503800,서초구,양재2동
다사60503825,서초구,양재2동
다사60504050,서초구,내곡동
다사60504075,서초구,내곡동
다사60504100,서초구,내곡동
다사60504125,강남구,개포4동
다사60503950,서초구,내곡동
다사60503975,서초구,내곡동
다사60504000,서초구,내곡동
다사60504025,서초구,내곡동
다사60505050,성동구,용답동
다사60505075,성동구,용답동
다사60505100,성동구,용답동
다사60505125,성동구,용답동
다사60504950,성동구,성수2가3동
다사60504975,성동구,성수2가3동
다사60505000,성동구,성수2가3동
다사60505025,성동구,용답동
다사60505250,동대문구,답십리1동
다사60505275,동대문구,전농1동
다사60505300,동대문구,전농1동
다사60505325,동대문구,전농1동
다사60505150,성동구,용답동
다사60505175,성동구,용답동
다사60505200,동대문구,답십리1동
다사60505225,동대문구,답십리1동
다사60504650,강남구,삼성1동
다사60504675,강남구,청담동
다사60504700,강남구,청담동
다사60504725,강남구,청담동
다사60504550,강남구,삼성2동
다사60504575,강남구,삼성1동
다사60504600,강남구,삼성1동
다사60504625,강남구,삼성1동
다사60504850,성동구,성수2가1동
다사60504875,성동구,성수2가1동
다사60504900,성동구,성수2가1동
다사60504925,성동구,성수2가3동
다사60504750,강남구,청담동
다사60504775,강남구,청담동
다사60504800,성동구,성수2가1동
다사60504825,성동구,성수2가1동
다사60255600,성북구,월곡2동
다사60255625,성북구,월곡2동
다사60255650,성북구,월곡2동
다사60255675,성북구,장위2동
다사60255500,동대문구,회기동
다사60255525,동대문구,회기동
다사60255550,동대문구,회기동
다사60255575,동대문구,회기동
다사60255800,성북구,장위3동
다사60255825,노원구,월계1동
다사60255850,노원구,월계2동
다사60255875,노원구,월계2동
다사60255700,성북구,장위2동
다사60255725,성북구,장위2동
다사60255750,성북구,장위3동
다사60255775,성북구,장위3동
다사60255200,성동구,용답동
다사60255225,동대문구,답십리1동
다사60255250,동대문구,답십리1동
다사60255275,동대문구,전농1동
다사60255100,성동구,사근동
다사60255125,성동구,용답동
다사60255150,성동구,용답동
다사60255175,성동구,용답동
다사60255400,동대문구,청량리동
다사60255425,동대문구,청량리동
다사60255450,동대문구,회기동
다사60255475,동대문구,회기동
다사60255300,동대문구,전농1동
다사60255325,동대문구,전농1동
다사60255350,동대문구,전농1동
다사60255375,동대문구,전농1동
다사60256400,노원구,상계1동
다사60256425,노원구,상계1동
다사60256450,도봉구,도봉2동
다사60256475,도봉구,도봉2동
다사60256300,노원구,상계8동
다사60256325,노원구,상계8동
다사60256350,노원구,상계1동
다사60256375,노원구,상계1동
다사60503650,서초구,양재2동
다사60503675,서초구,양재2동
다사60503700,서초구,양재2동
다사60503725,서초구,양재2동
다사60256500,도봉구,도봉2동
다사60256525,도봉구,도봉2동
다사60256550,도봉구,도봉2동
다사60256575,도봉구,도봉2동
다사60256000,노원구,월계2동
다사60256025,노원구,월계2동
다사60256050,노원구,월계2동
다사60256075,도봉구,창4동
다사60255900,노원구,월계2동
다사60255925,노원구,월계2동
다사60255950,노원구,월계2동
다사60255975,노원구,월계2동
다사60256200,도봉구,창4동
다사60256225,도봉구,창4동
다사60256250,도봉구,방학1동
다사60256275,도봉구,방학1동
다사60256100,도봉구,창4동
다사60256125,도봉구,창4동
다사60256150,도봉구,창4동
다사60256175,도봉구,창4동
다사60254000,서초구,내곡동
다사60254025,서초구,내곡동
다사60254050,서초구,내곡동
다사60254075,서초구,내곡동
다사60253900,서초구,양재2동
다사60253925,서초구,내곡동
다사60253950,서초구,내곡동
다사60253975,서초구,내곡동
다사60254200,강남구,개포4동
다사60254225,강남구,개포4동
다사60254250,강남구,개포4동
다사60254275,강남구,개포4동
다사60254100,서초구,내곡동
다사60254125,강남구,개포4동
다사60254150,강남구,개포4동
다사60254175,강남구,개포4동
다사60006575,도봉구,도봉2동
다사60006600,도봉구,도봉2동
다사60253650,서초구,양재2동
다사60253675,서초구,양재2동
다사60006475,도봉구,도봉2동
다사60006500,도봉구,도봉2동
다사60006525,도봉구,도봉2동
다사60006550,도봉구,도봉2동
다사60253800,서초구,양재2동
다사60253825,서초구,양재2동
다사60253850,서초구,양재2동
다사60253875,서초구,양재2동
다사60253700,서초구,양재2동
다사60253725,서초구,양재2동
다사60253750,서초구,양재2동
다사60253775,서초구,양재2동
다사60254800,성동구,성수2가1동
다사60254825,성동구,성수2가1동
다사60254850,성동구,성수2가1동
다사60254875,성동구,성수2가1동
다사60254700,강남구,청담동
다사60254725,강남구,청담동
다사60254750,강남구,청담동
다사60254775,강남구,청담동
다사60255000,성동구,성수1가2동
다사60255025,성동구,성수1가2동
다사60255050,성동구,용답동
다사60255075,성동구,사근동
다사60254900,성동구,성수2가1동
다사60254925,성동구,성수1가1동
다사60254950,성동구,성수2가3동
다사60254975,성동구,성수2가3동
다사60254400,강남구,도곡2동
다사60254425,강남구,역삼2동
다사60254450,강남구,대치4동
다사60254475,강남구,대치4동
다사60254300,강남구,도곡2동
다사60254325,강남구,도곡2동
다사60254350,강남구,도곡2동
다사60254375,강남구,도곡2동
다사60254600,강남구,삼성2동
다사60254625,강남구,삼성2동
다사60254650,강남구,삼성1동
다사60254675,강남구,청담동
다사60254500,강남구,대치4동
다사60254525,강남구,삼성2동
다사60254550,강남구,삼성2동
다사60254575,강남구,삼성2동
다사60005375,동대문구,청량리동
다사60005400,동대문구,청량리동
다사60005425,동대문구,청량리동
다사60005450,동대문구,회기동
다사60005275,동대문구,전농1동
다사60005300,동대문구,전농1동
다사60005325,동대문구,전농1동
다사60005350,동대문구,전농1동
다사60005575,성북구,월곡2동
다사60005600,성북구,월곡2동
다사60005625,성북구,월곡2동
다사60005650,성북구,장위2동
다사60005475,동대문구,회기동
다사60005500,동대문구,회기동
다사60005525,동대문구,회기동
다사60005550,성북구,월곡2동
다사60004975,성동구,성수1가2동
다사60005000,성동구,성수1가2동
다사60005025,성동구,성수1가2동
다사60005050,성동구,사근동
다사60004875,성동구,성수1가1동
다사60004900,성동구,성수1가1동
다사60004925,성동구,성수1가1동
다사60004950,성동구,성수1가2동
다사60005175,성동구,용답동
다사60005200,성동구,용답동
다사60005225,성동구,용답동
다사60005250,동대문구,답십리1동
다사60005075,성동구,사근동
다사60005100,성동구,사근동
다사60005125,성동구,사근동
다사60005150,성동구,사근동
다사60006175,도봉구,창4동
다사60006200,도봉구,창4동
다사60006225,도봉구,창4동
다사60006250,도봉구,방학1동
다사60006075,도봉구,창1동
다사60006100,도봉구,창1동
다사60006125,도봉구,창1동
다사60006150,도봉구,창4동
다사60006375,도봉구,도봉2동
다사60006400,도봉구,도봉2동
다사60006425,도봉구,도봉2동
다사60006450,도봉구,도봉2동
다사60006275,도봉구,방학1동
다사60006300,도봉구,방학1동
다사60006325,도봉구,방학1동
다사60006350,도봉구,도봉2동
다사60005775,성북구,장위1동
다사60005800,성북구,장위3동
다사60005825,강북구,번3동
다사60005850,강북구,번3동
다사60005675,성북구,장위2동
다사60005700,성북구,장위1동
다사60005725,성북구,장위1동
다사60005750,성북구,장위1동
다사60005975,노원구,월계2동
다사60006000,노원구,월계2동
다사60006025,도봉구,창1동
다사60006050,도봉구,창1동
다사60005875,노원구,월계2동
다사60005900,노원구,월계2동
다사60005925,노원구,월계2동
다사60005950,노원구,월계2동
다사60003775,서초구,양재2동
다사60003800,서초구,양재2동
다사60003825,서초구,양재2동
다사60003850,서초구,양재2동
다사60003675,서초구,양재2동
다사60003700,서초구,양재2동
다사60003725,서초구,양재2동
다사60003750,서초구,양재2동
다사60003975,서초구,내곡동
다사60004000,서초구,내곡동
다사60004025,서초구,내곡동
다사60004050,서초구,내곡동
다사60003875,서초구,양재2동
다사60003900,서초구,양재2동
다사60003925,서초구,양재2동
다사60003950,서초구,양재2동
다사59756325,도봉구,방학1동
다사59756350,도봉구,도봉2동
다사59756375,도봉구,도봉2동
다사59756400,도봉구,도봉2동
다사59756225,도봉구,창4동
다사59756250,도봉구,방학1동
다사59756275,도봉구,방학1동
다사59756300,도봉구,방학1동
다사59756525,도봉구,도봉1동
다사59756550,도봉구,도봉1동
다사59756575,도봉구,도봉1동
다사59756600,도봉구,도봉1동
다사59756425,도봉구,도봉1동
다사59756450,도봉구,도봉1동
다사59756475,도봉구,도봉1동
다사59756500,도봉구,도봉1동
다사60004575,강남구,삼성2동
다사60004600,강남구,삼성2동
다사60004625,강남구,삼성2동
다사60004650,강남구,삼성2동
다사60004475,강남구,역삼2동
다사60004500,강남구,삼성2동
다사60004525,강남구,삼성2동
다사60004550,강남구,삼성2동
다사60004775,강남구,청담동
다사60004800,강남구,청담동
다사60004825,성동구,성수1가1동
다사60004850,성동구,성수1가1동
다사60004675,강남구,청담동
다사60004700,강남구,청담동
다사60004725,강남구,청담동
다사60004750,강남구,청담동
다사60004175,강남구,개포4동
다사60004200,강남구,개포4동
다사60004225,강남구,개포4동
다사60004250,강남구,개포4동
다사60004075,서초구,내곡동
다사60004100,서초구,내곡동
다사60004125,서초구,양재2동
다사60004150,서초구,양재2동
다사60004375,강남구,도곡2동
다사60004400,강남구,역삼2동
다사60004425,강남구,역삼2동
다사60004450,강남구,역삼2동
다사60004275,강남구,도곡2동
다사60004300,강남구,도곡2동
다사60004325,강남구,도곡1동
다사60004350,강남구,도곡2동
다사59755125,성동구,사근동
다사59755150,성동구,마장동
다사59755175,성동구,마장동
다사59755200,성동구,마장동
다사59755025,성동구,성수1가2동
다사59755050,성동구,사근동
다사59755075,성동구,사근동
다사59755100,성동구,사근동
다사59755325,동대문구,전농1동
다사59755350,동대문구,청량리동
다사59755375,동대문구,청량리동
다사59755400,동대문구,청량리동
다사59755225,성동구,용답동
다사59755250,동대문구,답십리1동
다사59755275,동대문구,전농1동
다사59755300,동대문구,전농1동
다사59754725,강남구,청담동
다사59754750,강남구,청담동
다사59754775,강남구,청담동
다사59754800,강남구,청담동
다사59754625,강남구,삼성2동
다사59754650,강남구,삼성2동
다사59754675,강남구,청담동
다사59754700,강남구,청담동
다사59754925,성동구,성수1가1동
다사59754950,성동구,성수1가1동
다사59754975,성동구,성수1가2동
다사59755000,성동구,성수1가2동
다사59754825,강남구,압구정동
다사59754850,성동구,성수1가1동
다사59754875,성동구,성수1가1동
다사59754900,성동구,성수1가1동
다사59755925,노원구,월계2동
다사59755950,노원구,월계2동
다사59755975,도봉구,창3동
다사59756000,도봉구,창1동
다사59755825,강북구,번3동
다사59755850,강북구,번3동
다사59755875,강북구,번3동
다사59755900,노원구,월계2동
다사59756125,도봉구,창1동
다사59756150,도봉구,창5동
다사59756175,도봉구,창5동
다사59756200,도봉구,창5동
다사59756025,도봉구,창1동
다사59756050,도봉구,창1동
다사59756075,도봉구,창1동
다사59756100,도봉구,창1동
다사59755525,성북구,월곡2동
다사59755550,성북구,월곡2동
다사59755575,성북구,월곡2동
다사59755600,성북구,월곡2동
다사59755425,동대문구,청량리동
다사59755450,동대문구,청량리동
다사59755475,동대문구,청량리동
다사59755500,동대문구,청량리동
다사59755725,성북구,장위1동
다사59755750,성북구,장위1동
다사59755775,성북구,장위3동
다사59755800,강북구,번3동
다사59755625,성북구,월곡2동
다사59755650,성북구,월곡2동
다사59755675,성북구,월곡2동
다사59755700,성북구,장위1동
다사59506500,도봉구,도봉1동
다사59506525,도봉구,도봉1동
다사59506550,도봉구,도봉1동
다사59506575,도봉구,도봉1동
다사59506400,도봉구,도봉1동
다사59506425,도봉구,도봉1동
다사59506450,도봉구,도봉1동
다사59506475,도봉구,도봉1동
다사59753725,서초구,양재2동
다사59753750,서초구,양재2동
다사59753775,서초구,양재2동
다사59753800,서초구,양재2동
다사59506600,도봉구,도봉1동
다사59506625,도봉구,도봉1동
다사59753675,서초구,양재2동
다사59753700,서초구,양재2동
다사59506100,도봉구,창1동
다사59506125,도봉구,창1동
다사59506150,도봉구,창5동
다사59506175,도봉구,창5동
다사59506000,도봉구,창3동
다사59506025,도봉구,창3동
다사59506050,도봉구,창2동
다사59506075,도봉구,창1동
다사59506300,도봉구,방학1동
다사59506325,도봉구,방학1동
다사59506350,도봉구,도봉1동
다사59506375,도봉구,도봉1동
다사59506200,도봉구,창5동
다사59506225,도봉구,창5동
다사59506250,도봉구,방학1동
다사59506275,도봉구,방학1동
다사59754325,강남구,도곡1동
다사59754350,강남구,도곡1동
다사59754375,강남구,도곡1동
다사59754400,강남구,역삼2동
다사59754225,강남구,개포4동
다사59754250,강남구,도곡2동
다사59754275,강남구,도곡2동
다사59754300,강남구,도곡2동
다사59754525,강남구,역삼1동
다사59754550,강남구,삼성2동
다사59754575,강남구,삼성2동
다사59754600,강남구,삼성2동
다사59754425,강남구,역삼2동
다사59754450,강남구,역삼2동
다사59754475,강남구,역삼2동
다사59754500,강남구,역삼1동
다사59753925,서초구,양재2동
다사59753950,서초구,양재2동
다사59753975,서초구,양재2동
다사59754000,서초구,내곡동
다사59753825,서초구,양재2동
다사59753850,서초구,양재2동
다사59753875,서초구,양재2동
다사59753900,서초구,양재2동
다사59754125,서초구,양재2동
다사59754150,서초구,양재2동
다사59754175,서초구,양재2동
다사59754200,강남구,개포4동
다사59754025,서초구,내곡동
다사59754050,서초구,내곡동
다사59754075,서초구,내곡동
다사59754100,서초구,양재2동
다사59504900,성동구,성수1가1동
다사59504925,성동구,성수1가1동
다사59504950,성동구,성수1가1동
다사59504975,성동구,성수1가2동
다사59504800,강남구,압구정동
다사59504825,강남구,압구정동
다사59504850,성동구,성수1가1동
다사59504875,성동구,성수1가1동
다사59505100,성동구,사근동
다사59505125,성동구,사근동
다사59505150,성동구,마장동
다사59505175,성동구,마장동
다사59505000,성동구,성수1가2동
다사59505025,성동구,성수1가2동
다사59505050,성동구,사근동
다사59505075,성동구,사근동
다사59504500,강남구,역삼1동
다사59504525,강남구,역삼1동
다사59504550,강남구,역삼1동
다사59504575,강남구,논현2동
다사59504400,강남구,역삼2동
다사59504425,강남구,역삼2동
다사59504450,강남구,역삼2동
다사59504475,강남구,역삼2동
다사59504700,강남구,청담동
다사59504725,강남구,청담동
다사59504750,강남구,청담동
다사59504775,강남구,압구정동
다사59504600,강남구,삼성2동
다사59504625,강남구,삼성2동
다사59504650,강남구,청담동
다사59504675,강남구,청담동
다사59505700,성북구,장위1동
다사59505725,성북구,장위1동
다사59505750,성북구,장위1동
다사59505775,강북구,번3동
다사59505600,성북구,월곡2동
다사59505625,성북구,월곡2동
다사59505650,성북구,월곡2동
다사59505675,성북구,월곡1동
다사59505900,강북구,번3동
다사59505925,도봉구,창3동
다사59505950,도봉구,창3동
다사59505975,도봉구,창3동
다사59505800,강북구,번3동
다사59505825,강북구,번3동
다사59505850,강북구,번3동
다사59505875,강북구,번3동
다사59505300,동대문구,용두동
다사59505325,동대문구,용두동
다사59505350,동대문구,제기동
다사59505375,동대문구,제기동
다사59505200,성동구,마장동
다사59505225,성동구,마장동
다사59505250,성동구,마장동
다사59505275,동대문구,용두동
다사59505500,동대문구,청량리동
다사59505525,성북구,월곡2동
다사59505550,성북구,월곡2동
다사59505575,성북구,월곡2동
다사59505400,동대문구,제기동
다사59505425,동대문구,청량리동
다사59505450,동대문구,청량리동
다사59505475,동대문구,청량리동
다사59256225,도봉구,쌍문2동
다사59256250,도봉구,방학1동
다사59256275,도봉구,방학1동
다사59256300,도봉구,방학1동
다사59256125,도봉구,창1동
다사59256150,도봉구,창5동
다사59256175,도봉구,창5동
다사59256200,도봉구,쌍문2동
다사59256425,도봉구,도봉1동
다사59256450,도봉구,도봉1동
다사59256475,도봉구,도봉1동
다사59256500,도봉구,도봉1동
다사59256325,도봉구,방학2동
다사59256350,도봉구,방학2동
다사59256375,도봉구,도봉1동
다사59256400,도봉구,도봉1동
다사59255825,강북구,번3동
다사59255850,강북구,번3동
다사59255875,강북구,번3동
다사59255900,강북구,번2동
다사59255725,성북구,장위1동
다사59255750,강북구,번3동
다사59255775,강북구,번3동
다사59255800,강북구,번3동
다사59256025,도봉구,창2동
다사59256050,도봉구,창2동
다사59256075,도봉구,창1동
다사59256100,도봉구,창1동
다사59255925,강북구,번2동
다사59255950,도봉구,창3동
다사59255975,도봉구,창3동
다사59256000,도봉구,창3동
다사59504100,서초구,양재2동
다사59504125,서초구,양재2동
다사59504150,서초구,양재2동
다사59504175,서초구,양재2동
다사59504000,서초구,양재2동
다사59504025,서초구,양재2동
다사59504050,서초구,양재2동
다사59504075,서초구,양재2동
다사59504300,강남구,도곡1동
다사59504325,강남구,도곡1동
다사59504350,강남구,도곡1동
다사59504375,강남구,역삼2동
다사59504200,서초구,양재2동
다사59504225,서초구,양재1동
다사59504250,강남구,도곡2동
다사59504275,강남구,도곡2동
다사59256625,도봉구,도봉1동
다사59503725,서초구,양재2동
다사59503750,서초구,양재2동
다사59503775,서초구,양재2동
다사59256525,도봉구,도봉1동
다사59256550,도봉구,도봉1동
다사59256575,도봉구,도봉1동
다사59256600,도봉구,도봉1동
다사59503900,서초구,양재2동
다사59503925,서초구,양재2동
다사59503950,서초구,양재2동
다사59503975,서초구,양재2동
다사59503800,서초구,양재2동
다사59503825,서초구,양재2동
다사59503850,서초구,양재2동
다사59503875,서초구,양재2동
다사59254625,강남구,논현2동
다사59254650,강남구,논현2동
다사59254675,강남구,청담동
다사59254700,강남구,청담동
다사59254525,강남구,역삼1동
다사59254550,강남구,역삼1동
다사59254575,강남구,논현2동
다사59254600,강남구,논현2동
다사59254825,강남구,압구정동
다사59254850,성동구,성수1가1동
다사59254875,성동구,성수1가1동
다사59254900,성동구,성수1가1동
다사59254725,강남구,청담동
다사59254750,강남구,압구정동
다사59254775,강남구,압구정동
다사59254800,강남구,압구정동
다사59254225,서초구,양재1동
다사59254250,서초구,양재1동
다사59254275,서초구,양재1동
다사59254300,강남구,도곡1동
다사59254125,서초구,양재2동
다사59254150,서초구,양재2동
다사59254175,서초구,양재2동
다사59254200,서초구,양재1동
다사59254425,강남구,역삼2동
다사59254450,강남구,역삼2동
다사59254475,강남구,역삼1동
다사59254500,강남구,역삼1동
다사59254325,강남구,도곡1동
다사59254350,강남구,도곡1동
다사59254375,강남구,역삼1동
다사59254400,강남구,역삼2동
다사59255425,동대문구,제기동
다사59255450,동대문구,제기동
다사59255475,동대문구,청량리동
다사59255500,성북구,종암동
다사59255325,동대문구,제기동
다사59255350,동대문구,제기동
다사59255375,동대문구,제기동
다사59255400,동대문구,제기동
다사59255625,성북구,월곡1동
다사59255650,성북구,월곡1동
다사59255675,성북구,월곡1동
다사59255700,성북구,장위1동
다사59255525,성북구,종암동
다사59255550,성북구,종암동
다사59255575,성북구,월곡2동
다사59255600,성북구,월곡2동
다사59255025,성동구,응봉동
다사59255050,성동구,사근동
다사59255075,성동구,사근동
다사59255100,성동구,사근동
다사59254925,성동구,성수1가1동
다사59254950,성동구,성수1가1동
다사59254975,성동구,성수1가2동
다사59255000,성동구,성수1가2동
다사59255225,성동구,마장동
다사59255250,성동구,마장동
다사59255275,동대문구,용두동
다사59255300,동대문구,용두동
다사59255125,성동구,사근동
다사59255150,성동구,마장동
다사59255175,성동구,마장동
다사59255200,성동구,마장동
다사59005900,강북구,번2동
다사59005925,강북구,번2동
다사59005950,강북구,번1동
다사59005975,도봉구,창2동
다사59005800,강북구,번2동
다사59005825,강북구,번2동
다사59005850,강북구,번3동
다사59005875,강북구,번2동
다사59006100,도봉구,창1동
다사59006125,도봉구,창1동
다사59006150,도봉구,쌍문2동
다사59006175,도봉구,쌍문2동
다사59006000,도봉구,창2동
다사59006025,도봉구,창2동
다사59006050,도봉구,창2동
다사59006075,도봉구,창1동
다사59005500,성북구,종암동
다사59005525,성북구,종암동
다사59005550,성북구,종암동
다사59005575,성북구,종암동
다사59005400,동대문구,제기동
다사59005425,동대문구,제기동
다사59005450,동대문구,제기동
다사59005475,성북구,종암동
다사59005700,강북구,송중동
다사59005725,강북구,송중동
다사59005750,강북구,송중동
다사59005775,강북구,송중동
다사59005600,성북구,월곡1동
다사59005625,성북구,월곡2동
다사59005650,성북구,월곡1동
다사59005675,성북구,월곡1동
다사59253825,서초구,양재2동
다사59253850,서초구,양재2동
다사59253875,서초구,양재2동
다사59253900,서초구,양재2동
다사59006600,도봉구,도봉1동
다사59253750,서초구,양재2동
다사59253775,서초구,양재2동
다사59253800,서초구,양재2동
다사59254025,서초구,양재2동
다사59254050,서초구,양재2동
다사59254075,서초구,양재2동
다사59254100,서초구,양재2동
다사59253925,서초구,양재2동
다사59253950,서초구,양재2동
다사59253975,서초구,양재2동
다사59254000,서초구,양재2동
다사59006300,도봉구,방학2동
다사59006325,도봉구,방학2동
다사59006350,도봉구,방학2동
다사59006375,도봉구,도봉1동
다사59006200,도봉구,쌍문2동
다사59006225,도봉구,쌍문2동
다사59006250,도봉구,방학1동
다사59006275,도봉구,방학1동
다사59006500,도봉구,도봉1동
다사59006525,도봉구,도봉1동
다사59006550,도봉구,도봉1동
다사59006575,도봉구,도봉1동
다사59006400,도봉구,도봉1동
다사59006425,도봉구,도봉1동
다사59006450,도봉구,도봉1동
다사59006475,도봉구,도봉1동
다사59004300,강남구,도곡1동
다사59004325,강남구,도곡1동
다사59004350,강남구,도곡1동
다사59004375,강남구,역삼1동
다사59004200,서초구,양재1동
다사59004225,서초구,양재1동
다사59004250,서초구,양재1동
다사59004275,서초구,양재1동
다사59004500,강남구,역삼1동
다사59004525,강남구,역삼1동
다사59004550,강남구,논현2동
다사59004575,강남구,논현2동
다사59004400,강남구,역삼1동
다사59004425,강남구,역삼1동
다사59004450,강남구,역삼2동
다사59004475,강남구,역삼1동
다사59003900,서초구,양재2동
다사59003925,서초구,양재2동
다사59003950,서초구,양재2동
다사59003975,서초구,양재2동
다사59003800,서초구,양재2동
다사59003825,서초구,양재2동
다사59003850,서초구,양재2동
다사59003875,서초구,양재2동
다사59004100,서초구,양재2동
다사59004125,서초구,양재2동
다사59004150,서초구,양재2동
다사59004175,서초구,양재1동
다사59004000,서초구,양재2동
다사59004025,서초구,양재2동
다사59004050,서초구,양재2동
다사59004075,서초구,양재2동
다사59005100,성동구,행당1동
다사59005125,성동구,행당1동
다사59005150,성동구,행당1동
다사59005175,성동구,마장동
다사59005000,성동구,성수1가2동
다사59005025,성동구,응봉동
다사59005050,성동구,응봉동
다사59005075,성동구,행당1동
다사59005300,동대문구,용두동
다사59005325,동대문구,제기동
다사59005350,동대문구,제기동
다사59005375,동대문구,제기동
다사59005200,성동구,마장동
다사59005225,성동구,마장동
다사59005250,성동구,마장동
다사59005275,동대문구,용두동
다사59004700,강남구,논현2동
다사59004725,강남구,압구정동
다사59004750,강남구,압구정동
다사59004775,강남구,압구정동
다사59004600,강남구,논현2동
다사59004625,강남구,논현2동
다사59004650,강남구,논현2동
다사59004675,강남구,논현2동
다사59004900,성동구,성수1가1동
다사59004925,성동구,성수1가1동
다사59004950,성동구,성수1가1동
다사59004975,성동구,성수1가1동
다사59004800,강남구,압구정동
다사59004825,강남구,압구정동
다사59004850,성동구,성수1가1동
다사59004875,성동구,성수1가1동
다사58755550,성북구,종암동
다사58755575,성북구,종암동
다사58755600,성북구,월곡1동
다사58755625,성북구,월곡1동
다사58755450,성북구,안암동
다사58755475,성북구,종암동
다사58755500,성북구,종암동
다사58755525,성북구,종암동
다사58755750,강북구,송중동
다사58755775,강북구,송중동
다사58755800,강북구,송중동
다사58755825,강북구,번2동
다사58755650,성북구,월곡1동
다사58755675,성북구,월곡1동
다사58755700,강북구,송중동
다사58755725,강북구,송중동
다사58755150,성동구,왕십리도선동
다사58755175,성동구,왕십리도선동
다사58755200,성동구,마장동
다사58755225,성동구,마장동
다사58755050,성동구,응봉동
다사58755075,성동구,행당1동
다사58755100,성동구,행당1동
다사58755125,성동구,행당1동
다사58755350,동대문구,제기동
다사58755375,동대문구,제기동
다사58755400,동대문구,제기동
다사58755425,성북구,안암동
다사58755250,동대문구,신설동
다사58755275,동대문구,용두동
다사58755300,동대문구,용두동
다사58755325,동대문구,제기동
다사58756350,도봉구,방학2동
다사58756375,도봉구,도봉1동
다사58756400,도봉구,도봉1동
다사58756425,도봉구,도봉1동
다사58756250,도봉구,방학3동
다사58756275,도봉구,방학2동
다사58756300,도봉구,방학2동
다사58756325,도봉구,방학2동
다사58756550,도봉구,도봉1동
다사58756575,도봉구,도봉1동
다사58756600,도봉구,도봉1동
다사59003775,서초구,양재2동
다사58756450,도봉구,도봉1동
다사58756475,도봉구,도봉1동
다사58756500,도봉구,도봉1동
다사58756525,도봉구,도봉1동
다사58755950,강북구,번2동
다사58755975,강북구,번1동
다사58756000,도봉구,창2동
다사58756025,도봉구,창2동
다사58755850,강북구,번2동
다사58755875,강북구,번2동
다사58755900,강북구,번2동
다사58755925,강북구,번2동
다사58756150,도봉구,쌍문2동
다사58756175,도봉구,쌍문4동
다사58756200,도봉구,쌍문4동
다사58756225,도봉구,쌍문4동
다사58756050,도봉구,창2동
다사58756075,도봉구,창2동
다사58756100,도봉구,쌍문3동
다사58756125,도봉구,쌍문3동
다사58753950,서초구,양재2동
다사58753975,서초구,양재2동
다사58754000,서초구,양재2동
다사58754025,서초구,양재2동
다사58753775,서초구,양재2동
다사58753800,서초구,양재2동
다사58753900,서초구,양재2동
다사58753925,서초구,양재2동
다사58754150,서초구,양재2동
다사58754175,서초구,양재1동
다사58754200,서초구,양재1동
다사58754225,서초구,양재1동
다사58754050,서초구,양재2동
다사58754075,서초구,양재2동
다사58754100,서초구,양재2동
다사58754125,서초구,양재2동
다사58506375,도봉구,방학2동
다사58506400,도봉구,도봉1동
다사58506425,도봉구,도봉1동
다사58506450,도봉구,도봉1동
다사58506275,도봉구,방학2동
다사58506300,도봉구,방학2동
다사58506325,도봉구,방학2동
다사58506350,도봉구,방학2동
다사58506575,도봉구,도봉1동
다사58506600,도봉구,도봉1동
다사58506625,도봉구,도봉1동
다사58506650,도봉구,도봉1동
다사58506475,도봉구,도봉1동
다사58506500,도봉구,도봉1동
다사58506525,도봉구,도봉1동
다사58506550,도봉구,도봉1동
다사58754750,강남구,압구정동
다사58754775,강남구,압구정동
다사58754800,강남구,압구정동
다사58754825,강남구,압구정동
다사58754650,강남구,논현2동
다사58754675,강남구,논현2동
다사58754700,강남구,압구정동
다사58754725,강남구,압구정동
다사58754950,성동구,성수1가1동
다사58754975,성동구,성수1가2동
다사58755000,성동구,응봉동
다사58755025,성동구,응봉동
다사58754850,성동구,옥수동
다사58754875,성동구,옥수동
다사58754900,성동구,성수1가1동
다사58754925,성동구,성수1가1동
다사58754350,강남구,역삼1동
다사58754375,강남구,역삼1동
다사58754400,강남구,역삼1동
다사58754425,강남구,역삼1동
다사58754250,서초구,양재1동
다사58754275,서초구,양재1동
다사58754300,강남구,도곡1동
다사58754325,강남구,도곡1동
다사58754550,강남구,논현2동
다사58754575,강남구,논현2동
다사58754600,강남구,논현2동
다사58754625,강남구,논현2동
다사58754450,강남구,역삼1동
다사58754475,강남구,역삼1동
다사58754500,강남구,역삼1동
다사58754525,강남구,역삼1동
다사58505175,성동구,왕십리도선동
다사58505200,성동구,왕십리도선동
다사58505225,성동구,왕십리도선동
다사58505250,동대문구,신설동
다사58505075,성동구,행당2동
다사58505100,성동구,행당1동
다사58505125,성동구,왕십리2동
다사58505150,성동구,왕십리2동
다사58505375,동대문구,제기동
다사58505400,성북구,안암동
다사58505425,성북구,안암동
다사58505450,성북구,안암동
다사58505275,동대문구,용두동
다사58505300,동대문구,용두동
다사58505325,동대문구,용두동
다사58505350,동대문구,용두동
다사58504775,강남구,압구정동
다사58504800,강남구,압구정동
다사58504825,강남구,압구정동
다사58504850,성동구,옥수동
다사58504675,강남구,논현2동
다사58504700,강남구,압구정동
다사58504725,강남구,압구정동
다사58504750,강남구,압구정동
다사58504975,성동구,응봉동
다사58505000,성동구,응봉동
다사58505025,성동구,응봉동
다사58505050,성동구,행당2동
다사58504875,성동구,옥수동
다사58504900,성동구,옥수동
다사58504925,성동구,성수1가1동
다사58504950,성동구,성수1가1동
다사58505975,강북구,번1동
다사58506000,강북구,번1동
다사58506025,강북구,번1동
다사58506050,도봉구,쌍문3동
다사58505875,강북구,미아동
다사58505900,강북구,번2동
다사58505925,강북구,번2동
다사58505950,강북구,번2동
다사58506175,도봉구,쌍문4동
다사58506200,도봉구,쌍문4동
다사58506225,도봉구,방학3동
다사58506250,도봉구,방학3동
다사58506075,도봉구,쌍문3동
다사58506100,도봉구,쌍문3동
다사58506125,도봉구,쌍문4동
다사58506150,도봉구,쌍문4동
다사58505575,성북구,종암동
다사58505600,성북구,종암동
다사58505625,성북구,길음2동
다사58505650,성북구,월곡1동
다사58505475,성북구,종암동
다사58505500,성북구,종암동
다사58505525,성북구,종암동
다사58505550,성북구,종암동
다사58505775,강북구,송중동
다사58505800,강북구,송중동
다사58505825,강북구,송중동
다사58505850,강북구,미아동
다사58505675,강북구,송중동
다사58505700,강북구,송중동
다사58505725,강북구,송중동
다사58505750,강북구,송중동
다사58256225,도봉구,방학3동
다사58256250,도봉구,방학3동
다사58256275,도봉구,방학3동
다사58256300,도봉구,방학3동
다사58256125,도봉구,쌍문1동
다사58256150,도봉구,쌍문4동
다사58256175,도봉구,쌍문4동
다사58256200,도봉구,쌍문4동
다사58256425,도봉구,도봉1동
다사58256450,도봉구,도봉1동
다사58256475,도봉구,도봉1동
다사58256500,도봉구,도봉1동
다사58256325,도봉구,방학2동
다사58256350,도봉구,방학2동
다사58256375,도봉구,방학2동
다사58256400,도봉구,도봉1동
다사58255825,강북구,송중동
다사58255850,강북구,미아동
다사58255875,강북구,미아동
다사58255900,강북구,미아동
다사58255725,강북구,송천동
다사58255750,강북구,송천동
다사58255775,강북구,송천동
다사58255800,강북구,송중동
다사58256025,강북구,수유3동
다사58256050,강북구,수유3동
다사58256075,도봉구,쌍문3동
다사58256100,도봉구,쌍문3동
다사58255925,강북구,미아동
다사58255950,강북구,번1동
다사58255975,강북구,번1동
다사58256000,강북구,번1동
다사58504375,강남구,역삼1동
다사58504400,강남구,역삼1동
다사58504425,강남구,역삼1동
다사58504450,강남구,역삼1동
다사58504275,서초구,서초2동
다사58504300,서초구,서초2동
다사58504325,서초구,서초2동
다사58504350,강남구,역삼1동
다사58504575,강남구,논현1동
다사58504600,강남구,논현2동
다사58504625,강남구,논현2동
다사58504650,강남구,논현2동
다사58504475,강남구,역삼1동
다사58504500,강남구,역삼1동
다사58504525,강남구,역삼1동
다사58504550,강남구,논현1동
다사58256625,도봉구,도봉1동
다사58256650,도봉구,도봉1동
다사58256675,도봉구,도봉1동
다사58504050,서초구,양재2동
다사58256525,도봉구,도봉1동
다사58256550,도봉구,도봉1동
다사58256575,도봉구,도봉1동
다사58256600,도봉구,도봉1동
다사58504175,서초구,양재1동
다사58504200,서초구,양재1동
다사58504225,서초구,양재1동
다사58504250,서초구,서초2동
다사58504075,서초구,양재2동
다사58504100,서초구,양재2동
다사58504125,서초구,양재2동
다사58504150,서초구,양재1동
다사58254625,강남구,논현1동
다사58254650,강남구,논현2동
다사58254675,강남구,압구정동
다사58254700,강남구,압구정동
다사58254525,강남구,논현1동
다사58254550,강남구,논현1동
다사58254575,강남구,논현1동
다사58254600,강남구,논현1동
다사58254825,강남구,압구정동
다사58254850,성동구,옥수동
다사58254875,성동구,옥수동
다사58254900,성동구,옥수동
다사58254725,강남구,압구정동
다사58254750,강남구,압구정동
다사58254775,강남구,압구정동
다사58254800,강남구,압구정동
다사58254225,서초구,양재1동
다사58254250,서초구,서초2동
다사58254275,서초구,서초2동
다사58254300,서초구,서초2동
다사58254125,서초구,양재1동
다사58254150,서초구,양재1동
다사58254175,서초구,양재1동
다사58254200,서초구,양재1동
다사58254425,강남구,역삼1동
다사58254450,강남구,역삼1동
다사58254475,강남구,역삼1동
다사58254500,강남구,역삼1동
다사58254325,서초구,서초2동
다사58254350,서초구,서초2동
다사58254375,서초구,서초2동
다사58254400,강남구,역삼1동
다사58255425,성북구,안암동
다사58255450,성북구,안암동
다사58255475,성북구,종암동
다사58255500,성북구,종암동
다사58255325,동대문구,신설동
다사58255350,동대문구,신설동
다사58255375,성북구,안암동
다사58255400,성북구,안암동
다사58255625,성북구,길음2동
다사58255650,성북구,길음2동
다사58255675,성북구,길음2동
다사58255700,강북구,송천동
다사58255525,성북구,종암동
다사58255550,성북구,종암동
다사58255575,성북구,종암동
다사58255600,성북구,돈암1동
다사58255025,성동구,금호1가동
다사58255050,성동구,행당2동
다사58255075,성동구,행당2동
다사58255100,성동구,행당2동
다사58254925,성동구,금호4가동
다사58254950,성동구,금호4가동
다사58254975,성동구,금호4가동
다사58255000,성동구,금호1가동
다사58255225,성동구,왕십리도선동
다사58255250,동대문구,신설동
다사58255275,동대문구,신설동
다사58255300,동대문구,신설동
다사58255125,성동구,왕십리2동
다사58255150,성동구,왕십리2동
다사58255175,성동구,왕십리도선동
다사58255200,성동구,왕십리도선동
다사58005725,강북구,송천동
다사58005750,강북구,송천동
다사58005775,강북구,송천동
다사58005800,강북구,송천동
다사58005625,성북구,길음2동
다사58005650,성북구,길음2동
다사58005675,성북구,길음2동
다사58005700,강북구,송천동
다사58005925,강북구,미아동
다사58005950,강북구,번1동
다사58005975,강북구,번1동
다사58006000,강북구,수유3동
다사58005825,강북구,미아동
다사58005850,강북구,미아동
다사58005875,강북구,미아동
다사58005900,강북구,미아동
다사58005325,동대문구,신설동
다사58005350,성북구,안암동
다사58005375,성북구,안암동
다사58005400,성북구,안암동
다사58005225,성동구,왕십리도선동
다사58005250,동대문구,신설동
다사58005275,동대문구,신설동
다사58005300,동대문구,신설동
다사58005525,성북구,돈암1동
다사58005550,성북구,돈암1동
다사58005575,성북구,돈암1동
다사58005600,성북구,길음1동
다사58005425,성북구,안암동
다사58005450,성북구,안암동
다사58005475,성북구,안암동
다사58005500,성북구,종암동
다사58006525,도봉구,도봉1동
다사58006550,도봉구,도봉1동
다사58006575,도봉구,도봉1동
다사58006600,도봉구,도봉1동
다사58006425,도봉구,도봉1동
다사58006450,도봉구,도봉1동
다사58006475,도봉구,도봉1동
다사58006500,도봉구,도봉1동
다사58254025,서초구,양재1동
다사58254050,서초구,양재1동
다사58254075,서초구,양재1동
다사58254100,서초구,양재1동
다사58006625,도봉구,도봉1동
다사58006650,도봉구,도봉1동
다사58006675,도봉구,도봉1동
다사58254000,서초구,양재1동
다사58006125,도봉구,쌍문1동
다사58006150,도봉구,쌍문1동
다사58006175,도봉구,방학3동
다사58006200,도봉구,방학3동
다사58006025,강북구,수유3동
다사58006050,강북구,수유3동
다사58006075,도봉구,쌍문3동
다사58006100,도봉구,쌍문1동
다사58006325,도봉구,방학3동
다사58006350,도봉구,방학2동
다사58006375,도봉구,도봉1동
다사58006400,도봉구,도봉1동
다사58006225,도봉구,방학3동
다사58006250,도봉구,방학3동
다사58006275,도봉구,방학3동
다사58006300,도봉구,방학3동
다사58004125,서초구,양재1동
다사58004150,서초구,양재1동
다사58004175,서초구,양재1동
다사58004200,서초구,양재1동
다사58004025,서초구,양재1동
다사58004050,서초구,양재1동
다사58004075,서초구,양재1동
다사58004100,서초구,양재1동
다사58004325,서초구,서초2동
다사58004350,서초구,서초2동
다사58004375,서초구,서초2동
다사58004400,서초구,서초2동
다사58004225,서초구,양재1동
다사58004250,서초구,서초1동
다사58004275,서초구,서초2동
다사58004300,서초구,서초2동
다사57756450,도봉구,도봉1동
다사57756475,도봉구,도봉1동
다사57756500,도봉구,도봉1동
다사57756525,도봉구,도봉1동
다사57756350,도봉구,도봉1동
다사57756375,도봉구,도봉1동
다사57756400,도봉구,도봉1동
다사57756425,도봉구,도봉1동
다사57756650,도봉구,도봉1동
다사57756675,도봉구,도봉1동
다사58003975,서초구,양재1동
다사58004000,서초구,양재1동
다사57756550,도봉구,도봉1동
다사57756575,도봉구,도봉1동
다사57756600,도봉구,도봉1동
다사57756625,도봉구,도봉1동
다사58004925,성동구,금호4가동
다사58004950,성동구,금호4가동
다사58004975,성동구,금호4가동
다사58005000,성동구,금호2·3가동
다사58004825,강남구,압구정동
다사58004850,성동구,옥수동
다사58004875,성동구,옥수동
다사58004900,성동구,옥수동
다사58005125,성동구,왕십리2동
다사58005150,중구,신당5동
다사58005175,성동구,왕십리도선동
다사58005200,성동구,왕십리도선동
다사58005025,성동구,금호1가동
다사58005050,성동구,금호1가동
다사58005075,성동구,행당2동
다사58005100,성동구,행당2동
다사58004525,강남구,논현1동
다사58004550,강남구,논현1동
다사58004575,강남구,논현1동
다사58004600,강남구,논현1동
다사58004425,서초구,서초4동
다사58004450,서초구,서초4동
다사58004475,강남구,역삼1동
다사58004500,강남구,역삼1동
다사58004725,강남구,신사동
다사58004750,강남구,신사동
다사58004775,강남구,신사동
다사58004800,강남구,압구정동
다사58004625,강남구,논현1동
다사58004650,강남구,논현1동
다사58004675,강남구,신사동
다사58004700,강남구,신사동
다사57755250,종로구,숭인2동
다사57755275,종로구,숭인2동
다사57755300,종로구,숭인2동
다사57755325,성북구,보문동
다사57755150,중구,신당5동
다사57755175,중구,신당5동
다사57755200,중구,황학동
다사57755225,중구,황학동
다사57755450,성북구,동선동
다사57755475,성북구,동선동
다사57755500,성북구,동선동
다사57755525,성북구,돈암1동
다사57755350,성북구,보문동
다사57755375,성북구,안암동
다사57755400,성북구,안암동
다사57755425,성북구,안암동
다사57754850,성동구,옥수동
다사57754875,성동구,옥수동
다사57754900,성동구,옥수동
다사57754925,성동구,금호4가동
다사57754750,강남구,신사동
다사57754775,강남구,신사동
다사57754800,강남구,신사동
다사57754825,강남구,압구정동
다사57755050,성동구,금호1가동
다사57755075,성동구,금호1가동
다사57755100,성동구,왕십리2동
다사57755125,중구,신당5동
다사57754950,성동구,금호4가동
다사57754975,성동구,금호4가동
다사57755000,성동구,금호2·3가동
다사57755025,성동구,금호2·3가동
다사57756050,강북구,수유2동
다사57756075,강북구,수유2동
다사57756100,도봉구,쌍문1동
다사57756125,도봉구,쌍문1동
다사57755950,강북구,인수동
다사57755975,강북구,수유3동
다사57756000,강북구,수유3동
다사57756025,강북구,수유3동
다사57756250,도봉구,방학3동
다사57756275,도봉구,방학3동
다사57756300,도봉구,방학3동
다사57756325,도봉구,방학3동
다사57756150,도봉구,쌍문1동
다사57756175,도봉구,방학3동
다사57756200,도봉구,방학3동
다사57756225,도봉구,방학3동
다사57755650,성북구,길음1동
다사57755675,성북구,길음2동
다사57755700,강북구,송천동
다사57755725,강북구,송천동
다사57755550,성북구,돈암1동
다사57755575,성북구,돈암1동
다사57755600,성북구,길음1동
다사57755625,성북구,길음1동
다사57755850,강북구,미아동
다사57755875,강북구,미아동
다사57755900,강북구,수유1동
다사57755925,강북구,수유1동
다사57755750,강북구,송천동
다사57755775,강북구,송천동
다사57755800,강북구,송천동
다사57755825,강북구,미아동
다사57506375,도봉구,도봉1동
다사57506400,도봉구,도봉1동
다사57506425,도봉구,도봉1동
다사57506450,도봉구,도봉1동
다사57506275,도봉구,방학3동
다사57506300,도봉구,방학3동
다사57506325,도봉구,방학3동
다사57506350,도봉구,방학3동
다사57506575,도봉구,도봉1동
다사57506600,도봉구,도봉1동
다사57506625,도봉구,도봉1동
다사57506650,도봉구,도봉1동
다사57506475,도봉구,도봉1동
다사57506500,도봉구,도봉1동
다사57506525,도봉구,도봉1동
다사57506550,도봉구,도봉1동
다사57505975,강북구,수유3동
다사57506000,강북구,수유3동
다사57506025,강북구,수유2동
다사57506050,강북구,수유2동
다사57505875,강북구,삼양동
다사57505900,강북구,수유1동
다사57505925,강북구,수유1동
다사57505950,강북구,인수동
다사57506175,도봉구,쌍문1동
다사57506200,도봉구,방학3동
다사57506225,도봉구,방학3동
다사57506250,도봉구,방학3동
다사57506075,강북구,수유2동
다사57506100,강북구,수유2동
다사57506125,도봉구,쌍문1동
다사57506150,도봉구,쌍문1동
다사57754450,서초구,서초4동
다사57754475,서초구,서초4동
다사57754500,서초구,반포1동
다사57754525,서초구,반포1동
다사57754350,서초구,서초2동
다사57754375,서초구,서초2동
다사57754400,서초구,서초2동
다사57754425,서초구,서초4동
다사57754650,강남구,신사동
다사57754675,강남구,신사동
다사57754700,강남구,신사동
다사57754725,강남구,신사동
다사57754550,강남구,논현1동
다사57754575,강남구,논현1동
다사57754600,강남구,논현1동
다사57754625,강남구,논현1동
다사57754050,서초구,양재1동
다사57754075,서초구,양재1동
다사57754100,서초구,양재1동
다사57754125,서초구,양재1동
다사57506675,도봉구,도봉1동
다사57753975,서초구,양재1동
다사57754000,서초구,양재1동
다사57754025,서초구,양재1동
다사57754250,서초구,서초1동
다사57754275,서초구,서초1동
다사57754300,서초구,서초1동
다사57754325,서초구,서초1동
다사57754150,서초구,양재1동
다사57754175,서초구,양재1동
다사57754200,서초구,양재1동
다사57754225,서초구,서초1동
다사57504775,강남구,신사동
다사57504800,강남구,신사동
다사57504825,강남구,신사동
다사57504850,성동구,옥수동
다사57504675,강남구,신사동
다사57504700,강남구,신사동
다사57504725,강남구,신사동
다사57504750,강남구,신사동
다사57504975,성동구,금호4가동
다사57505000,성동구,금호2·3가동
다사57505025,성동구,금호2·3가동
다사57505050,성동구,금호2·3가동
다사57504875,성동구,옥수동
다사57504900,성동구,옥수동
다사57504925,성동구,옥수동
다사57504950,성동구,금호4가동
다사57504375,서초구,서초1동
다사57504400,서초구,서초1동
다사57504425,서초구,서초4동
다사57504450,서초구,서초4동
다사57504275,서초구,서초1동
다사57504300,서초구,서초1동
다사57504325,서초구,서초1동
다사57504350,서초구,서초1동
다사57504575,서초구,잠원동
다사57504600,강남구,논현1동
다사57504625,강남구,논현1동
다사57504650,강남구,신사동
다사57504475,서초구,서초4동
다사57504500,서초구,반포1동
다사57504525,서초구,반포1동
다사57504550,서초구,반포1동
다사57505575,성북구,정릉1동
다사57505600,성북구,길음1동
다사57505625,성북구,길음1동
다사57505650,성북구,길음1동
다사57505475,성북구,동선동
다사57505500,성북구,동선동
다사57505525,성북구,동선동
다사57505550,성북구,돈암1동
다사57505775,강북구,삼각산동
다사57505800,강북구,삼양동
다사57505825,강북구,송천동
다사57505850,강북구,삼양동
다사57505675,성북구,길음1동
다사57505700,성북구,길음1동
다사57505725,강북구,삼각산동
다사57505750,강북구,삼각산동
다사57505175,중구,신당5동
다사57505200,중구,황학동
다사57505225,중구,황학동
다사57505250,종로구,숭인2동
다사57505075,성동구,금호1가동
다사57505100,중구,동화동
다사57505125,중구,동화동
다사57505150,중구,신당5동
다사57505375,성북구,보문동
다사57505400,성북구,보문동
다사57505425,성북구,안암동
다사57505450,성북구,동선동
다사57505275,종로구,숭인2동
다사57505300,종로구,숭인2동
다사57505325,성북구,보문동
다사57505350,성북구,보문동
다사57255925,강북구,수유1동
다사57255950,강북구,인수동
다사57255975,강북구,인수동
다사57256000,강북구,인수동
다사57255825,강북구,삼양동
다사57255850,강북구,삼양동
다사57255875,강북구,삼양동
다사57255900,강북구,수유1동
다사57256125,도봉구,쌍문1동
다사57256150,도봉구,쌍문1동
다사57256175,도봉구,쌍문1동
다사57256200,도봉구,쌍문1동
다사57256025,강북구,수유2동
다사57256050,강북구,수유2동
다사57256075,강북구,수유2동
다사57256100,강북구,수유2동
다사57255525,성북구,동선동
다사57255550,성북구,돈암2동
다사57255575,성북구,정릉1동
다사57255600,성북구,정릉1동
다사57255425,성북구,삼선동
다사57255450,성북구,삼선동
다사57255475,성북구,동선동
다사57255500,성북구,동선동
다사57255725,강북구,삼각산동
다사57255750,강북구,삼각산동
다사57255775,강북구,삼각산동
다사57255800,강북구,삼양동
다사57255625,성북구,길음1동
다사57255650,성북구,길음1동
다사57255675,성북구,길음1동
다사57255700,성북구,길음1동
다사57503975,서초구,양재1동
다사57504000,서초구,양재1동
다사57504025,서초구,양재1동
다사57504050,서초구,양재1동
다사57256625,도봉구,도봉1동
다사57256650,도봉구,도봉1동
다사57256675,도봉구,도봉1동
다사57503950,서초구,양재1동
다사57504175,서초구,양재1동
다사57504200,서초구,서초1동
다사57504225,서초구,서초1동
다사57504250,서초구,서초1동
다사57504075,서초구,양재1동
다사57504100,서초구,양재1동
다사57504125,서초구,양재1동
다사57504150,서초구,양재1동
다사57256325,강북구,우이동
다사57256350,강북구,우이동
다사57256375,도봉구,도봉1동
다사57256400,도봉구,도봉1동
다사57256225,도봉구,쌍문1동
다사57256250,도봉구,방학3동
다사57256275,도봉구,방학3동
다사57256300,도봉구,방학3동
다사57256525,도봉구,도봉1동
다사57256550,도봉구,도봉1동
다사57256575,도봉구,도봉1동
다사57256600,도봉구,도봉1동
다사57256425,도봉구,도봉1동
다사57256450,도봉구,도봉1동
다사57256475,도봉구,도봉1동
다사57256500,도봉구,도봉1동
다사57254325,서초구,서초1동
다사57254350,서초구,서초1동
다사57254375,서초구,서초1동
다사57254400,서초구,서초4동
다사57254225,서초구,서초3동
다사57254250,서초구,서초3동
다사57254275,서초구,서초1동
다사57254300,서초구,서초1동
다사57254525,서초구,반포1동
다사57254550,서초구,반포1동
다사57254575,서초구,잠원동
다사57254600,서초구,잠원동
다사57254425,서초구,서초4동
다사57254450,서초구,서초4동
다사57254475,서초구,반포1동
다사57254500,서초구,반포1동
다사57006675,도봉구,도봉1동
다사57253950,서초구,양재1동
다사57253975,서초구,양재1동
다사57254000,서초구,양재1동
다사57006575,도봉구,도봉1동
다사57006600,도봉구,도봉1동
다사57006625,도봉구,도봉1동
다사57006650,도봉구,도봉1동
다사57254125,서초구,양재1동
다사57254150,서초구,양재1동
다사57254175,서초구,양재1동
다사57254200,서초구,서초3동
다사57254025,서초구,양재1동
다사57254050,서초구,양재1동
다사57254075,서초구,양재1동
다사57254100,서초구,양재1동
다사57255125,중구,동화동
다사57255150,중구,동화동
다사57255175,중구,신당동
다사57255200,중구,신당동
다사57255025,성동구,금호2·3가동
다사57255050,성동구,금호2·3가동
다사57255075,중구,청구동
다사57255100,중구,청구동
다사57255325,종로구,숭인1동
다사57255350,성북구,보문동
다사57255375,성북구,보문동
다사57255400,성북구,보문동
다사57255225,중구,신당동
다사57255250,종로구,숭인2동
다사57255275,종로구,숭인1동
다사57255300,종로구,숭인1동
다사57254725,강남구,신사동
다사57254750,강남구,신사동
다사57254775,강남구,신사동
다사57254800,강남구,신사동
다사57254625,서초구,잠원동
다사57254650,서초구,잠원동
다사57254675,서초구,잠원동
다사57254700,강남구,신사동
다사57254925,성동구,옥수동
다사57254950,성동구,옥수동
다사57254975,성동구,금호4가동
다사57255000,성동구,금호2·3가동
다사57254825,용산구,한남동
다사57254850,용산구,한남동
다사57254875,성동구,옥수동
다사57254900,성동구,옥수동
다사57005475,성북구,삼선동
다사57005500,성북구,동선동
다사57005525,성북구,동선동
다사57005550,성북구,돈암2동
다사57005375,성북구,삼선동
다사57005400,성북구,삼선동
다사57005425,성북구,삼선동
다사57005450,성북구,삼선동
다사57005675,성북구,정릉2동
다사57005700,성북구,정릉1동
다사57005725,성북구,정릉4동
다사57005750,강북구,삼각산동
다사57005575,성북구,정릉1동
다사57005600,성북구,정릉1동
다사57005625,성북구,정릉2동
다사57005650,성북구,정릉2동
다사57005075,중구,청구동
다사57005100,중구,청구동
다사57005125,중구,동화동
다사57005150,중구,신당동
다사57004975,성동구,옥수동
다사57005000,성동구,금호2·3가동
다사57005025,중구,약수동
다사57005050,중구,약수동
다사57005275,종로구,창신1동
다사57005300,종로구,창신3동
다사57005325,종로구,창신3동
다사57005350,종로구,창신3동
다사57005175,중구,신당동
다사57005200,중구,신당동
다사57005225,중구,신당동
다사57005250,종로구,창신1동
다사57006275,강북구,우이동
다사57006300,강북구,우이동
다사57006325,강북구,우이동
다사57006350,강북구,우이동
다사57006175,도봉구,쌍문1동
다사57006200,도봉구,쌍문1동
다사57006225,강북구,우이동
다사57006250,강북구,우이동
다사57006475,도봉구,도봉1동
다사57006500,도봉구,도봉1동
다사57006525,도봉구,도봉1동
다사57006550,도봉구,도봉1동
다사57006375,강북구,우이동
다사57006400,도봉구,도봉1동
다사57006425,도봉구,도봉1동
다사57006450,도봉구,도봉1동
다사57005875,강북구,수유1동
다사57005900,강북구,수유1동
다사57005925,강북구,수유1동
다사57005950,강북구,인수동
다사57005775,강북구,삼각산동
다사57005800,강북구,삼양동
다사57005825,강북구,삼양동
다사57005850,강북구,삼양동
다사57006075,강북구,우이동
다사57006100,강북구,우이동
다사57006125,도봉구,쌍문1동
다사57006150,도봉구,쌍문1동
다사57005975,강북구,인수동
다사57006000,강북구,인수동
다사57006025,강북구,인수동
다사57006050,강북구,인수동
다사56756600,도봉구,도봉1동
다사56756625,도봉구,도봉1동
다사56756650,도봉구,도봉1동
다사57003950,서초구,양재1동
다사56756500,도봉구,도봉1동
다사56756525,도봉구,도봉1동
다사56756550,도봉구,도봉1동
다사56756575,도봉구,도봉1동
다사57004075,서초구,양재1동
다사57004100,서초구,양재1동
다사57004125,서초구,양재1동
다사57004150,서초구,양재1동
다사57003975,서초구,양재1동
다사57004000,서초구,양재1동
다사57004025,서초구,양재1동
다사57004050,서초구,양재1동
다사56756200,강북구,우이동
다사56756225,강북구,우이동
다사56756250,강북구,우이동
다사56756275,강북구,우이동
다사56756100,강북구,우이동
다사56756125,강북구,우이동
다사56756150,강북구,우이동
다사56756175,강북구,우이동
다사56756400,강북구,우이동
다사56756425,강북구,우이동
다사56756450,도봉구,도봉1동
다사56756475,도봉구,도봉1동
다사56756300,강북구,우이동
다사56756325,강북구,우이동
다사56756350,강북구,우이동
다사56756375,강북구,우이동
다사57004675,서초구,잠원동
다사57004700,서초구,잠원동
다사57004725,서초구,잠원동
다사57004750,강남구,신사동
다사57004575,서초구,잠원동
다사57004600,서초구,잠원동
다사57004625,서초구,잠원동
다사57004650,서초구,잠원동
다사57004875,용산구,한남동
다사57004900,성동구,옥수동
다사57004925,성동구,옥수동
다사57004950,성동구,옥수동
다사57004775,강남구,신사동
다사57004800,용산구,한남동
다사57004825,용산구,한남동
다사57004850,용산구,한남동
다사57004275,서초구,서초3동
다사57004300,서초구,서초3동
다사57004325,서초구,서초1동
다사57004350,서초구,서초1동
다사57004175,서초구,서초3동
다사57004200,서초구,서초3동
다사57004225,서초구,서초3동
다사57004250,서초구,서초3동
다사57004475,서초구,반포1동
다사57004500,서초구,반포1동
다사57004525,서초구,반포1동
다사57004550,서초구,반포1동
다사57004375,서초구,서초1동
다사57004400,서초구,서초4동
다사57004425,서초구,서초4동
다사57004450,서초구,서초4동
다사56755000,중구,약수동
다사56755025,중구,약수동
다사56755050,중구,약수동
다사56755075,중구,청구동
다사56754900,성동구,옥수동
다사56754925,성동구,옥수동
다사56754950,성동구,옥수동
다사56754975,성동구,옥수동
다사56755200,중구,광희동
다사56755225,중구,신당동
다사56755250,종로구,창신1동
다사56755275,종로구,창신2동
다사56755100,중구,다산동
다사56755125,중구,다산동
다사56755150,중구,신당동
다사56755175,중구,신당동
다사56754600,서초구,잠원동
다사56754625,서초구,잠원동
다사56754650,서초구,잠원동
다사56754675,서초구,잠원동
다사56754500,서초구,반포1동
다사56754525,서초구,반포1동
다사56754550,서초구,잠원동
다사56754575,서초구,잠원동
다사56754800,용산구,한남동
다사56754825,용산구,한남동
다사56754850,용산구,한남동
다사56754875,용산구,한남동
다사56754700,서초구,잠원동
다사56754725,서초구,잠원동
다사56754750,서초구,잠원동
다사56754775,용산구,한남동
다사56755800,강북구,삼양동
다사56755825,강북구,삼양동
다사56755850,강북구,수유1동
다사56755875,강북구,수유1동
다사56755700,성북구,정릉4동
다사56755725,성북구,정릉4동
다사56755750,강북구,삼각산동
다사56755775,강북구,삼각산동
다사56756000,강북구,인수동
다사56756025,강북구,인수동
다사56756050,강북구,인수동
다사56756075,강북구,우이동
다사56755900,강북구,수유1동
다사56755925,강북구,수유1동
다사56755950,강북구,인수동
다사56755975,강북구,인수동
다사56755400,성북구,삼선동
다사56755425,성북구,삼선동
다사56755450,성북구,삼선동
다사56755475,성북구,성북동
다사56755300,종로구,창신2동
다사56755325,종로구,창신3동
다사56755350,종로구,창신3동
다사56755375,성북구,삼선동
다사56755600,성북구,정릉2동
다사56755625,성북구,정릉2동
다사56755650,성북구,정릉2동
다사56755675,성북구,정릉4동
다사56755500,성북구,돈암2동
다사56755525,성북구,돈암2동
다사56755550,성북구,돈암2동
다사56755575,성북구,정릉2동
다사56506075,강북구,우이동
다사56506100,강북구,우이동
다사56506125,강북구,우이동
다사56506150,강북구,우이동
다사56505975,강북구,인수동
다사56506000,강북구,인수동
다사56506025,강북구,인수동
다사56506050,강북구,인수동
다사56506275,강북구,우이동
다사56506300,강북구,우이동
다사56506325,강북구,우이동
다사56506350,강북구,우이동
다사56506175,강북구,우이동
다사56506200,강북구,우이동
다사56506225,강북구,우이동
다사56506250,강북구,우이동
다사56505675,성북구,정릉4동
다사56505700,성북구,정릉4동
다사56505725,성북구,정릉4동
다사56505750,성북구,정릉4동
다사56505575,성북구,정릉2동
다사56505600,성북구,정릉2동
다사56505625,성북구,정릉2동
다사56505650,성북구,정릉3동
다사56505875,강북구,수유1동
다사56505900,강북구,수유1동
다사56505925,강북구,수유1동
다사56505950,강북구,인수동
다사56505775,강북구,삼양동
다사56505800,강북구,삼양동
다사56505825,강북구,삼양동
다사56505850,강북구,수유1동
다사56754200,서초구,서초3동
다사56754225,서초구,서초3동
다사56754250,서초구,서초3동
다사56754275,서초구,서초3동
다사56754100,서초구,양재1동
다사56754125,서초구,양재1동
다사56754150,서초구,서초3동
다사56754175,서초구,서초3동
다사56754400,서초구,서초3동
다사56754425,서초구,서초3동
다사56754450,서초구,반포4동
다사56754475,서초구,반포1동
다사56754300,서초구,서초3동
다사56754325,서초구,서초3동
다사56754350,서초구,서초3동
다사56754375,서초구,서초3동
다사56506475,강북구,우이동
다사56506500,강북구,우이동
다사56506525,도봉구,도봉1동
다사56506550,도봉구,도봉1동
다사56506375,강북구,우이동
다사56506400,강북구,우이동
다사56506425,강북구,우이동
다사56506450,강북구,우이동
다사56754000,서초구,양재1동
다사56754025,서초구,양재1동
다사56754050,서초구,양재1동
다사56754075,서초구,양재1동
다사56506575,도봉구,도봉1동
다사56506600,도봉구,도봉1동
다사56753950,서초구,양재1동
다사56753975,서초구,양재1동
다사56504475,서초구,반포4동
다사56504500,서초구,반포4동
다사56504525,서초구,반포4동
다사56504550,서초구,반포3동
다사56504375,서초구,서초3동
다사56504400,서초구,서초3동
다사56504425,서초구,서초3동
다사56504450,서초구,반포4동
다사56504675,서초구,잠원동
다사56504700,서초구,잠원동
다사56504725,서초구,잠원동
다사56504750,용산구,한남동
다사56504575,서초구,반포3동
다사56504600,서초구,잠원동
다사56504625,서초구,잠원동
다사56504650,서초구,잠원동
다사56504075,서초구,양재1동
다사56504100,서초구,양재1동
다사56504125,서초구,양재1동
다사56504150,서초구,방배3동
다사56503975,서초구,양재1동
다사56504000,서초구,양재1동
다사56504025,서초구,양재1동
다사56504050,서초구,양재1동
다사56504275,서초구,서초3동
다사56504300,서초구,서초3동
다사56504325,서초구,서초3동
다사56504350,서초구,서초3동
다사56504175,서초구,서초3동
다사56504200,서초구,서초3동
다사56504225,서초구,서초3동
다사56504250,서초구,서초3동
다사56505275,종로구,창신2동
다사56505300,종로구,창신2동
다사56505325,종로구,창신2동
다사56505350,성북구,삼선동
다사56505175,중구,광희동
다사56505200,중구,광희동
다사56505225,중구,광희동
다사56505250,종로구,종로5·6가동
다사56505475,성북구,돈암2동
다사56505500,성북구,돈암2동
다사56505525,성북구,돈암2동
다사56505550,성북구,돈암2동
다사56505375,성북구,삼선동
다사56505400,성북구,삼선동
다사56505425,성북구,삼선동
다사56505450,성북구,성북동
다사56504875,용산구,한남동
다사56504900,성동구,옥수동
다사56504925,성동구,옥수동
다사56504950,중구,약수동
다사56504775,용산구,한남동
다사56504800,용산구,한남동
다사56504825,용산구,한남동
다사56504850,용산구,한남동
다사56505075,중구,다산동
다사56505100,중구,다산동
다사56505125,중구,장충동
다사56505150,중구,장충동
다사56504975,중구,약수동
다사56505000,중구,약수동
다사56505025,중구,약수동
다사56505050,중구,다산동
다사56255450,성북구,성북동
다사56255475,성북구,성북동
다사56255500,성북구,성북동
다사56255525,성북구,정릉2동
다사56255350,종로구,이화동
다사56255375,종로구,이화동
다사56255400,종로구,혜화동
다사56255425,성북구,삼선동
다사56255650,성북구,정릉3동
다사56255675,성북구,정릉3동
다사56255700,성북구,정릉3동
다사56255725,성북구,정릉3동
다사56255550,성북구,정릉2동
다사56255575,성북구,정릉2동
다사56255600,성북구,정릉2동
다사56255625,성북구,정릉2동
다사56255050,중구,다산동
다사56255075,중구,장충동
다사56255100,중구,장충동
다사56255125,중구,장충동
다사56254950,중구,약수동
다사56254975,중구,약수동
다사56255000,중구,다산동
다사56255025,중구,다산동
다사56255250,종로구,종로5·6가동
다사56255275,종로구,종로5·6가동
다사56255300,종로구,이화동
다사56255325,종로구,이화동
다사56255150,중구,광희동
다사56255175,중구,광희동
다사56255200,중구,광희동
다사56255225,종로구,종로5·6가동
다사56256250,강북구,우이동
다사56256275,강북구,우이동
다사56256300,강북구,우이동
다사56256325,강북구,우이동
다사56256150,강북구,우이동
다사56256175,강북구,우이동
다사56256200,강북구,우이동
다사56256225,강북구,우이동
다사56256450,강북구,우이동
다사56256475,강북구,우이동
다사56256500,강북구,우이동
다사56503950,서초구,양재1동
다사56256350,강북구,우이동
다사56256375,강북구,우이동
다사56256400,강북구,우이동
다사56256425,강북구,우이동
다사56255850,강북구,수유1동
다사56255875,강북구,수유1동
다사56255900,강북구,수유1동
다사56255925,강북구,인수동
다사56255750,성북구,정릉4동
다사56255775,성북구,정릉4동
다사56255800,성북구,정릉4동
다사56255825,성북구,정릉4동
다사56256050,강북구,인수동
다사56256075,강북구,우이동
다사56256100,강북구,우이동
다사56256125,강북구,우이동
다사56255950,강북구,인수동
다사56255975,강북구,인수동
다사56256000,강북구,인수동
다사56256025,강북구,인수동
다사56006375,강북구,우이동
다사56006400,강북구,우이동
다사56006425,강북구,우이동
다사56006450,강북구,우이동
다사56006275,강북구,우이동
다사56006300,강북구,우이동
다사56006325,강북구,우이동
다사56006350,강북구,우이동
다사56254050,서초구,양재1동
다사56254075,서초구,양재1동
다사56254100,서초구,양재1동
다사56254125,서초구,방배3동
다사56006475,강북구,우이동
다사56006500,강북구,우이동
다사56254000,서초구,양재1동
다사56254025,서초구,양재1동
다사56005975,강북구,인수동
다사56006000,강북구,인수동
다사56006025,강북구,인수동
다사56006050,강북구,우이동
다사56005875,강북구,수유1동
다사56005900,강북구,수유1동
다사56005925,강북구,인수동
다사56005950,강북구,인수동
다사56006175,강북구,우이동
다사56006200,강북구,우이동
다사56006225,강북구,우이동
다사56006250,강북구,우이동
다사56006075,강북구,우이동
다사56006100,강북구,우이동
다사56006125,강북구,우이동
다사56006150,강북구,우이동
다사56254650,서초구,반포3동
다사56254675,서초구,잠원동
다사56254700,서초구,잠원동
다사56254725,용산구,보광동
다사56254550,서초구,반포3동
다사56254575,서초구,반포3동
다사56254600,서초구,반포3동
다사56254625,서초구,반포3동
다사56254850,용산구,한남동
다사56254875,용산구,한남동
다사56254900,용산구,한남동
다사56254925,용산구,한남동
다사56254750,용산구,한남동
다사56254775,용산구,한남동
다사56254800,용산구,한남동
다사56254825,용산구,한남동
다사56254250,서초구,서초3동
다사56254275,서초구,서초3동
다사56254300,서초구,서초3동
다사56254325,서초구,서초3동
다사56254150,서초구,방배3동
다사56254175,서초구,방배3동
다사56254200,서초구,방배3동
다사56254225,서초구,서초3동
다사56254450,서초구,반포4동
다사56254475,서초구,반포4동
다사56254500,서초구,반포4동
다사56254525,서초구,반포4동
다사56254350,서초구,서초3동
다사56254375,서초구,서초3동
다사56254400,서초구,서초3동
다사56254425,서초구,반포4동
다사56004775,용산구,보광동
다사56004800,용산구,한남동
다사56004825,용산구,한남동
다사56004850,용산구,한남동
다사56004675,용산구,보광동
다사56004700,용산구,보광동
다사56004725,용산구,보광동
다사56004750,용산구,보광동
다사56004975,용산구,한남동
다사56005000,용산구,한남동
다사56005025,중구,장충동
다사56005050,중구,장충동
다사56004875,용산구,한남동
다사56004900,용산구,한남동
다사56004925,용산구,한남동
다사56004950,용산구,한남동
다사56004375,서초구,서초3동
다사56004400,서초구,반포4동
다사56004425,서초구,반포4동
다사56004450,서초구,반포4동
다사56004275,서초구,서초3동
다사56004300,서초구,서초3동
다사56004325,서초구,서초3동
다사56004350,서초구,서초3동
다사56004575,서초구,반포3동
다사56004600,서초구,반포3동
다사56004625,서초구,반포3동
다사56004650,서초구,반포3동
다사56004475,서초구,반포4동
다사56004500,서초구,반포4동
다사56004525,서초구,반포3동
다사56004550,서초구,반포3동
다사56005575,성북구,정릉2동
다사56005600,성북구,정릉2동
다사56005625,성북구,정릉3동
다사56005650,성북구,정릉3동
다사56005475,성북구,성북동
다사56005500,성북구,성북동
다사56005525,성북구,성북동
다사56005550,성북구,정릉2동
다사56005775,성북구,정릉4동
다사56005800,성북구,정릉4동
다사56005825,성북구,정릉4동
다사56005850,강북구,수유1동
다사56005675,성북구,정릉3동
다사56005700,성북구,정릉3동
다사56005725,성북구,정릉3동
다사56005750,성북구,정릉4동
다사56005175,중구,광희동
다사56005200,중구,을지로동
다사56005225,종로구,종로5·6가동
다사56005250,종로구,종로5·6가동
다사56005075,중구,장충동
다사56005100,중구,필동
다사56005125,중구,장충동
다사56005150,중구,광희동
다사56005375,종로구,이화동
다사56005400,종로구,혜화동
다사56005425,종로구,혜화동
다사56005450,성북구,성북동
다사56005275,종로구,종로5·6가동
다사56005300,종로구,이화동
다사56005325,종로구,이화동
다사56005350,종로구,이화동
다사55755650,성북구,정릉3동
다사55755675,성북구,정릉3동
다사55755700,성북구,정릉3동
다사55755725,성북구,정릉3동
다사55755550,성북구,성북동
다사55755575,성북구,성북동
다사55755600,성북구,정릉2동
다사55755625,성북구,정릉3동
다사55755850,성북구,정릉4동
다사55755875,강북구,수유1동
다사55755900,강북구,수유1동
다사55755925,강북구,인수동
다사55755750,성북구,정릉4동
다사55755775,성북구,정릉4동
다사55755800,성북구,정릉4동
다사55755825,성북구,정릉4동
다사55755250,종로구,종로5·6가동
다사55755275,종로구,종로5·6가동
다사55755300,종로구,이화동
다사55755325,종로구,이화동
다사55755150,중구,광희동
다사55755175,중구,광희동
다사55755200,중구,을지로동
다사55755225,종로구,종로1·2·3·4가동
다사55755450,종로구,혜화동
다사55755475,종로구,혜화동
다사55755500,성북구,성북동
다사55755525,성북구,성북동
다사55755350,종로구,이화동
다사55755375,종로구,혜화동
다사55755400,종로구,혜화동
다사55755425,종로구,혜화동
다사55756450,강북구,우이동
다사55756475,강북구,우이동
다사55756500,강북구,우이동
다사56004050,서초구,양재1동
다사55756350,강북구,우이동
다사55756375,강북구,우이동
다사55756400,강북구,우이동
다사55756425,강북구,우이동
다사56004175,서초구,방배3동
다사56004200,서초구,방배3동
다사56004225,서초구,서초3동
다사56004250,서초구,서초3동
다사56004075,서초구,양재1동
다사56004100,서초구,방배3동
다사56004125,서초구,방배3동
다사56004150,서초구,방배3동
다사55756050,강북구,우이동
다사55756075,강북구,우이동
다사55756100,강북구,우이동
다사55756125,강북구,우이동
다사55755950,강북구,인수동
다사55755975,강북구,인수동
다사55756000,강북구,인수동
다사55756025,강북구,우이동
다사55756250,강북구,우이동
다사55756275,강북구,우이동
다사55756300,강북구,우이동
다사55756325,강북구,우이동
다사55756150,강북구,우이동
다사55756175,강북구,우이동
다사55756200,강북구,우이동
다사55756225,강북구,우이동
다사55506500,강북구,우이동
다사55754075,서초구,방배3동
다사55754100,서초구,방배3동
다사55754125,서초구,방배3동
다사55506400,강북구,우이동
다사55506425,강북구,우이동
다사55506450,강북구,우이동
다사55506475,강북구,우이동
다사55754250,서초구,방배3동
다사55754275,서초구,서초3동
다사55754300,서초구,서초3동
다사55754325,서초구,방배1동
다사55754150,서초구,방배3동
다사55754175,서초구,방배3동
다사55754200,서초구,방배3동
다사55754225,서초구,방배3동
다사55506100,강북구,우이동
다사55506125,강북구,우이동
다사55506150,강북구,우이동
다사55506175,강북구,우이동
다사55506000,강북구,우이동
다사55506025,강북구,우이동
다사55506050,강북구,우이동
다사55506075,강북구,우이동
다사55506300,강북구,우이동
다사55506325,강북구,우이동
다사55506350,강북구,우이동
다사55506375,강북구,우이동
다사55506200,강북구,우이동
다사55506225,강북구,우이동
다사55506250,강북구,우이동
다사55506275,강북구,우이동
다사55754850,용산구,한남동
다사55754875,용산구,한남동
다사55754900,용산구,한남동
다사55754925,용산구,한남동
다사55754750,용산구,보광동
다사55754775,용산구,보광동
다사55754800,용산구,보광동
다사55754825,용산구,한남동
다사55755050,중구,장충동
다사55755075,중구,필동
다사55755100,중구,필동
다사55755125,중구,필동
다사55754950,용산구,한남동
다사55754975,용산구,한남동
다사55755000,용산구,한남동
다사55755025,중구,장충동
다사55754450,서초구,반포4동
다사55754475,서초구,반포2동
다사55754500,서초구,반포2동
다사55754525,서초구,반포3동
다사55754350,서초구,서초3동
다사55754375,서초구,반포4동
다사55754400,서초구,반포4동
다사55754425,서초구,반포4동
다사55754650,서초구,반포3동
다사55754675,용산구,보광동
다사55754700,용산구,보광동
다사55754725,용산구,보광동
다사55754550,서초구,반포3동
다사55754575,서초구,반포3동
다사55754600,서초구,반포3동
다사55754625,서초구,반포3동
다사55504900,용산구,한남동
다사55504925,용산구,이태원2동
다사55504950,용산구,한남동
다사55504975,용산구,한남동
다사55504800,용산구,보광동
다사55504825,용산구,한남동
다사55504850,용산구,한남동
다사55504875,용산구,한남동
다사55505100,중구,필동
다사55505125,중구,필동
다사55505150,중구,광희동
다사55505175,중구,광희동
다사55505000,중구,장충동
다사55505025,중구,장충동
다사55505050,중구,필동
다사55505075,중구,필동
다사55504500,서초구,반포2동
다사55504525,서초구,반포2동
다사55504550,서초구,반포2동
다사55504575,서초구,반포2동
다사55504400,서초구,반포4동
다사55504425,서초구,반포4동
다사55504450,서초구,반포4동
다사55504475,서초구,반포2동
다사55504700,용산구,서빙고동
다사55504725,용산구,보광동
다사55504750,용산구,보광동
다사55504775,용산구,보광동
다사55504600,서초구,반포3동
다사55504625,서초구,반포3동
다사55504650,용산구,서빙고동
다사55504675,용산구,서빙고동
다사55505700,성북구,정릉3동
다사55505725,성북구,정릉3동
다사55505750,성북구,정릉4동
다사55505775,성북구,정릉4동
다사55505600,성북구,정릉3동
다사55505625,성북구,정릉3동
다사55505650,성북구,정릉3동
다사55505675,성북구,정릉3동
다사55505900,강북구,수유1동
다사55505925,강북구,인수동
다사55505950,강북구,인수동
다사55505975,강북구,인수동
다사55505800,성북구,정릉4동
다사55505825,성북구,정릉4동
다사55505850,성북구,정릉4동
다사55505875,강북구,수유1동
다사55505300,종로구,종로1·2·3·4가동
다사55505325,종로구,이화동
다사55505350,종로구,이화동
다사55505375,종로구,혜화동
다사55505200,중구,을지로동
다사55505225,종로구,종로1·2·3·4가동
다사55505250,종로구,종로1·2·3·4가동
다사55505275,종로구,종로1·2·3·4가동
다사55505500,성북구,성북동
다사55505525,성북구,성북동
다사55505550,성북구,성북동
다사55505575,성북구,성북동
다사55505400,종로구,혜화동
다사55505425,종로구,혜화동
다사55505450,종로구,혜화동
다사55505475,종로구,혜화동
다사55255775,성북구,정릉4동
다사55255800,성북구,정릉4동
다사55255825,성북구,정릉4동
다사55255850,성북구,정릉4동
다사55255675,성북구,정릉3동
다사55255700,성북구,정릉3동
다사55255725,성북구,정릉4동
다사55255750,성북구,정릉4동
다사55255975,강북구,인수동
다사55256000,강북구,우이동
다사55256025,강북구,우이동
다사55256050,강북구,우이동
다사55255875,성북구,정릉4동
다사55255900,강북구,수유1동
다사55255925,강북구,인수동
다사55255950,강북구,인수동
다사55255375,종로구,종로1·2·3·4가동
다사55255400,종로구,혜화동
다사55255425,종로구,혜화동
다사55255450,종로구,혜화동
다사55255275,종로구,종로1·2·3·4가동
다사55255300,종로구,종로1·2·3·4가동
다사55255325,종로구,종로1·2·3·4가동
다사55255350,종로구,종로1·2·3·4가동
다사55255575,성북구,성북동
다사55255600,성북구,정릉3동
다사55255625,성북구,정릉3동
다사55255650,성북구,정릉3동
다사55255475,성북구,성북동
다사55255500,성북구,성북동
다사55255525,성북구,성북동
다사55255550,성북구,성북동
다사55504100,서초구,방배3동
다사55504125,서초구,방배3동
다사55504150,서초구,방배3동
다사55504175,서초구,방배3동
다사55256475,강북구,우이동
다사55504025,서초구,방배2동
다사55504050,서초구,방배2동
다사55504075,서초구,방배3동
다사55504300,서초구,방배1동
다사55504325,서초구,방배1동
다사55504350,서초구,방배4동
다사55504375,서초구,방배4동
다사55504200,서초구,방배3동
다사55504225,서초구,방배3동
다사55504250,서초구,방배1동
다사55504275,서초구,방배1동
다사55256175,강북구,우이동
다사55256200,강북구,우이동
다사55256225,강북구,우이동
다사55256250,강북구,우이동
다사55256075,강북구,우이동
다사55256100,강북구,우이동
다사55256125,강북구,우이동
다사55256150,강북구,우이동
다사55256375,강북구,우이동
다사55256400,강북구,우이동
다사55256425,강북구,우이동
다사55256450,강북구,우이동
다사55256275,강북구,우이동
다사55256300,강북구,우이동
다사55256325,강북구,우이동
다사55256350,강북구,우이동
다사55254175,서초구,방배3동
다사55254200,서초구,방배3동
다사55254225,서초구,방배3동
다사55254250,서초구,방배1동
다사55254075,서초구,방배2동
다사55254100,서초구,방배3동
다사55254125,서초구,방배3동
다사55254150,서초구,방배3동
다사55254375,서초구,방배4동
다사55254400,서초구,반포4동
다사55254425,서초구,반포4동
다사55254450,서초구,반포2동
다사55254275,서초구,방배1동
다사55254300,서초구,방배1동
다사55254325,서초구,방배4동
다사55254350,서초구,방배4동
다사55006100,강북구,우이동
다사55006125,강북구,우이동
다사55006150,강북구,우이동
다사55006175,강북구,우이동
다사55006000,강북구,우이동
다사55006025,강북구,우이동
다사55006050,강북구,우이동
다사55006075,강북구,우이동
다사55006300,강북구,우이동
다사55006450,강북구,우이동
다사55254025,서초구,방배2동
다사55254050,서초구,방배2동
다사55006200,강북구,우이동
다사55006225,강북구,우이동
다사55006250,강북구,우이동
다사55006275,강북구,우이동
다사55254975,용산구,이태원2동
다사55255000,중구,장충동
다사55255025,중구,장충동
다사55255050,중구,필동
다사55254875,용산구,이태원1동
다사55254900,용산구,이태원2동
다사55254925,용산구,이태원2동
다사55254950,용산구,이태원2동
다사55255175,중구,을지로동
다사55255200,중구,을지로동
다사55255225,종로구,종로1·2·3·4가동
다사55255250,종로구,종로1·2·3·4가동
다사55255075,중구,필동
다사55255100,중구,필동
다사55255125,중구,필동
다사55255150,중구,광희동
다사55254575,서초구,반포2동
다사55254600,서초구,반포2동
다사55254625,용산구,서빙고동
다사55254650,용산구,서빙고동
다사55254475,서초구,반포2동
다사55254500,서초구,반포2동
다사55254525,서초구,반포2동
다사55254550,서초구,반포2동
다사55254775,용산구,이태원1동
다사55254800,용산구,이태원1동
다사55254825,용산구,이태원1동
다사55254850,용산구,이태원1동
다사55254675,용산구,서빙고동
다사55254700,용산구,서빙고동
다사55254725,용산구,서빙고동
다사55254750,용산구,서빙고동
다사55004900,용산구,이태원2동
다사55004925,용산구,이태원2동
다사55004950,용산구,이태원2동
다사55004975,용산구,이태원2동
다사55004800,용산구,이태원1동
다사55004825,용산구,이태원1동
다사55004850,용산구,이태원1동
다사55004875,용산구,이태원2동
다사55005100,중구,필동
다사55005125,중구,필동
다사55005150,중구,필동
다사55005175,중구,을지로동
다사55005000,용산구,용산2가동
다사55005025,중구,필동
다사55005050,중구,필동
다사55005075,중구,필동
다사55004500,서초구,반포2동
다사55004525,서초구,반포2동
다사55004550,서초구,반포2동
다사55004575,서초구,반포2동
다사55004400,서초구,방배본동
다사55004425,서초구,반포4동
다사55004450,서초구,반포2동
다사55004475,서초구,반포본동
다사55004700,용산구,서빙고동
다사55004725,용산구,서빙고동
다사55004750,용산구,서빙고동
다사55004775,용산구,서빙고동
다사55004600,서초구,반포2동
다사55004625,용산구,서빙고동
다사55004650,용산구,서빙고동
다사55004675,용산구,서빙고동
다사55005700,성북구,정릉3동
다사55005725,성북구,정릉3동
다사55005750,성북구,정릉3동
다사55005775,성북구,정릉3동
다사55005600,성북구,정릉3동
다사55005625,성북구,정릉3동
다사55005650,성북구,정릉3동
다사55005675,성북구,정릉3동
다사55005900,성북구,정릉4동
다사55005925,강북구,인수동
다사55005950,강북구,인수동
다사55005975,강북구,인수동
다사55005800,성북구,정릉4동
다사55005825,성북구,정릉4동
다사55005850,성북구,정릉4동
다사55005875,성북구,정릉4동
다사55005300,종로구,종로1·2·3·4가동
다사55005325,종로구,종로1·2·3·4가동
다사55005350,종로구,종로1·2·3·4가동
다사55005375,종로구,종로1·2·3·4가동
다사55005200,중구,을지로동
다사55005225,종로구,종로1·2·3·4가동
다사55005250,종로구,종로1·2·3·4가동
다사55005275,종로구,종로1·2·3·4가동
다사55005500,성북구,성북동
다사55005525,성북구,성북동
다사55005550,성북구,성북동
다사55005575,성북구,성북동
다사55005400,종로구,종로1·2·3·4가동
다사55005425,종로구,혜화동
다사55005450,종로구,혜화동
다사55005475,성북구,성북동
다사54755600,성북구,정릉3동
다사54755625,성북구,정릉3동
다사54755650,성북구,정릉3동
다사54755675,성북구,정릉3동
다사54755500,성북구,성북동
다사54755525,성북구,성북동
다사54755550,성북구,성북동
다사54755575,성북구,성북동
다사54755800,성북구,정릉3동
다사54755825,성북구,정릉4동
다사54755850,성북구,정릉4동
다사54755875,성북구,정릉4동
다사54755700,성북구,정릉3동
다사54755725,성북구,정릉3동
다사54755750,성북구,정릉3동
다사54755775,성북구,정릉3동
다사54755200,중구,명동
다사54755225,종로구,종로1·2·3·4가동
다사54755250,종로구,종로1·2·3·4가동
다사54755275,종로구,종로1·2·3·4가동
다사54755100,중구,필동
다사54755125,중구,명동
다사54755150,중구,명동
다사54755175,중구,을지로동
다사54755400,종로구,종로1·2·3·4가동
다사54755425,종로구,혜화동
다사54755450,종로구,혜화동
다사54755475,성북구,성북동
다사54755300,종로구,종로1·2·3·4가동
다사54755325,종로구,가회동
다사54755350,종로구,가회동
다사54755375,종로구,가회동
다사55004100,서초구,방배2동
다사55004125,서초구,방배3동
다사55004150,서초구,방배3동
다사55004175,서초구,방배3동
다사55004000,서초구,방배2동
다사55004025,서초구,방배2동
다사55004050,서초구,방배2동
다사55004075,서초구,방배2동
다사55004300,서초구,방배1동
다사55004325,서초구,방배4동
다사55004350,서초구,방배4동
다사55004375,서초구,방배4동
다사55004200,서초구,방배3동
다사55004225,서초구,방배3동
다사55004250,서초구,방배2동
다사55004275,서초구,방배1동
다사54756000,강북구,인수동
다사54756025,강북구,우이동
다사54756050,강북구,우이동
다사54756075,강북구,우이동
다사54755900,성북구,정릉4동
다사54755925,성북구,정릉4동
다사54755950,강북구,인수동
다사54755975,강북구,인수동
다사54756200,강북구,우이동
다사54756225,강북구,우이동
다사54756250,강북구,우이동
다사54756275,강북구,우이동
다사54756100,강북구,우이동
다사54756125,강북구,우이동
다사54756150,강북구,우이동
다사54756175,강북구,우이동
다사54754000,서초구,방배2동
다사54754025,서초구,방배2동
다사54754050,서초구,방배2동
다사54754075,서초구,방배2동
다사54506175,강북구,우이동
다사54506200,강북구,우이동
다사54506225,강북구,우이동
다사54753975,서초구,방배2동
다사54754200,서초구,방배3동
다사54754225,서초구,방배2동
다사54754250,서초구,방배2동
다사54754275,서초구,방배2동
다사54754100,서초구,방배2동
다사54754125,서초구,방배3동
다사54754150,서초구,방배3동
다사54754175,서초구,방배3동
다사54505875,성북구,정릉4동
다사54505900,성북구,정릉4동
다사54505925,성북구,정릉4동
다사54505950,성북구,정릉4동
다사54505775,성북구,정릉3동
다사54505800,성북구,정릉3동
다사54505825,성북구,정릉4동
다사54505850,성북구,정릉4동
다사54506075,강북구,우이동
다사54506100,강북구,우이동
다사54506125,강북구,우이동
다사54506150,강북구,우이동
다사54505975,강북구,인수동
다사54506000,강북구,인수동
다사54506025,강북구,우이동
다사54506050,강북구,우이동
다사54754800,용산구,용산2가동
다사54754825,용산구,이태원1동
다사54754850,용산구,이태원2동
다사54754875,용산구,이태원2동
다사54754700,용산구,서빙고동
다사54754725,용산구,서빙고동
다사54754750,용산구,서빙고동
다사54754775,용산구,용산2가동
다사54755000,용산구,용산2가동
다사54755025,중구,필동
다사54755050,중구,필동
다사54755075,중구,필동
다사54754900,용산구,이태원2동
다사54754925,용산구,이태원2동
다사54754950,용산구,용산2가동
다사54754975,용산구,용산2가동
다사54754400,서초구,방배본동
다사54754425,서초구,방배본동
다사54754450,서초구,반포본동
다사54754475,서초구,반포본동
다사54754300,서초구,방배2동
다사54754325,서초구,방배4동
다사54754350,서초구,방배4동
다사54754375,서초구,방배본동
다사54754600,용산구,서빙고동
다사54754625,용산구,서빙고동
다사54754650,용산구,서빙고동
다사54754675,용산구,서빙고동
다사54754500,서초구,반포본동
다사54754525,서초구,반포본동
다사54754550,서초구,반포본동
다사54754575,서초구,반포본동
다사54504675,용산구,서빙고동
다사54504700,용산구,서빙고동
다사54504725,용산구,서빙고동
다사54504750,용산구,서빙고동
다사54504575,용산구,서빙고동
다사54504600,용산구,서빙고동
다사54504625,용산구,서빙고동
다사54504650,용산구,서빙고동
다사54504875,용산구,용산2가동
다사54504900,용산구,용산2가동
다사54504925,용산구,용산2가동
다사54504950,용산구,용산2가동
다사54504775,용산구,용산2가동
다사54504800,용산구,용산2가동
다사54504825,용산구,용산2가동
다사54504850,용산구,용산2가동
다사54504275,서초구,방배2동
다사54504300,서초구,방배4동
다사54504325,서초구,방배4동
다사54504350,서초구,방배4동
다사54504175,서초구,방배3동
다사54504200,서초구,방배3동
다사54504225,서초구,방배2동
다사54504250,서초구,방배2동
다사54504475,서초구,반포본동
다사54504500,서초구,반포본동
다사54504525,서초구,반포본동
다사54504550,용산구,서빙고동
다사54504375,서초구,방배본동
다사54504400,서초구,방배본동
다사54504425,서초구,방배본동
다사54504450,서초구,반포본동
다사54505475,종로구,삼청동
다사54505500,성북구,성북동
다사54505525,성북구,성북동
다사54505550,성북구,성북동
다사54505375,종로구,가회동
다사54505400,종로구,가회동
다사54505425,종로구,가회동
다사54505450,종로구,삼청동
다사54505675,종로구,평창동
다사54505700,종로구,평창동
다사54505725,종로구,평창동
다사54505750,성북구,정릉3동
다사54505575,종로구,평창동
다사54505600,종로구,평창동
다사54505625,종로구,평창동
다사54505650,종로구,평창동
다사54505075,중구,필동
다사54505100,중구,명동
다사54505125,중구,명동
다사54505150,중구,명동
다사54504975,용산구,용산2가동
다사54505000,용산구,후암동
다사54505025,용산구,후암동
다사54505050,중구,필동
다사54505275,종로구,종로1·2·3·4가동
다사54505300,종로구,종로1·2·3·4가동
다사54505325,종로구,가회동
다사54505350,종로구,가회동
다사54505175,중구,명동
다사54505200,중구,명동
다사54505225,종로구,종로1·2·3·4가동
다사54505250,종로구,종로1·2·3·4가동
다사54255275,종로구,종로1·2·3·4가동
다사54255300,종로구,삼청동
다사54255325,종로구,삼청동
다사54255350,종로구,삼청동
다사54255175,중구,명동
다사54255200,중구,명동
다사54255225,종로구,종로1·2·3·4가동
다사54255250,종로구,종로1·2·3·4가동
다사54255475,종로구,삼청동
다사54255500,종로구,삼청동
다사54255525,성북구,성북동
다사54255550,성북구,성북동
다사54255375,종로구,가회동
다사54255400,종로구,삼청동
다사54255425,종로구,삼청동
다사54255450,종로구,삼청동
다사54254875,용산구,용산2가동
다사54254900,용산구,용산2가동
다사54254925,용산구,용산2가동
다사54254950,용산구,용산2가동
다사54254775,용산구,용산2가동
다사54254800,용산구,용산2가동
다사54254825,용산구,용산2가동
다사54254850,용산구,용산2가동
다사54255075,중구,명동
다사54255100,중구,명동
다사54255125,중구,명동
다사54255150,중구,명동
다사54254975,용산구,후암동
다사54255000,용산구,후암동
다사54255025,용산구,후암동
다사54255050,중구,회현동
다사54256125,강북구,우이동
다사54256150,강북구,우이동
다사54256175,강북구,우이동
다사54256200,강북구,우이동
다사54255975,성북구,정릉4동
다사54256025,강북구,우이동
다사54256050,강북구,우이동
다사54256100,강북구,우이동
다사54504075,관악구,남현동
다사54504100,서초구,방배2동
다사54504125,서초구,방배2동
다사54504150,서초구,방배3동
다사54503975,관악구,남현동
다사54504000,관악구,남현동
다사54504025,관악구,남현동
