grid_id,lon,lat
다사54504050,126.98690044699619,37.46372073229498
다사54255675,126.98306346639373,37.61017362398052
다사54255700,126.98304786935668,37.61242690611735
다사54255725,126.98303227058223,37.6146801873861
다사54255750,126.98301667007013,37.61693346778675
다사54255575,126.98312583717168,37.60116048675271
다사54255600,126.98311024708232,37.603413772361684
다사54255625,126.98309465525634,37.605667057102664
다사54255650,126.98307906169354,37.607920340975625
다사54255875,126.98293864143798,37.62819985676784
다사54255900,126.98292303049578,37.630453131959484
다사54255925,126.98290741781454,37.63270640628292
다사54255950,126.98289180339398,37.63495967973811
다사54255775,126.98300106782018,37.61918674731928
다사54255800,126.98298546383221,37.621440025983674
다사54255825,126.98296985810599,37.62369330377991
다사54255850,126.98295425064131,37.62594658070797
다사54005750,126.98018399129452,37.61692102353412
다사54005775,126.98016830356536,37.61917430206075
다사54005800,126.98015261408868,37.62142757971917
다사54005825,126.98013692286419,37.62368085650939
다사54005650,126.98024672473956,37.60790790074599
다사54005675,126.98023104399861,37.61016118274523
다사54005700,126.98021536151093,37.61241446387634
다사54005725,126.98019967727629,37.614667744139304
다사54005950,126.98005844051808,37.634947227436584
다사54006150,126.97993277780519,37.65297337576621
다사54006175,126.97991706209027,37.65522664039948
다사54006200,126.97990134462451,37.657479904164276
다사54005850,126.98012122989175,37.62593413243137
다사54005875,126.98010553517112,37.62818740748509
다사54005900,126.9800898387021,37.63044068167054
다사54005925,126.98007414048449,37.63269395498772
다사54005350,126.98043475746024,37.58086844904802
다사54005375,126.98041909766411,37.58312174146334
다사54005400,126.9804034361237,37.58537503301075
다사54005425,126.98038777283882,37.58762832369022
다사54005250,126.98049737920618,37.57185527070807
다사54005275,126.98048172638508,37.574108566594816
다사54005300,126.98046607182052,37.576361861613734
다사54005325,126.98045041551231,37.578615155764815
다사54005550,126.98030943024008,37.598894764068156
다사54005575,126.98029375648404,37.6011480495397
다사54005600,126.98027808098206,37.60340133414321
다사54005625,126.98026240373397,37.60565461787864
다사54005450,126.98037210780926,37.58988161350177
다사54005475,126.98035644103481,37.592134902445345
다사54005500,126.98034077251526,37.59438819052095
다사54005525,126.98032510225043,37.59664147772856
다사54254475,126.98381008496459,37.50201506090471
다사54254500,126.98379457108379,37.50426838468803
다사54254525,126.98377905547534,37.506521707604136
다사54254550,126.98376353813904,37.508775029653016
다사54254375,126.98387212321553,37.49300175709982
다사54254400,126.98385661624323,37.49525508435176
다사54254425,126.98384110754411,37.497508410736565
다사54254450,126.98382559711797,37.49976173625422
다사54254675,126.983685925533,37.52004162688848
다사54254700,126.98367039782543,37.52229494373365
다사54254725,126.98365486838861,37.524548259711466
다사54254750,126.9836393372223,37.52680157482192
다사54254575,126.98374801907472,37.51102835083466
다사54254600,126.98373249828217,37.51328167114905
다사54254625,126.98371697576117,37.51553499059615
다사54254650,126.98370145151151,37.51778830917597
다사54254075,126.98405807226493,37.46596176244734
다사54254100,126.98404258599867,37.46821510010337
다사54254125,126.98402709800801,37.4704684368925
다사54254150,126.98401160829276,37.47272177281471
다사54253975,126.98412000009014,37.45694840315453
다사54254000,126.98410452071943,37.459201744278
다사54254025,126.9840890396251,37.461455084534634
다사54254050,126.984073556807,37.46370842392442
다사54254275,126.98393413384059,37.483988439421175
다사54254300,126.98391863377354,37.48624177014144
다사54254325,126.98390313198048,37.48849509999465
다사54254350,126.9838876284612,37.49074842898079
다사54254175,126.98399611685272,37.47497510786996
다사54254200,126.98398062368769,37.47722844205825
다사54254225,126.98396512879745,37.47948177537956
다사54254250,126.98394963218182,37.48173510783388
다사54004150,126.98118438043336,37.472709392815744
다사54004175,126.98116880412114,37.47496272686891
다사54004200,126.98115322607448,37.47721606005505
다사54004225,126.98113764629319,37.47946939237416
다사54004050,126.98124666834181,37.46369604793324
다사54004075,126.98123109896535,37.46594938545431
다사54004100,126.98121552785524,37.46820272210842
다사54004125,126.9811999550113,37.470456057895575
다사54004350,126.98105972135978,37.49073604096344
다사54004375,126.9810441311663,37.49298936807992
다사54004400,126.98102853923672,37.495242694329214
다사54004425,126.98101294557088,37.49749601971134
다사54004250,126.98112206477703,37.48172272382621
다사54004275,126.98110648152581,37.48397605441117
다사54004300,126.98109089653933,37.48622938412904
다사54004325,126.98107530981738,37.48848271297981
다사53755775,126.97733554105811,37.619161788803275
다사53755800,126.9773197660929,37.62141506545024
다사53755825,126.97730398937037,37.623668341228935
다사53755850,126.97728821089036,37.62592161613934
다사53755675,126.97739862335025,37.61014867353298
다사53755700,126.9773828554121,37.61240195365287
다사53755725,126.97736708571752,37.61465523290456
다사53755750,126.97735131426626,37.61690851128803
다사54003950,126.98130892851543,37.4546826891799
다사54003975,126.98129336607145,37.456936030168556
다사54004000,126.98127780189465,37.45918937029035
다사54004025,126.98126223598483,37.461442709545246
다사53755875,126.97727243065265,37.628174890181434
다사53755900,126.977256648657,37.630428163355184
다사53755925,126.97724086490324,37.632681435660594
다사53755950,126.97722507939116,37.63493470709764
다사54004950,126.98068507714532,37.544815652382745
다사54004975,126.98066944522958,37.547068958682054
다사54005000,126.98065381157282,37.54932226411376
다사54005025,126.9806381761749,37.55157556867784
다사54004850,126.98074758740253,37.53580241850973
다사54004875,126.9807319624487,37.53805572827931
다사54004900,126.98071633575466,37.54030903718135
다사54004925,126.98070070732028,37.54256234521584
다사54005150,126.98055997306025,37.56284207848308
다사54005175,126.9805443272109,37.56509537784099
다사54005200,126.9805286796189,37.56734867633112
다사54005225,126.98051303028406,37.569601973953496
다사54005050,126.98062253903561,37.553828872374254
다사54005075,126.98060690015468,37.55608217520302
다사54005100,126.98059125953195,37.558335477164086
다사54005125,126.98057561716722,37.56058877825745
다사54004550,126.98093495119032,37.50876263361348
다사54004575,126.98091934710249,37.51101595379208
다사54004600,126.98090374127695,37.513269273103376
다사54004625,126.9808881337135,37.51552259154732
다사54004450,126.98099735016855,37.49974934422627
다사54004475,126.98098175302955,37.50200266787395
다사54004500,126.98096615415362,37.5042559906544
다사54004525,126.98095055354061,37.50650931256757
다사54004750,126.9808100698204,37.5267891707564
다사54004775,126.98079445182515,37.52904248399595
다사54004800,126.98077883209056,37.531295796368035
다사54004825,126.98076321061643,37.53354910787264
다사54004650,126.98087252441195,37.51777590912392
다사54004675,126.98085691337204,37.52002922583314
다사54004700,126.98084130059362,37.522282541674976
다사54004725,126.98082568607647,37.52453585664939
다사53754575,126.97809067686794,37.511003489013994
다사53754600,126.97807498600964,37.5132568073167
다사53754625,126.97805929340396,37.51551012475201
다사53754650,126.9780435990507,37.517763441319914
다사53754475,126.9781534228314,37.50199020712959
다사53754500,126.97813773896058,37.5042435289017
다사53754525,126.97812205334318,37.506496849806474
다사53754550,126.97810636597906,37.508750169843914
다사53754775,126.97796510106328,37.52903001114755
다사53754800,126.97794939622017,37.531283322510575
다사53754825,126.977933689628,37.53353663300605
다사53754850,126.97791798128661,37.535789942633976
다사53754675,126.97802790294962,37.52001675702039
다사53754700,126.97801220510055,37.5222700718534
다사53754725,126.97799650550327,37.52452338581894
다사53754750,126.9779808041576,37.526776698917
다사53754175,126.978341493124,37.47495027821999
다사53754200,126.97832583019594,37.477203610398504
다사53754225,126.97831016552378,37.479456941709934
다사53754250,126.97829449910728,37.48171027215423
다사53754075,126.9784041273994,37.46593694083531
다사53754100,126.97838847144568,37.468190276482034
다사53754125,126.97837281374868,37.47044361126174
다사53754150,126.97835715430818,37.4726969451744
다사53754375,126.97821614085314,37.492976911368324
다사53754400,126.97820046396652,37.49523023660952
다사53754425,126.97818478533415,37.49748356098348
다사53754450,126.97816910495584,37.49973688449018
다사53754275,126.9782788309463,37.483963601731396
다사53754300,126.97826316104059,37.4862169304414
다사53754325,126.97824748938997,37.48847025828424
다사53754350,126.97823181599422,37.49072358525989
다사53755375,126.97758770167908,37.583109244381
다사53755400,126.97757195480234,37.58536253491791
다사53755425,126.97755620617164,37.587615824586834
다사53755450,126.97754045578675,37.58986911338776
다사53755275,126.97765067165028,37.57409607355387
다사53755300,126.9776349317874,37.576349367562536
다사53755325,126.97761919017141,37.5786026607033
다사53755350,126.97760344680201,37.58085595297613
다사53755575,126.9774616775423,37.601135544371715
다사53755600,126.97744591662793,37.603388827964245
다사53755625,126.97743015395794,37.60564211068865
다사53755650,126.97741438953211,37.60789539254489
다사53755475,126.97752470364746,37.592122401320665
다사53755500,126.97750894975358,37.59437568838554
다사53755525,126.9774931941049,37.59662897458235
다사53755550,126.97747743670121,37.598882259911086
다사53754975,126.97783941333391,37.54705647775951
다사53755000,126.97782369449277,37.54930978218168
다사53755025,126.97780797390098,37.55156308573616
다사53755050,126.97779225155827,37.55381638842291
다사53754875,126.97790227119579,37.53804325139432
다사53754900,126.9778865593553,37.54029655928706
다사53754925,126.97787084576497,37.542549866312186
다사53754950,126.97785513042459,37.54480317246967
다사53755175,126.97771361357437,37.565082888840465
다사53755200,126.97769788072205,37.567336186320595
다사53755225,126.97768214611739,37.569589482932884
다사53755250,126.97766640976022,37.571842778677315
다사53755075,126.97777652746451,37.556069690241955
다사53755100,126.97776080161943,37.55832299119325
다사53755125,126.97774507402286,37.560576291276774
다사53755150,126.97772934467457,37.56282959049251
다사53504975,126.97500938318872,37.54704392901386
다사53505000,126.9749935791634,37.549297232421004
다사53505025,126.97497777337793,37.55155053496039
다사53505050,126.97496196583205,37.553803836632014
다사53504875,126.9750725816925,37.53803070670815
다사53504900,126.97505678470577,37.54028401358612
다사53504925,126.97504098595971,37.5425373195964
다사53504950,126.97502518545409,37.54479062473898
다사53505175,126.97488290168995,37.56507033197294
다사53505200,126.97486708357752,37.56732362843756
다사53505225,126.97485126370326,37.56957692403429
다사53505250,126.97483544206698,37.5718302187631
다사53505075,126.97494615652563,37.55605713743585
다사53505100,126.9749303454584,37.55831043737188
다사53505125,126.9749145326302,37.56056373644009
다사53505150,126.97489871804078,37.56281703464044
다사53504575,126.97526200838057,37.51099095650053
다사53504600,126.97524623248971,37.513244273789184
다사53504625,126.975230454842,37.515497590210366
다사53504650,126.97521467543724,37.51775090576408
다사53504475,126.9753250943796,37.50197767867177
다사53504500,126.97530932551409,37.50423099943005
다사53504525,126.97529355489254,37.506484319320954
다사53504550,126.97527778251478,37.50873763834444
다사53504775,126.97513575205026,37.52901747051992
다사53504800,126.97511996209879,37.5312707808684
다사53504825,126.97510417038882,37.533524090349275
다사53504850,126.97508837692014,37.53577739896253
다사53504675,126.9751988942752,37.5200042204503
다사53504700,126.9751831113557,37.52225753426903
다사53504725,126.9751673266785,37.52451084722021
다사53504750,126.97515154024342,37.526764159303845
다사53505775,126.97450278030796,37.619149207546975
다사53505800,126.97448691985441,37.62140248317699
다사53505825,126.97447105763405,37.62365575793867
다사53505850,126.97445519364668,37.625909031832
다사53505675,126.97456620445811,37.61013609634391
다사53505700,126.97455035106977,37.61238937544709
다사53505725,126.97453449591542,37.614642653682
다사53505750,126.97451863899488,37.616895931048646
다사53753975,126.97846673378557,37.45692358957851
다사53754000,126.97845108480293,37.459176928693154
다사53754025,126.97843543407781,37.461430266940845
다사53754050,126.97841978161004,37.463683604321574
다사53505875,126.97443932789207,37.628162304856964
다사53505900,126.97442346037002,37.63041557701354
다사53505925,126.97440759108032,37.63266884830169
다사53753950,126.97848238102594,37.454670249596944
다사53505375,126.9747563074478,37.583096679387744
다사53505400,126.97474047523498,37.58534996890867
다사53505425,126.97472464125867,37.58760325756156
다사53505450,126.97470880551866,37.58985654534637
다사53505275,126.97481961866846,37.574083512623965
다사53505300,126.97480379350748,37.57633680561689
다사53505325,126.97478796658383,37.57859009774184
다사53505350,126.97477213789736,37.5808433889988
다사53505575,126.97462960035595,37.60112297124889
다사53505600,126.97461375402943,37.60337625382495
다사53505625,126.97459790593774,37.60562953553281
다사53505650,126.97458205608072,37.60788281637248
다사53505475,126.97469296801474,37.59210983226311
다사53505500,126.97467712874672,37.594363118311755
다사53505525,126.9746612877144,37.59661640349227
다사53505550,126.97464544491756,37.598869687804665
다사53255375,126.97192491497982,37.58308404648371
다사53255400,126.97190899743109,37.585337334983166
다사53255425,126.97189307810936,37.587590622614506
다사53255450,126.97187715701445,37.58984390937773
다사53255275,126.97198856744906,37.57407088380524
다사53255300,126.97197265699019,37.57632417577692
다사53255325,126.97195674475915,37.57857746688059
다사53255350,126.97194083075577,37.58083075711618
다사53255575,126.97179752493457,37.60111033017134
다사53255600,126.97178159319608,37.60336361172543
다사53255625,126.97176565968292,37.60561689241128
다사53255650,126.9717497243949,37.60787017222885
다사53255475,126.97186123414612,37.5920971952728
다사53255500,126.97184530950419,37.59435048029972
다사53255525,126.97182938308842,37.596603764458465
다사53255550,126.97181345489861,37.598857047749014
다사53254975,126.9721793548035,37.54703131244523
다사53255000,126.97216346559419,37.54928461483187
다사53255025,126.97214757461522,37.55153791635068
다사53255050,126.97213168186641,37.553791217001674
다사53254875,126.97224289394838,37.53801809422095
다사53254900,126.9722270118156,37.540271400078645
다사53254925,126.97221112791401,37.54252470506861
다사53254950,126.97219524224336,37.5447780091908
다사53255175,126.97205219156716,37.56505770723855
다사53255200,126.97203628819481,37.56731100268218
다사53255225,126.97202038305116,37.56956429725784
다사53255250,126.97200447613598,37.57181759096554
다사53255075,126.97211578734753,37.55604451678482
다사53255100,126.97209989105836,37.5582978157001
다사53255125,126.97208399299875,37.5605511137475
다사53255150,126.97206809316839,37.56280441092697
다사53504175,126.97551418387079,37.47493776192335
다사53504200,126.9754984360615,37.47719109308876
다사53504225,126.97548268649865,37.479444423387015
다사53504250,126.97546693518206,37.48169775281811
다사53504075,126.97557715757652,37.46592442859046
다사53504100,126.9755614167794,37.468177763224325
다사53504125,126.97554567422951,37.470431096991106
다사53504150,126.97552992992674,37.47268442989078
다사53504375,126.97538815228552,37.49296438696519
다사53504400,126.97537239044203,37.49521771119281
다사53504425,126.97535662684336,37.49747103455313
다사53504450,126.9753408614893,37.49972435704611
다사53504275,126.9754511821115,37.48395108138198
다사53504300,126.97543542728677,37.486204409078645
다사53504325,126.97541967070768,37.48845773590808
다사53504350,126.97540391237398,37.49071106187028
다사53255775,126.97167002132437,37.61913655829201
다사53255800,126.97165407538274,37.62138983289959
다사53255825,126.97163812766475,37.62364310663876
다사53255850,126.97162217817024,37.62589637950952
다사53255675,126.97173378733179,37.61012345117813
다사53255700,126.9717178484934,37.612376729259104
다사53255725,126.9717019078795,37.614630006471764
다사53255750,126.9716859654899,37.61688328281607
다사53503975,126.97564010324193,37.456911081384504
다사53504000,126.97562436945366,37.45916441948653
다사53504025,126.97560863391345,37.461417756721545
다사53504050,126.97559289662115,37.46367109308953
다사53255875,126.97160622689894,37.62814965151185
다사53255900,126.97159027385071,37.63040292264571
다사53255925,126.9715743190253,37.63265619291111
다사53503950,126.97565583527853,37.454657742415506
다사53005800,126.9688212326874,37.621377114618134
다사53005825,126.968805199472,37.62363038732929
다사53005850,126.96878916447054,37.62588365917199
다사53005875,126.96877312768278,37.628136930146184
다사53005700,126.96888534769252,37.612364015089064
다사53005725,126.9688693216193,37.61461729127396
다사53005750,126.96885329376084,37.61687056659044
다사53005775,126.96883726411694,37.619123841038515
다사53253975,126.97281347445,37.45689850558669
다사53254000,126.97279765585625,37.45915184267062
다사53254025,126.9727818355012,37.461405178887475
다사53254050,126.97276601338457,37.46365851423725
다사53005900,126.96875708910855,37.63039020025187
다사53253900,126.97286091966518,37.45013848913269
다사53253925,126.97284510635426,37.45239182881772
다사53253950,126.97282929128258,37.454645167635725
다사53005400,126.9690775214002,37.58532463314151
다사53005425,126.96906151673326,37.58757791974582
다사53005450,126.96904551028365,37.58983120548195
다사53005475,126.96902950205111,37.592084490349876
다사53005300,126.96914152224505,37.576311478042776
다사53005325,126.96912552470684,37.57856476811965
다사53005350,126.96910952538674,37.58081805732841
다사53005375,126.96909352428462,37.583071345669026
다사53005600,126.96894943413737,37.60335090166583
다사53005625,126.96893341520295,37.60560418132416
다사53005650,126.96891739448415,37.60785746011415
다사53005675,126.96890137198072,37.61011073803579
다사53005500,126.96901349203546,37.59433777434958
다사53005525,126.96899748023647,37.59659105748105
다사53005550,126.96898146665391,37.59884433974426
다사53005575,126.96896545128763,37.60109762113918
다사53254575,126.97243334164986,37.51097835625182
다사53254600,126.97241748072665,37.51323167252092
다사53254625,126.97240161803711,37.51548498792251
다사53254650,126.97238575358104,37.51773830245656
다사53254475,126.97249676768362,37.50196508250061
다사53254500,126.97248091382363,37.5042184022396
다사53254525,126.97246505819814,37.50647172111114
다사53254550,126.97244920080695,37.50872503911521
다사53254775,126.97230640479553,37.529004862113176
다사53254800,126.97229052973593,37.531258171441635
다사53254825,126.97227465290834,37.53351147990243
다사53254850,126.97225877431256,37.53576478749554
다사53254675,126.97236988735824,37.519991616123065
다사53254700,126.9723540193685,37.52224492892201
다사53254725,126.97233814961162,37.52449824085333
다사53254750,126.97232227808736,37.52675155191707
다사53254175,126.97268687637087,37.474925177979095
다사53254200,126.97267104368059,37.477178508125924
다사53254225,126.9726552092273,37.479431837405556
다사53254250,126.9726393730108,37.48168516581792
다사53254075,126.97275018950617,37.46591184871991
다사53254100,126.97273436386583,37.46816518233544
다사53254125,126.97271853646329,37.470418515083814
다사53254150,126.97270270729838,37.47267184696504
다사53254375,126.97256016547287,37.49295179487063
다사53254400,126.97254431867277,37.4952051180792
다사53254425,126.97252847010797,37.49745844042038
다사53254450,126.97251261977836,37.4997117618942
다사53254275,126.97262353503088,37.483938493363055
다사53254300,126.97260769528734,37.48619182004091
다사53254325,126.97259185377996,37.48844514585147
다사53254350,126.97257601050852,37.490698470794705
다사71755025,127.1815864227527,37.552288466356025
다사71755050,127.18157683551028,37.55454182771427
다사71755075,127.18156724720008,37.55679518820825
다사71755100,127.18155765782188,37.55904854783799
다사71505250,127.17866902950657,37.57256101545005
다사71754950,127.1816151780743,37.545528377096005
다사71754975,127.18160559403458,37.54778174104688
다사71755000,127.18159600892744,37.550035104133556
다사72005000,127.18442622712361,37.55004270211092
다사72005025,127.18441672615468,37.55229606494796
다사71755125,127.18154806737567,37.561301906603425
다사71755150,127.18153847586122,37.56355526450456
다사72004950,127.18444522588736,37.54553597384434
다사72004975,127.18443572703448,37.547789338409714
다사71004975,127.17311520147753,37.54775854197499
다사71005000,127.17310536078224,37.55001190318515
다사71005025,127.1730955189909,37.552265263530984
다사71005050,127.1730856761034,37.55451862301246
다사70755275,127.17016588911821,37.57479094312249
다사70755300,127.17015594995227,37.577044293322665
다사70755325,127.17014600967926,37.57929764265826
다사71004950,127.17312504107693,37.54550517990054
다사71005175,127.173036445219,37.56578540745417
다사71005200,127.17302659575182,37.56803876174924
다사71005225,127.1730167451876,37.57029211517985
다사71005250,127.17300689352616,37.572545467745975
다사71005075,127.17307583211962,37.556771981629595
다사71005100,127.17306598703941,37.55902533938235
다사71005125,127.17305614086267,37.56127869627071
다사71005150,127.17304629358922,37.56353205229465
다사70754975,127.17028507280433,37.54775067329017
다사70755000,127.17027514691326,37.550004033863836
다사70755025,127.17026521991664,37.55225739357315
다사70755050,127.17025529181436,37.554510752418075
다사70505275,127.16733473857596,37.574782998901235
다사70505300,127.16732471410043,37.577036348458975
다사70505325,127.1673146885083,37.5792896971521
다사70754950,127.17029499759005,37.54549731185215
다사70755175,127.17020563471372,37.56577753367644
다사70755200,127.17019569997481,37.56803088733473
다사70755225,127.17018576412936,37.57028424012851
다사70755250,127.17017582717719,37.57253759205778
다사70755075,127.17024536260632,37.55676411039861
다사70755100,127.17023543229236,37.55901746751474
다사70755125,127.17022550087235,37.561270823766435
다사70755150,127.17021556834621,37.56352417915365
다사71504950,127.17878513132854,37.545520712522546
다사71504975,127.17877546210215,37.54777407585343
다사71505000,127.17876579179881,37.550027438320086
다사71505025,127.17875612041844,37.55228079992249
다사71255275,127.17582819351405,37.574806627876455
다사71255300,127.1758184249677,37.577059979344995
다사71255325,127.17580865533328,37.57931332994904
다사71255350,127.17579888461063,37.58156667968857
다사71505150,127.17870774735623,37.56354759497018
다사71505175,127.17869806951086,37.56580095138673
다사71505200,127.17868839058754,37.568054306938905
다사71505225,127.17867871058615,37.570307661626686
다사71505050,127.17874644796085,37.55453416066063
다사71505075,127.178736774426,37.55678752053449
다사71505100,127.17872709981367,37.55904087954404
다사71505125,127.1787174241238,37.56129423768929
다사71254975,127.17594533124662,37.54776634282945
다사71255000,127.17593557574725,37.55001970467059
다사71255025,127.17592581916132,37.55227306564746
다사71255050,127.17591606148873,37.55452642576001
다사71005275,127.1729970407674,37.574798819447594
다사71005300,127.1729871869112,37.577052170284695
다사71005325,127.17297733195741,37.579305520257265
다사71254950,127.17595508565961,37.54551298012402
다사71255175,127.1758672568212,37.56579321335764
다사71255200,127.1758574926259,37.56804656828398
다사71255225,127.17584772734303,37.57029992234594
다사71255250,127.17583796097244,37.57255327554343
다사71255075,127.17590630272935,37.55677978500825
다사71255100,127.17589654288301,37.559033143392156
다사71255125,127.17588678194964,37.5612865009117
다사71255150,127.17587701992909,37.56353985756685
다사70005000,127.16178451197736,37.54998001888554
다사70005025,127.1617743293657,37.552233376652374
다사70005050,127.1617641456199,37.554486733554704
다사70005075,127.16175396073986,37.55674008959254
다사70004900,127.16182523108552,37.540966579173634
다사70004925,127.161815053009,37.54321994039826
다사70004950,127.16180487379889,37.54547330075845
다사70004975,127.16179469345504,37.54772666025423
다사70005200,127.16170301932115,37.568006856813376
다사70005225,127.16169282763279,37.57026020766375
다사70005250,127.16168263480924,37.57251355764949
다사70005275,127.16167244085035,37.574766906770584
다사70005100,127.16174377472541,37.55899344476583
다사70005125,127.16173358757648,37.56124679907459
다사70005150,127.16172339929287,37.563500152518756
다사70005175,127.16171320987445,37.565753505098364
다사69755050,127.15893376581091,37.55447859157378
다사69755075,127.15892349570716,37.55673194695308
다사69755100,127.15891322445948,37.558985301467786
다사69755125,127.1589029520678,37.56123865511792
다사69754950,127.15897483478994,37.54546516141132
다사69754975,127.15896456926033,37.54771852024871
다사69755000,127.15895430258738,37.54997187822159
다사69755025,127.15894403477097,37.552225235329956
다사69755250,127.15885157294456,37.57250541039913
다사69755275,127.15884129368598,37.57475875886136
다사70004425,127.16201839933564,37.49815255168949
다사70004450,127.16200824277189,37.500405929334704
다사69755150,127.158892678532,37.56349200790343
다사69755175,127.1588824038519,37.56574535982433
다사69755200,127.15887212802737,37.567998710880595
다사69755225,127.15886185105832,37.570252061072196
다사70504975,127.16745494523654,37.547742736775035
다사70505000,127.16744493414977,37.54999609670674
다사70505025,127.167434921948,37.55224945577405
다사70505050,127.1674249086311,37.55450281397693
다사70255300,127.16449347936516,37.57702833569374
다사70255325,127.1644833684541,37.579281683738905
다사70504925,127.16747496406555,37.54323601431851
다사70504950,127.1674649552084,37.54548937597895
다사70505175,127.16737482531488,37.5657695920245
다사70505200,127.16736480530437,37.56802294504052
다사70505225,127.16735478417782,37.57027629719199
다사70505250,127.16734476193504,37.572529648478906
다사70505075,127.16741489419894,37.55675617131539
다사70505100,127.16740487865135,37.5590095277894
다사70505125,127.16739486198823,37.56126288339893
다사70505150,127.16738484420945,37.56351623814396
다사70255000,127.16461472250131,37.549988091713956
다사70255025,127.16460462509453,37.55224145013376
다사70255050,127.16459452656312,37.55449480768912
다사70255075,127.16458442690694,37.556748164380004
다사70005300,127.161662245756,37.577020255027
다사70254925,127.16464500797522,37.54322801126796
다사70254950,127.16463491394153,37.54548137228103
다사70254975,127.16462481878362,37.547734732429696
다사70255200,127.16453391174998,37.56801493486671
다사70255225,127.16452380534245,37.570268286370386
다사70255250,127.16451369780923,37.572521637009444
다사70255275,127.16450358915017,37.57477498678391
다사70255100,127.16457432612589,37.559001520206394
다사70255125,127.16456422421977,37.56125487516829
다사70255150,127.16455412118852,37.563508229265636
다사70255175,127.16454401703196,37.565761582498446
다사69255075,127.15326256908286,37.55671545811848
다사69255100,127.15325212736917,37.55896881129957
다사69255125,127.15324168449246,37.561222163615994
다사69255150,127.15323124045261,37.56347551506772
다사69254975,127.15330432431041,37.54770203674786
다사69255000,127.15329388724736,37.54995539338743
다사69255025,127.15328344902181,37.5522087491624
다사69255050,127.1532730096337,37.554462104072755
다사69504300,127.15641351132258,37.48686933833542
다사69504325,127.15640319053327,37.48912271898054
다사69504350,127.15639286859466,37.491376098761606
다사69504375,127.1563825455066,37.493629477678574
다사69255175,127.1532207952495,37.56572886565475
다사69255200,127.15321034888298,37.56798221537707
다사69255225,127.15319990135292,37.57023556423466
다사69255250,127.15318945265916,37.57248891222747
다사69254425,127.15353364587466,37.4981279719716
다사69254450,127.15352323435091,37.50038134762767
다사69254475,127.15351282166775,37.50263472241955
다사69254750,127.15339820559038,37.52742178808801
다사69254325,127.15357528037782,37.48911446070568
다사69254350,127.15356487349051,37.49136783981836
다사69254375,127.15355446544432,37.49362121806693
다사69254400,127.15354405623907,37.49587459545134
다사69254875,127.15334606094096,37.53868860154402
다사69254900,127.15333562852632,37.540941961641785
다사69254925,127.15332519494979,37.54319532087502
다사69254950,127.1533147602112,37.54544867924371
다사69254775,127.1533877789832,37.52967515250811
다사69254800,127.15337735121481,37.53192851606379
다사69254825,127.15336692228506,37.534181878755
다사69254850,127.15335649219384,37.536435240581746
다사69505225,127.15603087562852,37.5702438465958
다사69505250,127.15602051222471,37.57249719525842
다사69754325,127.15923110183805,37.48913090956807
다사69754350,127.15922086484824,37.49138429001203
다사69505125,127.1560723177033,37.561230443298356
다사69505150,127.15606195891543,37.563483795419714
다사69505175,127.15605159897375,37.56573714667643
다사69505200,127.15604123787816,37.567990497068465
다사69754475,127.15916966279686,37.5026511792707
다사69754875,127.15900562452009,37.5387050797124
다사69754900,127.15899536241967,37.54095844114316
다사69754925,127.15898509917635,37.543211801709475
다사69754375,127.15921062671846,37.49363766959193
다사69754400,127.15920038744858,37.495891048307755
다사69754425,127.15919014703843,37.49814442615951
다사69754450,127.1591799054879,37.500397803147166
다사69504825,127.15619653321285,37.5341901504048
다사69504850,127.1561861882597,37.5364435129007
다사69504875,127.15617584215438,37.53869687453218
다사69504900,127.15616549489678,37.540950235299185
다사69504400,127.15637222126895,37.49588285573144
다사69504425,127.15636189588162,37.49813623292018
다사69504450,127.15635156934442,37.500389609244785
다사69504475,127.15634124165723,37.50264298470523
다사69505025,127.15611374131984,37.55221702616661
다사69505050,127.1561033871457,37.554470381746434
다사69505075,127.15609303181832,37.55672373646169
다사69505100,127.15608267533756,37.55897709031234
다사69504925,127.15615514648677,37.5432035952017
다사69504950,127.15614479692424,37.54545695423972
다사69504975,127.15613444620895,37.547710312413216
다사69505000,127.15612409434087,37.54996366972219
다사68754925,127.14766529537135,37.543178568765285
다사68754950,127.14765469028114,37.54543192577888
다사68754975,127.14764408400977,37.54768528192784
다사68755000,127.14763347655712,37.54993863721215
다사68754825,127.14770770392349,37.53416513206486
다사68754850,127.14769710355648,37.536418492536825
다사68754875,127.1476865020089,37.53867185214423
다사68754900,127.14767589928056,37.54092521088705
다사68755125,127.14758042156963,37.5612054006632
다사68755150,127.14756980702631,37.56345875075918
다사68755175,127.14755919130074,37.5657120999904
다사68755200,127.14754857439279,37.56796544835681
다사68755025,127.14762286792303,37.55219199163178
다사68755050,127.14761225810739,37.554445345186714
다사68755075,127.14760164711002,37.556698697876946
다사68755100,127.14759103493083,37.558952049702455
다사68754350,127.14790888676839,37.491351118853764
다사68754375,127.1478983088063,37.49360449574907
다사68754400,127.14788772966627,37.495857871780146
다사68754425,127.14787714934812,37.49811124694699
다사68754250,127.14795118683995,37.48233760263067
다사68754275,127.1479406135883,37.48459098298269
다사68754300,127.14793003915926,37.48684436247055
다사68754325,127.14791946355265,37.48909774109425
다사68754725,127.14775009358834,37.52515168153166
다사68754750,127.14773949794234,37.52740504546172
다사68754775,127.14772890111628,37.52965840852728
다사68754800,127.14771830311003,37.531911770728335
다사68754450,127.14786656785172,37.500364621249574
다사68754475,127.14785598517696,37.50261799468788
다사68754500,127.14784540132369,37.504871367261885
다사68754700,127.14776068805449,37.522898316737134
다사69004975,127.15047420357419,37.547693693252704
다사69005000,127.15046368131627,37.54994704921738
다사69005025,127.15045315788639,37.55220040431744
다사69005050,127.15044263328444,37.55445375855282
다사69004875,127.15051628088929,37.538680260748
다사69004900,127.15050576331775,37.540933620171046
다사69004925,127.15049524457478,37.543186978729516
다사69004950,127.15048472466033,37.545440336423404
다사69005175,127.15038999268869,37.56572051675939
다사69005200,127.15037946105134,37.56797386580649
다사69005225,127.150368928241,37.570227213988815
다사69254300,127.15358568610637,37.48686108072888
다사69005075,127.15043210751026,37.556707111923544
다사69005100,127.15042158056373,37.55896046442958
다사69005125,127.15041105244472,37.56121381607092
다사69005150,127.15040052315308,37.563467166847516
다사69004375,127.15072638654105,37.49361289075706
다사69004400,127.15071589236834,37.49586626746755
다사69004425,127.15070539702698,37.498119643313835
다사69004450,127.15069490051685,37.5003730182959
다사69004275,127.1507683515483,37.484599375273454
다사69004300,127.15075786204876,37.486852755440566
다사69004325,127.15074737138114,37.48910613474355
다사69004350,127.15073687954526,37.49135951318239
다사69004775,127.1505583394644,37.52966681441062
다사69004800,127.15054782657701,37.531920177291724
다사69004825,127.1505373125188,37.53417353930833
다사69004850,127.15052679728959,37.53642690046043
다사69004475,127.15068440283784,37.502626392413745
다사69004500,127.15067390398977,37.504879765667305
다사69004725,127.15057936172718,37.52516008605501
다사69004750,127.15056885118108,37.52741345066504
다사68255125,127.1419191633753,37.56118836626025
다사68255150,127.14190837832908,37.563441714978524
다사68255175,127.1418975920816,37.56569506283196
다사68255200,127.14188680463273,37.56794840982052
다사68255025,127.14196229155051,37.55217496273879
다사68255050,127.1419515113079,37.55442831491636
다사68255075,127.14194072986457,37.55668166622913
다사68255100,127.14192994722043,37.55893501667711
다사68504275,127.14511287680568,37.48458252301578
다사68504300,127.14510221744727,37.48683590181893
다사68504325,127.14509155690187,37.48908927975786
다사68504350,127.14508089516931,37.49134265683257
다사68504175,127.1451555023721,37.47556899916149
다사68504200,127.1451448477603,37.47782238142128
다사68504225,127.14513419196207,37.480075762816945
다사68504250,127.14512353497724,37.48232914334845
다사68254725,127.14209156085985,37.52513466916073
다사68254750,127.14208079501446,37.52738803171441
다사68254775,127.14207002797005,37.529641393403494
다사68254800,127.14205925972654,37.53189475422799
다사68254625,127.14213461225432,37.51612121030066
다사68254650,127.14212385120348,37.51837457631246
다사68254675,127.14211308895422,37.52062794145974
다사68254700,127.14210232550639,37.522881305742516
다사68254925,127.14200540051696,37.54316154538095
다사68254950,127.14199462507568,37.5454149010175
다사68254975,127.14198384843426,37.54766825578934
다사68255000,127.14197307059258,37.54992160969645
다사68254825,127.14204849028374,37.53414811418788
다사68254850,127.14203771964154,37.536401473283135
다사68254875,127.14202694779975,37.53865483151374
다사68254900,127.14201617475828,37.54090818887968
다사68504975,127.14481396562664,37.54767680277336
다사68505000,127.14480327297939,37.549930157371804
다사68505025,127.14479257914124,37.55218351110554
다사68505050,127.14478188411205,37.55443686397452
다사68504875,127.14485672430921,37.53866337573278
다사68504900,127.14484603642423,37.540916733789906
다사68504925,127.14483534734893,37.54317009098239
다사68504950,127.1448246570831,37.54542344731021
다사68505175,127.14472839109523,37.5657036153479
다사68505200,127.14471768891674,37.567956963028124
다사68754200,127.14797232981157,37.47783083933426
다사68754225,127.14796175891432,37.480084221414515
다사68505075,127.14477118789164,37.55669021597878
다사68505100,127.1447604904799,37.55894356711826
다사68505125,127.14474979187668,37.561196917392955
다사68505150,127.14473909208183,37.56345026680283
다사68504475,127.14502756869462,37.50260952924205
다사68504500,127.1450168998363,37.50486290113101
다사68504625,127.14496353772016,37.51612974761014
다사68504650,127.14495286173106,37.51838311431269
다사68504375,127.1450702322495,37.493596033043026
다사68504400,127.14505956814226,37.495849408389226
다사68504425,127.14504890284746,37.49810278287114
다사68504450,127.14503823636495,37.500356156488756
다사68504775,127.14489946394833,37.52964993485822
다사68504800,127.1448887808234,37.53190329637374
다사68504825,127.14487809650865,37.534156657024674
다사68504850,127.14486741100396,37.53641001681103
다사68504675,127.14494218455299,37.520636480150806
다사68504700,127.14493150618583,37.52288984512442
다사68504725,127.14492082662942,37.52514320923354
다사68504750,127.14491014588363,37.527396572478146
다사68004600,127.13931653289143,37.51385923905847
다사68004625,127.13930568798678,37.51611260523852
다사68004650,127.13929484187436,37.51836597055406
다사68004675,127.13928399455405,37.52061933500505
다사68004500,127.13935990043532,37.50484576569331
다사68004525,127.13934906036029,37.507099135331295
다사68004550,127.13933821907804,37.509352504104825
다사68004575,127.13932737658848,37.51160587201389
다사68004800,127.13922973982896,37.5318861442912
다사68004825,127.13921888525826,37.53413950355454
다사68004850,127.13920802947862,37.53639286195322
다사68004875,127.13919717248999,37.5386462194872
다사68004700,127.13927314602569,37.522872698591485
다사68004725,127.13926229628913,37.52512606131333
다사68004750,127.13925144534426,37.52737942317058
다사68004775,127.1392405931909,37.52963278416322
다사68004200,127.13948988722656,37.477805262616585
다사68004225,127.13947906162674,37.4800586426266
다사68004250,127.13946823482144,37.482312021772394
다사68004275,127.13945740681052,37.48456540005393
다사67755175,127.13623599766805,37.56567775418016
다사67755200,127.13622503967883,37.56793109976889
다사68004150,127.1395115348103,37.47329850000387
다사68004175,127.13950071162103,37.475551881742334
다사68004400,127.13940324866641,37.49583227849716
다사68004425,127.13939241341872,37.498085651592795
다사68004450,127.1393815769644,37.50033902382404
다사68004475,127.1393707393033,37.50259239519089
다사68004300,127.1394465775938,37.48681877747119
다사68004325,127.13943574717118,37.48907215402418
다사68004350,127.1394249155425,37.491325529712846
다사68004375,127.13941408270763,37.49357890453718
다사68254325,127.14226365143823,37.48908075073448
다사68254350,127.14225290475756,37.4913341271189
다사68254375,127.14224215688014,37.49358750263904
다사68254400,127.14223140780584,37.49584087729487
다사68254225,127.1423066261964,37.480067236554284
다사68254250,127.14229588430125,37.48232061639567
다사68254275,127.14228514120994,37.48457399537284
다사68254300,127.14227439692232,37.48682737348578
다사68254525,127.14217764447622,37.50710773760883
다사68254550,127.14216688821767,37.509361107078455
다사68254575,127.14215613076128,37.51161447568364
다사68254600,127.14214537210687,37.51386784342439
다사68254425,127.1422206575345,37.49809425108638
다사68254450,127.14220990606603,37.50034762401356
다사68254475,127.14219915340024,37.50260099607636
다사68254500,127.142188399537,37.50485436727481
다사68005000,127.1391428694062,37.54991299418615
다사68005025,127.13913200516032,37.55216634653162
다사68005050,127.13912113970443,37.55441969801227
다사68005075,127.13911027303836,37.5566730486281
다사68004900,127.13918631429215,37.54089957615648
다사68004925,127.13917545488502,37.543152931961025
다사68004950,127.13916459426841,37.545406286900835
다사68004975,127.13915373244217,37.54765964097588
다사68005200,127.13905592155028,37.56793978873408
다사68254150,127.14233884470615,37.473307091845
다사68254175,127.1423281063987,37.47556047427893
다사68254200,127.14231736689548,37.47781385584869
다사68005100,127.13909940516193,37.55892639837907
다사68005125,127.13908853607508,37.56117974726517
다사68005150,127.13907766577759,37.56343309528638
다사68005175,127.13906679426938,37.56568644244269
다사67505150,127.13341624431636,37.56341565229886
다사67505175,127.13340520228711,37.56566899804446
다사67505200,127.13339415902796,37.56792234292505
다사67754150,127.1366842261195,37.473289840514255
다사67505050,127.13346040013752,37.55440226066676
다사67505075,127.13344936302633,37.5566556098722
다사67505100,127.13343832468584,37.55890895821272
다사67505125,127.13342728511591,37.56116230568828
다사67754275,127.13662967361687,37.48455673705917
다사67754300,127.1366187594712,37.486810113775284
다사67754325,127.13660784411017,37.48906348962706
다사67754350,127.13659692753366,37.4913168646145
다사67754175,127.13667331804858,37.475543221551774
다사67754200,127.13666240876299,37.477796601725025
다사67754225,127.13665149826261,37.48004998103403
다사67754250,127.13664058654726,37.48230335947875
다사67504750,127.13359274963877,37.52736200274305
다사67504775,127.13358172726794,37.529615362326304
다사67504800,127.13357070366953,37.53186872104486
다사67504825,127.13355967884343,37.53412207889864
다사67504650,127.13363682684927,37.51834855576318
다사67504675,127.13362580938727,37.52060191880514
다사67504700,127.13361479069827,37.52285528098245
다사67504725,127.13360377078216,37.52510864229509
다사67504950,127.13350453629215,37.54538885519598
다사67504975,127.13349350409672,37.54764220786099
다사67505000,127.13348247067256,37.54989555966114
다사67505025,127.13347143601956,37.5521489105964
다사67504850,127.13354865278947,37.53637543588769
다사67504875,127.1335376255075,37.53862879201197
다사67504900,127.13352659699737,37.54088214727146
다사67504925,127.13351556725898,37.54313550166614
다사67754875,127.1363673983894,37.538637539653244
다사67754900,127.13635645503537,37.54089089562037
다사67754925,127.13634551046252,37.543144250722726
다사67754950,127.13633456467073,37.54539760496029
다사67754775,127.13641115962037,37.52962410713745
다사67754800,127.13640022114012,37.531877466563465
다사67754825,127.13638928144164,37.53413082512477
다사67754850,127.1363783405248,37.53638418282138
다사67755075,127.13627981742242,37.556664363175756
다사67755100,127.1362688643139,37.558917712224236
다사67755125,127.13625790998543,37.561171060407816
다사67755150,127.13624695443687,37.56342440772646
다사67754975,127.13632361765983,37.547650958333065
다사67755000,127.13631266942969,37.549904310841015
다사67755025,127.13630171998018,37.55215766248413
다사67755050,127.13629076931113,37.554411013262374
다사67754475,127.13654232641328,37.50258372658571
다사67754500,127.13653140254067,37.50483709638665
다사67754525,127.13652047745153,37.50709046532312
다사67754550,127.13650955114575,37.50934383339507
다사67754375,127.13658600974146,37.49357023873754
다사67754400,127.13657509073349,37.495823611996215
다사67754425,127.13656417050954,37.49807698439047
다사67754450,127.13655324906954,37.50033035592032
다사67754675,127.1364549013619,37.52061066078683
다사67754700,127.13644396775317,37.52286402367143
다사67754725,127.13643303292675,37.525117385691416
다사67754750,127.13642209688253,37.52737074684676
다사67754575,127.13649862362314,37.51159720060252
다사67754600,127.1364876948836,37.51385056694544
다사67754625,127.13647676492698,37.5161039324238
다사67754650,127.13646583375312,37.51835729703761
다사67254675,127.13079671863963,37.520593109060094
다사67254700,127.13078561487056,37.52284647052462
다사67254725,127.13077450986486,37.52509983112443
다사67254750,127.13076340362241,37.527353190859515
다사67254575,127.13084112135279,37.5115796545553
다사67254600,127.13083002252868,37.513833019478476
다사67254625,127.13081892246858,37.516086383537
다사67254650,127.13080782117227,37.51833974673088
다사67254875,127.13070785385372,37.53861997656347
다사67254900,127.13069674018767,37.54087333110983
다사67254925,127.13068562528386,37.543126684791346
다사67254950,127.13067450914212,37.545380037607984
다사67254775,127.13075229614306,37.52960654972987
다사67254800,127.13074118742666,37.53185990773546
다사67254825,127.13073007747306,37.53411326487626
다사67254850,127.13071896628215,37.53636662115227
다사67254275,127.13097421088469,37.4845392080424
다사67254300,127.13096312688158,37.48679258333976
다사67254325,127.1309520416442,37.48904595777271
다사67254350,127.1309409551724,37.491299331341224
다사67254175,127.13101853455709,37.475525698209125
다사67254200,127.1310074554897,37.47777907696397
다사67254225,127.13099637518859,37.48003245485449
다사67254250,127.13098529365362,37.482285831880624
다사67254475,127.13088550429183,37.50256618621665
다사67254500,127.13087441041039,37.50481955459818
다사67254525,127.13086331529348,37.50707292211514
다사67254550,127.130852218941,37.509326288767525
다사67254375,127.13092986746602,37.4935527040453
다사67254400,127.1309187785249,37.49580607588488
다사67254425,127.13090768834893,37.49805944685998
다사67254450,127.13089659693796,37.500312816970585
다사67504350,127.13376894074047,37.49130813182392
다사67504375,127.13375793799112,37.493561505240216
다사67504400,127.1337469340165,37.495814877792085
다사67504425,127.13373592881646,37.49806824947951
다사67504250,127.13381293948818,37.48229462951479
다사67504275,127.13380194163842,37.48454800638863
다사67504300,127.13379094256398,37.4868013823981
다사67504325,127.13377994226471,37.48905475754321
다사67504550,127.13368088443025,37.50933509494927
다사67504575,127.13366987187476,37.51158846144963
다사67504600,127.13365885809289,37.51384182708542
다사67504625,127.13364784308442,37.51609519185661
다사67504450,127.13372492239091,37.50032162030247
다사67504475,127.13371391473964,37.50257499026095
다사67504500,127.13370290586252,37.50482835935491
다사67504525,127.13369189575945,37.507081727584364
다사67255075,127.13061890985955,37.55664678871753
다사67255100,127.13060778628723,37.55890013634458
다사67255125,127.13059666147596,37.561153483106644
다사67255150,127.13058553542562,37.563406829003675
다사67254975,127.13066339176234,37.54763338955974
다사67255000,127.13065227314432,37.54988674064659
다사67255025,127.13064115328795,37.55214009086853
다사67255050,127.13063003219307,37.5543934402255
다사67504150,127.13385691864323,37.47328111337626
다사67504175,127.13384592569079,37.475534493707336
다사67504200,127.13383493151422,37.47778787317412
다사67504225,127.1338239361134,37.48004125177662
다사67255175,127.13057440813604,37.565660174035685
다사67255200,127.13056327960709,37.56791351820265
다사67504100,127.13387890087641,37.46877435012131
다사67504125,127.13386791037172,37.47102773218091
다사67004175,127.12819114465697,37.47551683505722
다사67004200,127.12817998069887,37.47777021309465
다사67004225,127.12816881549762,37.480023590267706
다사67004250,127.12815764905307,37.482276966576336
다사66755175,127.12491282356152,37.5656423223993
다사67004100,127.12822462907374,37.46875669575877
다사67004125,127.12821346884425,37.471010076389256
다사67004150,127.12820230737205,37.47326345615541
다사67004375,127.12810179817565,37.49354383515286
다사67004400,127.1280906242682,37.4957972062747
다사67004425,127.12807944911643,37.498050576532
다사67004450,127.12806827272017,37.50030394592475
다사67004275,127.12814648136506,37.48453034202058
다사67004300,127.12813531243349,37.48678371660034
다사67004325,127.12812414225813,37.48903709031567
다사67004350,127.1281129708389,37.491290463166514
다사66754875,127.12504831426857,37.538602142245125
다사66754900,127.1250370302911,37.54085549534879
다사66754925,127.1250257450569,37.54310884758751
다사66754950,127.12501445856581,37.545362198961286
다사66754775,127.12509343761391,37.52958872118148
다사66754800,127.12508215866194,37.531842077744706
다사66754825,127.12507087845384,37.53409543344306
다사66754850,127.12505959698942,37.536348788276534
다사66755075,127.12495800725183,37.55662894285519
다사66755100,127.1249467132163,37.55888228903886
다사66755125,127.12493541792283,37.56113563435744
다사66755150,127.1249241213713,37.56338897881093
다사66754975,127.12500317081769,37.54761554947009
다사66755000,127.12499188181236,37.54986889911389
다사66755025,127.12498059154971,37.55212224789269
다사66755050,127.12496930002959,37.55437559580646
다사67004975,127.12783328066615,37.54762450342941
다사67005000,127.12782207685441,37.54987785379748
다사67005025,127.12781087179485,37.55213120330059
다사67005050,127.12779966548726,37.55438455193871
다사67004875,127.1278780834376,37.53861109330782
다사67004900,127.12786688461576,37.540864447135576
다사67004925,127.12785568454669,37.543117800098436
다사67004950,127.1278444832302,37.54537115219638
다사67005175,127.12774361522435,37.56565128215394
다사67254100,127.13105176435852,37.468765556758676
다사67254125,127.13104068899136,37.471018938106454
다사67254150,127.13102961239092,37.473272318589935
다사67005075,127.12778845793154,37.55663789971183
다사67005100,127.12777724912755,37.558891246619936
다사67005125,127.1277660390751,37.561144592663
다사67005150,127.1277548277741,37.563397937841
다사67004575,127.12801237206672,37.51157077991962
다사67004600,127.12800118820053,37.5138241441247
다사67004625,127.12799000308887,37.516077507465084
다사67004650,127.12797881673156,37.51833086994078
다사67004475,127.1280570950793,37.502557314452936
다사67004500,127.12804591619367,37.504810682116535
다사67004525,127.12803473606311,37.50706404891552
다사67004550,127.12802355468752,37.50931741484989
다사67004775,127.12792286625522,37.52959766934823
다사67004800,127.12791167242098,37.53185102663539
다사67004825,127.12790047734003,37.534104383057695
다사67004850,127.12788928101229,37.53635773861519
다사67004675,127.12796762912848,37.52058423155177
다사67004700,127.12795644027945,37.52283759229803
다사67004725,127.12794525018431,37.52509095217954
다사67004750,127.12793405884297,37.52734431119627
다사66504775,127.12226401022862,37.52957970522969
다사66504800,127.12225264615908,37.53183306106353
다사66504825,127.12224128082393,37.534086416032444
다사66504850,127.12222991422298,37.53633977013642
다사66504675,127.12230945385342,37.52056627324569
다사66504700,127.12229809484491,37.52281963253897
다사66504725,127.12228673457138,37.5250729909674
다사66504750,127.12227537303268,37.52732634853099
다사66504975,127.12217306222641,37.54760652768186
다사66505000,127.12216168802766,37.549859876595924
다사66505025,127.1221503125621,37.552113224644934
다사66505050,127.12213893582955,37.55436657182886
다사66504875,127.12221854635611,37.53859312337547
다사66504900,127.12220717722319,37.54084647574956
다사66504925,127.12219580682401,37.54309982725866
다사66504950,127.12218443515847,37.54535317790276
다사66504375,127.12244566333689,37.49352589427585
다사66504400,127.12243431949719,37.495779263945735
다사66504425,127.12242297439427,37.498032632751006
다사66504450,127.12241162802792,37.50028600069163
다사66504275,127.1224910260661,37.48451240695049
다사66504300,127.12247968727793,37.48676578007866
다사66504325,127.1224683472271,37.489019152342294
다사66504350,127.12245700591346,37.491272523741365
다사66504575,127.12235487724006,37.51155282742461
다사66504600,127.12234352329021,37.513806190177036
다사66504625,127.12233216807591,37.51605955206471
다사66504650,127.12232081159705,37.5183129130876
다사66504475,127.12240028039804,37.50253936776762
다사66504500,127.12238893150445,37.50479273397892
다사66504525,127.12237758134704,37.50704609932553
다사66504550,127.1223662299256,37.50929946380742
다사66754475,127.12522868711156,37.5025483749699
다사66754500,127.12521742322188,37.50480174191008
다사66754525,127.12520615807782,37.50705510798563
다사66754550,127.12519489167923,37.5093084731965
다사66754375,127.12527373012945,37.49353489856302
다사66754400,127.1252624712558,37.49578826896161
다사66754425,127.12525121112839,37.49804163849564
다사66754450,127.125239949747,37.50029500716508
다사66754675,127.12513854086323,37.52057528628028
다사66754700,127.12512726693438,37.52282864630279
다사66754725,127.12511599175001,37.52508200546049
다사66754750,127.12510471530989,37.527335363753394
다사66754575,127.12518362402596,37.5115618375427
다사66754600,127.12517235511788,37.513815201024194
다사66754625,127.12516108495484,37.51606856364096
다사66754650,127.12514981353667,37.518321925393
다사66754075,127.12540873887124,37.46649438634961
다사66754100,127.12539749503155,37.46874776712168
다사66754125,127.12538624993988,37.471001147029405
다사66754150,127.12537500359602,37.47325452607276
다사66505075,127.1221275578299,37.5566199181477
다사66505100,127.12211617856298,37.55887326360145
다사66505125,127.12210479802863,37.56112660819007
다사66505150,127.1220934162267,37.56337995191353
다사66754275,127.12531875308906,37.48452140832323
다사66754300,127.1253074992291,37.48677478217995
다사66754325,127.12529624411594,37.489028155172164
다사66754350,127.12528498774944,37.49128152729986
다사66754175,127.12536375599984,37.47550790425172
다사66754200,127.12535250715122,37.47776128156626
다사66754225,127.12534125704997,37.48001465801638
다사66754250,127.12533000569599,37.48226803360203
다사66254350,127.11962902534046,37.49126345249112
다사66254375,127.11961759780743,37.49351682229146
다사66254400,127.11960616900186,37.495770191227145
다사66254425,127.11959473892354,37.49802355929817
다사66254250,127.11967472274992,37.4822499646437
다사66254275,127.11966330030566,37.48450333790243
다사66254300,127.11965187658942,37.48675671029658
다사66254325,127.11964045160106,37.48901008182615
다사66254550,127.11953756943613,37.50929038668277
다사66254575,127.11952613171844,37.511543749565455
다사66254600,127.11951469272697,37.513797111583344
다사66254625,127.11950325246157,37.51605047273643
다사66254450,127.1195833075724,37.500276926504526
다사66254475,127.11957187494822,37.50253029284618
다사66254500,127.11956044105088,37.50478365832313
다사66254525,127.11954900588024,37.50703702293532
다사66005725,127.11616595136114,37.61518832735329
다사66005750,127.11615436813607,37.61744164882938
다사66005775,127.11614278362066,37.6196949694398
다사66254025,127.11977746753469,37.461969566412485
다사66005625,127.11621227136095,37.6061750327925
다사66005650,127.11620069329575,37.60842835773113
다사66005675,127.11618911394083,37.61068168180415
다사66005700,127.116177533296,37.61293500501154
다사66254150,127.11972039981038,37.47323646296346
다사66254175,127.11970898245248,37.475489839680286
다사66254200,127.1196975638232,37.47774321553261
다사66254225,127.1196861439224,37.479996590520436
다사66254050,127.11976605653135,37.46422294745153
다사66254075,127.11975464425741,37.46647632762617
다사66254100,127.11974323071271,37.46872970693638
다사66254125,127.11973181589707,37.47098308538214
다사66255600,127.11905608686219,37.6039308829653
다사66255625,127.11904459551728,37.60618420951134
다사66255650,127.11903310289226,37.60843753519184
다사66504050,127.1225930183646,37.46423200989538
다사66255050,127.11930857289664,37.55435748000598
다사66255075,127.11929710967524,37.55661082558947
다사66255100,127.11928564517707,37.55886417030781
다사66255125,127.119274179402,37.56111751416096
다사66504175,127.1225363685952,37.47549890579271
다사66504200,127.12252503485617,37.47775228237888
다사66504225,127.12251369985508,37.48000565810057
다사66504250,127.12250236359178,37.48225903295779
다사66504075,127.12258169093366,37.46648539080365
다사66504100,127.1225703622414,37.46873877084752
다사66504125,127.12255903228767,37.470992150027
다사66504150,127.12254770107232,37.473245528342076
다사66254750,127.11944603202079,37.52731726552913
다사66254775,127.1194345841088,37.529570621493
다사66254800,127.11942313492185,37.53182397659194
다사66254825,127.11941168445979,37.53407733082592
다사66254650,127.11949181092214,37.518303833024696
다사66254675,127.11948036810848,37.520557192448116
다사66254700,127.11946892402048,37.52281055100667
다사66254725,127.11945747865795,37.52506390870035
다사66254950,127.11935441301765,37.54534408902094
다사66254975,127.11934295490177,37.547597438064834
다사66255000,127.11933149550977,37.54985078624366
다사66255025,127.11932003484144,37.552104133557386
다사66254850,127.11940023272248,37.53633068419492
다사66254875,127.11938877970978,37.538584036698964
다사66254900,127.1193773254215,37.54083738833798
다사66254925,127.1193658698575,37.54309073911198
다사66004175,127.1168815975811,37.47548070591455
다사66004200,127.11687009406172,37.47773408102755
다사66004225,127.11685858926137,37.479987455276
다사66004250,127.1168470831799,37.48224082865986
다사66004075,127.11692759885193,37.466467196817284
다사66004100,127.11691610045492,37.468720575388346
다사66004125,127.11690460077754,37.47097395309492
다사66004150,127.11689309981966,37.473227329937
다사66004375,127.11678953355054,37.493507682609916
다사66004400,127.11677801977919,37.49576105080593
다사66004425,127.1167665047257,37.49801441813725
다사66004450,127.11675498838986,37.50026778460386
다사66004275,127.11683557581718,37.484494201179146
다사66004300,127.11682406717303,37.4867475728338
다사66004325,127.1168125572473,37.48900094362383
다사66004350,127.11680104603985,37.49125431354921
다사65755700,127.11334495408063,37.61292575807911
다사65755725,127.11333328667716,37.61517907967337
다사65755750,127.113321617974,37.617432400401924
다사65755775,127.11330994797095,37.61968572026475
다사65755600,127.11339161070029,37.6039124630454
다사65755625,127.11337994849418,37.606165788102295
다사65755650,127.113368284989,37.60841911229356
다사65755675,127.11335662018452,37.61067243561917
다사65756000,127.11320485942387,37.63996556006977
다사66004000,127.11696208636226,37.459707055917335
다사66004025,127.11695059180546,37.46196043708176
다사66004050,127.11693909596872,37.46421381738174
다사65755900,127.11325157845222,37.630952306592434
다사65755925,127.11323990064672,37.63320562126056
다사65755950,127.11322822154027,37.63545893506284
다사65755975,127.11321654113267,37.63771224799924
다사66004975,127.11651284885333,37.5475882806191
다사66005000,127.11650130426818,37.549841628057194
다사66005025,127.11648975839722,37.55209497463015
다사66005050,127.11647821124033,37.55434832033796
다사66004875,127.11655901433897,37.538574882215684
다사66004900,127.11654747489551,37.54082823311416
다사66004925,127.11653593416685,37.54308158314757
다사66004950,127.11652439215283,37.54533493231588
다사66005525,127.11625857072727,37.59716172438229
다사66005550,127.11624699781954,37.59941505278316
다사66005575,127.11623542362268,37.6016683803185
다사66005600,127.11622384813651,37.60392170698828
다사66005075,127.11646666279735,37.55660166518058
다사66005100,127.11645511306808,37.558855009158016
다사66005475,127.11628171267593,37.592655064984
다사66005500,127.11627014234602,37.594908395115894
다사66004575,127.11669738747057,37.51153460396532
다사66004600,127.11668586343762,37.513787965243196
다사66004625,127.11667433812129,37.51604132565621
다사66004650,127.11666281152144,37.51829468520437
다사66004475,127.11674347077155,37.5025211502057
다사66004500,127.1167319518706,37.5047745149428
다사66004525,127.1167204316869,37.5070278788151
다사66004550,127.11670891022027,37.50928124182262
다사66004775,127.11660515926393,37.52956146997148
다사66004800,127.11659362495973,37.53181482433004
다사66004825,127.11658208937092,37.5340681778236
다사66004850,127.1165705524974,37.53632153045216
다사66004675,127.11665128363792,37.52054804388763
다사66004700,127.11663975447054,37.522801401706
다사66004725,127.1166282240192,37.525054758659444
다사66004750,127.11661669228371,37.52730811474794
다사65754175,127.11405421399056,37.47547150449559
다사65754200,127.11404262558122,37.47772487886379
다사65754225,127.11403103588145,37.4799782523674
다사65754250,127.11401944489116,37.48223162500638
다사65754075,127.11410055472666,37.46645799837705
다사65754100,127.11408897147751,37.4687113762035
다사65754125,127.11407738693855,37.470964753165426
다사65754150,127.11406580110959,37.47321812926278
다사65754375,127.11396147057567,37.49349847523134
다사65754400,127.11394987183874,37.49575184268221
다사65754425,127.11393827181016,37.498005209268335
다사65754450,127.11392667048982,37.500258574989694
다사65754275,127.11400785261011,37.48448499678073
다사65754300,127.11399625903819,37.486738367690414
다사65754325,127.11398466417525,37.488991737735425
다사65754350,127.11397306802111,37.49124510691575
다사65505775,127.11047711362129,37.61967640308546
다사65505800,127.11046535682121,37.621929721329415
다사65505875,127.11043007856215,37.62868967086643
다사65505900,127.11041831652231,37.63094298564707
다사65505675,127.1105241277276,37.610663121451935
다사65505700,127.1105123761648,37.61291644315893
다사65505725,127.11050062329292,37.61516976400019
다사65505750,127.11048886911179,37.6174230839757
다사65506025,127.1103594866653,37.642209546561816
다사65754000,127.11413529673679,37.459697859710715
다사65754025,127.11412371735615,37.461951240130645
다사65754050,127.11411213668617,37.4642046196861
다사65505925,127.11040655317218,37.633196299561845
다사65505950,127.11039478851156,37.63544961261073
다사65505975,127.1103830225403,37.63770292479369
다사65506000,127.11037125525829,37.63995623611073
다사65754975,127.11368274409053,37.547579055344755
다사65755000,127.11367111431238,37.54983240203664
다사65755025,127.11365948323898,37.552085747863345
다사65755050,127.11364785087014,37.55433909282484
다사65754875,127.11372925025321,37.53856565992573
다사65754900,127.1137176256547,37.540819010078174
다사65754925,127.1137059997615,37.54307235936551
다사65754950,127.11369437257352,37.5453257077877
다사65755500,127.11343824653672,37.59489915416183
다사65755525,127.1134265895255,37.59715248268109
다사65755550,127.1134149312158,37.59940581033477
다사65755575,127.11340327160747,37.60165913712288
다사65755075,127.11363621720568,37.55659243692113
다사65755100,127.1136245822455,37.55884578015217
다사65755450,127.11346155666425,37.590392494526725
다사65755475,127.11344990224958,37.592645824777044
다사65754575,127.11386864450593,37.51152539062432
다사65754600,127.11385703543168,37.51377875115669
다사65754625,127.11384542506457,37.51603211082416
다사65754650,127.11383381340444,37.51828546962672
다사65754475,127.11391506787753,37.50251193984627
다사65754500,127.11390346397313,37.50476530383803
다사65754525,127.1138918587765,37.507018666964974
다사65754550,127.11388025228749,37.50927202922707
다사65754775,127.11377573570351,37.52955225066521
다사65754800,127.11376411628218,37.53180560427792
다사65754825,127.11375249556679,37.53405895702558
다사65754850,127.11374087355719,37.53631230890819
다사65754675,127.11382220045115,37.52053882756435
다사65754700,127.11381058620458,37.52279218463704
다사65754725,127.11379897066456,37.52504554084475
다사65754750,127.11378735383093,37.52729889618748
다사65504325,127.11115677239437,37.48898246416103
다사65504350,127.11114509129374,37.4912358325908
다사65504375,127.1111334088923,37.49348920015583
다사65504400,127.11112172518992,37.495742566856066
다사65504225,127.11120348379214,37.47996898179472
다사65504250,127.1111918078931,37.48222235368334
다사65504275,127.11118013069392,37.48447572470729
다사65504300,127.11116845219439,37.486729094866504
다사65504525,127.1110632871585,37.50700938738502
다사65504550,127.11105159564725,37.50926274889622
다사65504575,127.111039902834,37.511516109542534
다사65504600,127.11102820871855,37.51376946932391
다사65504425,127.11111004018643,37.497995932691516
다사65504450,127.11109835388169,37.50024929766215
다사65504475,127.11108666627557,37.50250266176796
다사65504500,127.11107497736789,37.50475602500893
다사65255975,127.10754950525873,37.637693533540016
다사65256000,127.10753765240364,37.63994684409806
다사65256025,127.10752579822805,37.642200153790135
다사65256050,127.10751394273184,37.644453462616184
다사65255875,127.10759690347749,37.62868028264824
다사65255900,127.10758505590273,37.63093359667007
다사65255925,127.10757320700813,37.63318690982599
다사65255950,127.10756135679351,37.63544022211598
다사65504125,127.1112501743895,37.47095548559374
다사65504150,127.11123850368965,37.47320886094092
다사65504175,127.11122683169026,37.47546223542349
다사65504200,127.11121515839115,37.477715609041425
다사65504025,127.1112968441962,37.46194197555926
다사65504050,127.11128517869312,37.46419535436471
다사65504075,127.11127351189107,37.466448732305615
다사65504100,127.11126184378992,37.468702109381965
다사65505375,127.11066504442863,37.583623193447444
다사65505400,127.11065330856283,37.58587652554182
다사65505425,127.1106415713898,37.58812985677067
다사65505450,127.11062983290937,37.590383187134
다사65505025,127.11082920937618,37.55207645325704
다사65505050,127.11081749179552,37.55432979746675
다사65505075,127.11080577290979,37.556583140811206
다사65505100,127.1107940527188,37.55883648329037
다사65505575,127.11057112089102,37.60164982596699
다사65505600,127.11055937456304,37.60390315113673
다사65505625,127.11054762692658,37.60615647544082
다사65505650,127.11053587798146,37.60840979887923
다사65505475,127.1106180931214,37.59263651663178
다사65505500,127.11060635202574,37.59488984526398
다사65505525,127.11059460962223,37.5971431730306
다사65505550,127.11058286591071,37.5993964999316
다사65504725,127.11096971860353,37.52503625525639
다사65504750,127.11095801667189,37.527289609847884
다사65504775,127.110946313437,37.5295429635743
다사65504800,127.1109346088987,37.53179631643568
다사65504625,127.11101651330083,37.51602282824036
다사65504650,127.11100481658058,37.51827618629185
다사65504675,127.11099311855773,37.52052954347837
다사65504700,127.11098141923212,37.522782899799886
다사65504925,127.11087606665106,37.54306306776589
다사65504950,127.11086435428918,37.54531641543648
다사65504975,127.11085264062284,37.54756976224187
다사65505000,127.11084092565189,37.549823108182075
다사65504825,127.11092290305689,37.534049668431955
다사65504850,127.11091119591136,37.53630301956314
다사65504875,127.11089948746199,37.5385563698292
다사65504900,127.1108877777086,37.540809719230126
다사65254475,127.10825826597517,37.5024933159709
다사65254500,127.10824649206434,37.504746678455575
다사65254525,127.10823471684236,37.50700004007533
다사65254550,127.10822294030903,37.50925340083016
다사65254375,127.10830534850983,37.49347985738346
다사65254400,127.10829357984217,37.49573322332759
다사65254425,127.10828180986393,37.497986588406896
다사65254450,127.108270038575,37.50023995262133
다사65254675,127.10816403796707,37.520520191629764
다사65254700,127.10815225356255,37.52277354719464
다사65254725,127.1081404678456,37.525026901894456
다사65254750,127.10812868081611,37.5272802557292
다사65254575,127.10821116246422,37.51150676072005
다사65254600,127.10819938330776,37.51376011974498
다사65254625,127.10818760283952,37.516013477904906
다사65254650,127.10817582105935,37.518266835199846
다사65254075,127.10844647035456,37.466439398603036
다사65254100,127.1084347174016,37.46869277492381
다사65254125,127.10842296313987,37.47094615037997
다사65254150,127.10841120756929,37.4731995249715
다사65006025,127.10469211111142,37.64219069295941
다사65006050,127.10468017002326,37.64444400102089
다사65254025,127.10846997233506,37.46193264336769
다사65254050,127.10845822199902,37.46418602141765
다사65254275,127.10835241007806,37.48446638495888
다사65254300,127.10834064665107,37.48671975436219
다사65254325,127.10832888191413,37.48897312290073
다사65254350,127.10831711586712,37.4912264905745
다사65254175,127.1083994506897,37.475452898698364
다사65254200,127.10838769250091,37.47770627156054
다사65254225,127.10837593300283,37.47995964355804
다사65254250,127.10836417219525,37.48221301469083
다사65255500,127.10777445882263,37.59488046842242
다사65255525,127.10776263102697,37.597133795430906
다사65255550,127.10775080191378,37.599387121573756
다사65255575,127.10773897148292,37.60164044685091
다사65255400,127.10782175683323,37.58586715173231
다사65255425,127.10780993430608,37.58812048220322
다사65255450,127.10779811046204,37.59037381180856
다사65255475,127.10778628530093,37.592627140548295
다사65255700,127.10767979955808,37.612907060251096
다사65255725,127.10766796121791,37.61516038033386
다사65255750,127.10765612155899,37.61741369955086
다사65255775,127.10764428058116,37.619667017902024
다사65255600,127.10772713973424,37.603893771262385
다사65255625,127.10771530666756,37.60614709480818
다사65255650,127.10770347228274,37.608400417488234
다사65255675,127.10769163657963,37.61065373930254
다사65254875,127.10806972597474,37.53854701192619
다사65254900,127.10805793106663,37.5408003605701
다사65254925,127.10804613484487,37.54305370834883
다사65254950,127.10803433730932,37.54530705526232
다사65254775,127.10811689247389,37.52953360869886
다사65254800,127.1081051028188,37.53178696080341
다사65254825,127.10809331185068,37.53404031204282
다사65254850,127.10808151956938,37.53629366241708
다사65255075,127.1079753299191,37.55657377685091
다사65255100,127.1079635244975,37.558827118572715
다사65255350,127.10784539793745,37.58136048819383
다사65255375,127.10783357804364,37.58361382039584
다사65254975,127.10802253845979,37.54756040131059
다사65255000,127.10801073829617,37.54981374649359
다사65255025,127.10799893681829,37.552067090811335
다사65255050,127.10798713402599,37.55432043426377
다사65004750,127.10529934627304,37.52727083383157
다사65004775,127.10528747282365,37.52952418603896
다사65004800,127.10527559805189,37.531777537381195
다사65004825,127.10526372195764,37.53403088785826
다사65004650,127.10534682685022,37.5182574163508
다사65004675,127.10533495868867,37.520510772018646
다사65004700,127.10532308920538,37.52276412682139
다사65004725,127.10531121840023,37.52501748075904
다사65004950,127.10520432164338,37.54529762726533
다사65004975,127.10519243761084,37.54755097255097
다사65005000,127.10518055225471,37.54980431697132
다사65005025,127.10516866557482,37.55205766052633
다사65004850,127.10525184454073,37.53628423747013
다사65004875,127.105239965801,37.53853758621678
다사65004900,127.10522808573833,37.540790934098226
다사65004925,127.10521620435249,37.543044281114405
다사65004350,127.10548914175077,37.49121708086691
다사65004375,127.10547728943781,37.49347044691433
다사65004400,127.10546543580499,37.495723812096884
다사65004425,127.10545358085214,37.49797717641455
다사65004250,127.10553653780705,37.48220360802895
다사65004275,127.10552469077199,37.48445697753566
다사65004300,127.10551284241768,37.48671034617755
다사65004325,127.10550099274401,37.488963713954654
다사65004550,127.10539428628228,37.509243985028995
다사65004575,127.1053824234061,37.511497344156986
다사65004600,127.10537055920878,37.513750702419955
다사65004625,127.10535869369022,37.5160040598179
다사65004450,127.10544172457915,37.50023053986732
다사65004475,127.10542986698582,37.50248390245517
다사65004500,127.105418008072,37.504737264178075
다사65004525,127.10540614783753,37.50699062503603
다사65005725,127.10483530046167,37.61515092867448
다사65005750,127.10482337532511,37.61740424712744
다사65005775,127.1048114488601,37.619657564714544
다사65005800,127.10479952106651,37.62191088143577
다사65005625,127.1048829877267,37.606137646204445
다사65005650,127.10487106790231,37.60839096812065
다사65005675,127.10485914675012,37.61064428917108
다사65005700,127.10484722426996,37.6128976093557
다사65005925,127.10473986216407,37.63317745205311
다사65005950,127.1047279263956,37.63543076357872
다사65005975,127.10471598929746,37.6376840742383
다사65006000,127.10470405086944,37.63993738403188
다사65005825,127.10478759194416,37.624164197291094
다사65005850,127.1047756614929,37.626417512280504
다사65005875,127.10476372971256,37.62867082640401
다사65005900,127.10475179660301,37.63092413966155
다사65005250,127.10506162586132,37.572337713579216
다사65005350,127.10501401820403,37.58135104798943
다사65005375,127.10500211297526,37.583604379428095
다사65005400,127.10499020642038,37.58585771000117
다사65005050,127.10515677757103,37.55431100321601
다사65005075,127.10514488824316,37.55656434504035
다사65005100,127.1051329975911,37.55881768599931
다사65005225,127.10507352446199,37.57008437781287
다사65005525,127.10493065374921,37.597124349882115
다사65005550,127.1049187392345,37.599377675261294
다사65005575,127.10490682339265,37.60163099977475
다사65005600,127.10489490622341,37.60388432342247
다사65005425,127.10497829853928,37.58811103970865
다사65005450,127.10496638933175,37.590364368550496
다사65005475,127.10495447879768,37.5926176965267
다사65005500,127.10494256693688,37.59487102363725
다사64755225,127.10224257258594,37.57007487354142
다사64755250,127.10223058869799,37.57232820853916
다사64755275,127.10221860347524,37.57458154267134
다사64755300,127.10220661691751,37.57683487593797
다사64755125,127.10229049479278,37.561061524895415
다사64755150,127.1022785162425,37.56331486335514
다사64755175,127.10226653635804,37.56556820094939
다사64755200,127.10225455513924,37.56782153767816
다사64755425,127.10214666409887,37.58810152928704
다사64755450,127.10213466952803,37.59035485735991
다사64755475,127.10212267362112,37.5926081845671
다사64755500,127.102110676378,37.594861510908565
다사64755325,127.10219462902464,37.579088208339016
다사64755350,127.10218263979652,37.581341539874465
다사64755375,127.10217064923295,37.58359487054429
다사64755400,127.10215865733377,37.585848200348494
다사64754825,127.10243413338729,37.53402139587839
다사64754850,127.10242217083491,37.53627474472237
다사64754875,127.10241020695024,37.5385280927011
다사64754900,127.10239824173314,37.54078143981457
다사64754725,127.1024819702769,37.52500799185024
다사64754750,127.10247001305216,37.527261344155065
다사64754775,127.10245805449573,37.52951469559472
다사64754800,127.10244609460749,37.53176804616917
다사64755025,127.10233839565527,37.55204816240213
다사64755050,127.10232642244011,37.55430150432357
다사64755075,127.10231444789146,37.5565548453796
다사64755100,127.10230247200904,37.55880818557022
다사64754925,127.1023862751834,37.54303478606274
다사64754950,127.10237430730092,37.54528813144559
다사64754975,127.10236233808548,37.54754147596312
다사64755000,127.102350367537,37.5497948196153
다사64756025,127.10185842532496,37.642181164069754
다사64756050,127.10184639864498,37.644434471361166
다사65004000,127.10565493563334,37.459669865402404
다사65004025,127.10564310178218,37.46192324355602
다사64755925,127.10190651864956,37.6331679262433
다사64755950,127.1018944973274,37.63542123699901
다사64755975,127.10188247466603,37.63767454688867
다사64756000,127.10187045066526,37.63992785591225
다사65004150,127.10558391275792,37.473190121354605
다사65004175,127.1055720709983,37.4754434943203
다사65004200,127.10556022792004,37.47769686642126
다사65004225,127.105548383523,37.479950237657484
다사65004050,127.10563126661334,37.46417662084503
다사65004075,127.10561943012665,37.46642999726942
다사65004100,127.10560759232195,37.468683372829155
다사65004125,127.10559575319911,37.47093674752422
다사64755625,127.10205067011348,37.60612812962975
다사64755650,127.10203866484969,37.60838145077662
다사64755675,127.10202665824856,37.610634771057654
다사64755700,127.10201465030995,37.612888090472836
다사64755525,127.1020986777985,37.59711483638433
다사64755550,127.10208667788244,37.59936816099434
다사64755575,127.1020746766297,37.60162148473859
다사64755600,127.10206267404008,37.60387480761707
다사64755825,127.10195459054911,37.62415467456038
다사64755850,127.10194257458227,37.626407988780095
다사64755875,127.10193055727682,37.628661302133835
다사64755900,127.10191853863265,37.63091461462157
다사64755725,127.1020026410337,37.61514140902215
다사64755750,127.10199063041966,37.61739472670558
다사64755775,127.10197861846765,37.61964804352311
다사64755800,127.10196660517752,37.62190135947471
다사64505700,127.0991820776876,37.612878503602616
다사64505725,127.09916998294356,37.61513182137695
다사64505750,127.09915788685215,37.617385138285364
다사64505775,127.0991457894133,37.61963845432781
다사64505600,127.0992304431938,37.603865223846284
다사64505625,127.09921835383744,37.60611854508417
다사64505650,127.09920626313439,37.608371865456206
다사64505675,127.0991941710845,37.610625184962366
다사64505900,127.09908528200121,37.63090502155026
다사64505925,127.09907317647412,37.63315833239665
다사64505950,127.09906106959843,37.635411642376965
다사64505975,127.09904896137398,37.63766495149119
다사64505800,127.0991336906268,37.621891769504316
다사64505825,127.09912159049249,37.62414508381482
다사64505850,127.09910948901023,37.62639839725933
다사64505875,127.09909738617986,37.62865170983782
다사64505300,127.0993754104862,37.57682530146108
다사64505325,127.09936333727774,37.57907863308789
다사64505350,127.09935126272447,37.58133196384905
다사64505375,127.09933918682626,37.58358529374455
다사64505200,127.09942368987548,37.56781196629776
다사64505225,127.09941162204453,37.57006530138697
다사64505250,127.09939955286946,37.5723186356106
다사64505275,127.09938748235007,37.574571968968634
다사64505500,127.09927878715551,37.59485193023648
다사64505525,127.09926670318431,37.59710525493764
다사64505550,127.09925461786708,37.59935857877301
다사64505575,127.09924253120361,37.60161190174255
다사64505400,127.09932710958293,37.58583862277437
다사64505425,127.09931503099438,37.588091950938484
다사64505450,127.09930295106037,37.59034527823689
다사64505475,127.09929086978082,37.59259860466957
다사64754425,127.10262535316055,37.497967696714596
다사64754450,127.10261341190362,37.50022105940021
다사64754475,127.10260146931694,37.50247442122085
다사64754500,127.10258952540028,37.50472778217652
다사64754325,127.10267310489341,37.488954237322865
다사64754350,127.10266116895411,37.491207603468155
다사64754375,127.10264923168562,37.49346096874856
다사64754400,127.10263729308784,37.49571433316404
다사64754625,127.1025297858623,37.51599457397944
다사64754650,127.10251783396266,37.51824792974483
다사64754675,127.102505880732,37.5205012846451
다사64754700,127.10249392617011,37.52275463868025
다사64754525,127.1025775801535,37.506981142267186
다사64754550,127.10256563357649,37.50923450149281
다사64754575,127.10255368566904,37.51148785985343
다사64754600,127.10254173643104,37.51374121734898
다사64754025,127.10281623254699,37.461913776124376
다사64754050,127.1028043125455,37.46416715264696
다사64754075,127.10279239121671,37.466420528304866
다사64754100,127.10278046856047,37.46867390309807
다사64506000,127.09903685180062,37.63991825973928
다사64506025,127.09902474087822,37.64217156712127
다사64506050,127.09901262860654,37.644424873637114
다사64754000,127.10282815122132,37.459660398737135
다사64754225,127.1027208353621,37.479940764093136
다사64754250,127.10270890473791,37.48219413369781
다사64754275,127.10269697278515,37.48444750243768
다사64754300,127.10268503950373,37.486700870312696
다사64754125,127.10276854457665,37.47092727702658
다사64754150,127.10275661926505,37.47318065009036
다사64754175,127.10274469262552,37.4754340222894
다사64754200,127.10273276465793,37.47768739362366
다사64504100,127.09995334612661,37.46866436573069
다사64504125,127.09994133728195,37.47091773888715
다사64504150,127.09992932710009,37.47317111117885
다사64504175,127.09991731558083,37.475424482605746
다사64504000,127.10000136813632,37.45965086445745
다사64504025,127.09998936463893,37.46190424107283
다사64504050,127.09997735980495,37.464157616823506
다사64504075,127.09996535363422,37.466410991709466
다사64504300,127.0998572379186,37.486691326767705
다사64504325,127.09984521837183,37.48894469300547
다사64504350,127.0998331974866,37.491198058378316
다사64504375,127.09982117526278,37.49345142288622
다사64504200,127.09990530272407,37.47767785316783
다사64504225,127.09989328852961,37.4799312228651
다사64504250,127.09988127299731,37.4821845916975
다사64504275,127.09986925612704,37.48443795966505
다사64256250,127.09608122807744,37.66244162254183
다사64256275,127.09606901797817,37.66469492048005
다사64256300,127.09605680651853,37.66694821755191
다사64256325,127.09604459369835,37.669201513757365
다사64255975,127.09621544943086,37.63765528804597
다사64256000,127.09620325428507,37.6399085955131
다사64256025,127.09619105778069,37.64216190211405
다사64256050,127.09617885991752,37.64441520784881
다사64256525,127.09594684213857,37.687227852208956
다사64256550,127.09593461706638,37.689481140616124
다사64503950,127.10002537112199,37.455144108632666
다사64503975,127.10001337029728,37.457397486977385
다사64256350,127.0960323795175,37.671454809096424
다사64256375,127.09602016397578,37.673708103569055
다사64256475,127.09597128819716,37.68272127279501
다사64256500,127.09595906584879,37.684974562935246
다사64504900,127.09956839906056,37.54077187771923
다사64504925,127.09955634734709,37.54302522319391
다사64504950,127.09954429429136,37.5452785678032
다사64504975,127.09953223989322,37.547531911547146
다사64504800,127.0996165924951,37.531758487167394
다사64504825,127.09960454614904,37.53401183610329
다사64504850,127.09959249846139,37.536265184173914
다사64504875,127.09958044943194,37.53851853137923
다사64505100,127.09947194776088,37.55879861728558
다사64505125,127.09945988530495,37.5610519558369
다사64505150,127.09944782150554,37.563305293522696
다사64505175,127.09943575636242,37.565558630343006
다사64505000,127.09952018415252,37.549785254425686
다사64505025,127.09950812706911,37.55203859643883
다사64505050,127.09949606864278,37.55429193758652
다사64505075,127.09948400887342,37.55654527786879
다사64504500,127.09976104405865,37.504718232451026
다사64504525,127.09974901379975,37.5069715917689
다사64504550,127.09973698220112,37.509224950221736
다사64504575,127.09972494926258,37.511478307809476
다사64504400,127.09980915170013,37.49570478652916
다사64504425,127.09979712679858,37.49795814930713
다사64504450,127.09978510055791,37.50021151122011
다사64504475,127.09977307297798,37.50246487226808
다사64504700,127.09966476446621,37.5227450827713
다사64504725,127.09965272348508,37.52499843516814
다사64504750,127.09964068116294,37.52725178669979
다사64504775,127.09962863749965,37.529505137366215
다사64504600,127.09971291498404,37.51373166453212
다사64504625,127.09970087936527,37.51598502038963
다사64504650,127.09968884240617,37.51823837538201
다사64504675,127.09967680410651,37.520491729509246
다사64254875,127.09675069325556,37.53850890225127
다사64254900,127.09673855773009,37.54076224781233
다사64254925,127.09672642085302,37.54301559250802
다사64254950,127.09671428262423,37.54526893633828
다사64254775,127.0967992218449,37.52949551135356
다사64254800,127.09678709172414,37.531748860375984
다사64254825,127.09677496025243,37.534002208533074
다사64254850,127.09676282742963,37.536255555824845
다사64255075,127.09665357119862,37.556535642507995
다사64255100,127.09664142485606,37.558788981145476
다사64255125,127.09662927716064,37.56104231891744
다사64255150,127.09661712811223,37.563295655823836
다사64254975,127.09670214304353,37.54752227930314
다사64255000,127.09669000211079,37.54977562140255
다사64255025,127.09667785982583,37.55202896263652
다사64255050,127.09666571618847,37.55428230300499
다사64254475,127.09694467797844,37.502455255596935
다사64254500,127.0969325640566,37.50470861500167
다사64254525,127.0969204487857,37.50696197354131
다사64254550,127.09690833216563,37.50921533121583
다사64254375,127.09699312017868,37.49344180932743
다사64254400,127.0969810116514,37.49569517219234
다사64254425,127.0969689017757,37.49794853419225
다사64254450,127.09695679055143,37.500201895327116
다사64254675,127.09684772882173,37.52048210661117
다사64254700,127.09683560410315,37.52273545909464
다사64254725,127.09682347803422,37.52498881071287
다사64254750,127.09681135061487,37.52724216146586
다사64254575,127.09689621419618,37.51146868802523
다사64254600,127.09688409487723,37.51372204396947
다사64254625,127.09687197420861,37.51597539904855
다사64254650,127.09685985219016,37.51822875326247
다사64255675,127.09636168526745,37.6106155308853
다사64255700,127.09634950641242,37.612868848745116
다사64255725,127.09633732620071,37.61512216573899
다사64255750,127.09632514463216,37.61737548186689
다사64255575,127.0964103871239,37.60160225078672
다사64255600,127.096398213694,37.603855572110206
다사64255625,127.09638603890808,37.606108892567825
다사64255650,127.09637386276593,37.60836221215953
다사64255875,127.09626421643117,37.62864204951606
다사64255900,127.09625202671818,37.6308953604477
다사64255925,127.09623983564725,37.63314867051325
다사64255950,127.0962276432182,37.63540197971268
다사64255775,127.09631296170662,37.61962879712879
다사64255800,127.0963007774239,37.62188211152467
다사64255825,127.09628859178386,37.62413542505451
다사64255850,127.09627640478634,37.62638873771832
다사64255275,127.09655636256937,37.57456232737205
다사64255300,127.09654420539954,37.576815659084815
다사64255325,127.09653204687558,37.57906898993188
다사64255350,127.09651988699734,37.581322319913276
다사64255175,127.09660497771064,37.56554899186468
다사64255200,127.09659282595572,37.567802327039935
다사64255225,127.09658067284731,37.5700556613496
다사64255250,127.09656851838525,37.572308994793644
다사64255475,127.09645906728623,37.59258895683421
다사64255500,127.09644689927892,37.59484228162109
다사64255525,127.09643472991618,37.59709560554214
다사64255550,127.0964225591979,37.59934892859736
다사64255375,127.09650772576465,37.583575649028944
다사64255400,127.09649556317734,37.58582897727891
다사64255425,127.09648339923528,37.58808230466311
다사64255450,127.09647123393829,37.59033563118156
다사64005900,127.09341877279314,37.630885631314015
다사64005925,127.09340649617853,37.633138940593234
다사64005950,127.09339421819627,37.63539224900627
다사64005975,127.09338193884618,37.637645556553124
다사64005800,127.09346786557832,37.62187238553587
다사64005825,127.0934555944327,37.62412569827958
다사64005850,127.09344332192005,37.62637901015718
다사64005875,127.09343104804029,37.628632321168666
다사64006100,127.09332052157288,37.64891208129397
다사64006125,127.0933082340125,37.65116538364333
다사64006150,127.09329594508321,37.653418685126375
다사64006175,127.09328365478477,37.655671985743105
다사64006000,127.09336965812811,37.63989886323377
다사64006025,127.09335737604192,37.64215216904818
다사64006050,127.09334509258743,37.64440547399638
다사64006075,127.09333280776445,37.64665877807831
다사64005500,127.09361501275771,37.594832565062475
다사64005525,127.09360275800364,37.59708588819794
다사64005550,127.09359050188446,37.59933921046751
다사64005575,127.09357824440006,37.6015925318712
다사64005400,127.09366401812653,37.585819263862206
다사64005425,127.09365176883112,37.588072590461
다사64005450,127.0936395181713,37.590325916194
다사64005475,127.09362726614688,37.59257924106116
다사64005700,127.09351693649391,37.612859125900464
다사64005725,127.09350467081472,37.61511244210836
다사64005750,127.09349240376915,37.61736575745025
다사64005775,127.09348013535708,37.619619071926095
다사64005600,127.09356598555027,37.60384585240896
다사64005625,127.09355372533491,37.60609917208079
다사64005650,127.09354146375384,37.608352490886666
다사64005675,127.09352920080691,37.61060580882656
다사64254075,127.09713831738864,37.46640138748334
다사64254100,127.09712622502981,37.46865476072708
다사64254125,127.09711413132446,37.470908133106036
다사64254150,127.09710203627247,37.473161504620165
다사64253975,127.09718667336216,37.45738788586066
다사64254000,127.09717458638772,37.45964126256344
다사64254025,127.09716249806743,37.46189463840148
다사64254050,127.09715040840115,37.46414801337479
다사64254275,127.09704154080706,37.48442834921787
다사64254300,127.09702943767176,37.486681715542694
다사64254325,127.09701733318872,37.48893508100257
다사64254350,127.09700522735776,37.491188445597494
다사64254175,127.09708993987365,37.47541487526946
다사64254200,127.09707784212786,37.47766824505389
다사64254225,127.09706574303493,37.47992161397345
다사64254250,127.09705364259472,37.48217498202811
다사64006300,127.09322218275042,37.66693847583117
다사64006325,127.09320988423394,37.66919177124953
다사64006350,127.09319758434727,37.67144506580146
다사64006375,127.09318528309016,37.673698359486906
다사64006200,127.0932713631171,37.657925285493484
다사64006225,127.09325907007998,37.66017858437748
다사64006250,127.09324677567326,37.662431882395126
다사64006275,127.0932344798968,37.66468517954635
다사64006500,127.09312375624297,37.68496481491647
다사64006525,127.09311144676006,37.68721810340273
다사64006550,127.09309913590563,37.68947139102238
다사64253950,127.09719875899084,37.45513450829318
다사64006400,127.0931729804625,37.67595165230587
다사64006425,127.09316067646412,37.678204944258326
다사64006450,127.09314837109484,37.680458235344254
다사64006475,127.09313606435452,37.682711525563654
다사64004300,127.09420163877273,37.48667203663776
다사64004325,127.09418944935354,37.48892540131429
다사64004350,127.09417725857696,37.49117876512579
다사64004375,127.09416506644287,37.49343212807227
다사64004200,127.09425038287881,37.47765856928192
다사64004225,127.09423819888757,37.47991193741832
다사64004250,127.09422601353957,37.482165304689765
다사64004275,127.09421382683468,37.48441867109625
다사64004500,127.0941040854036,37.50469892982856
다사64004525,127.09409188512086,37.50695228758446
다사64004550,127.09407968347948,37.5092056444752
다사64004575,127.09406748047928,37.51145900050078
다사64004400,127.09415287295106,37.49568549015369
다사64004425,127.09414067810137,37.49793885137005
다사64004450,127.09412848189369,37.500192211721334
다사64004475,127.0941162843278,37.5024455712075
다사63756525,127.09027605275311,37.6872082864279
다사63756550,127.09026365611658,37.689461573254526
다사64003950,127.09437214820527,37.455124840350415
다사64003975,127.0943599777727,37.45737821713518
다사63756425,127.09032562548997,37.678195130455094
다사63756450,127.09031323437681,37.680448420748206
다사63756475,127.09030084188308,37.68270171017471
다사63756500,127.09028844800856,37.68495499873462
다사64004100,127.0942991052795,37.46864508808736
다사64004125,127.09428692671365,37.47089845968332
다사64004150,127.09427474679168,37.473151830414416
다사64004175,127.09426256551345,37.475405200280626
다사64004000,127.09434780598502,37.45963159305521
다사64004025,127.09433563284199,37.461884968110446
다사64004050,127.09432345834351,37.464138342300906
다사64004075,127.09431128248939,37.46639171562655
다사64005100,127.09381090330407,37.55877927715
다사64005125,127.09379867036934,37.56103261413711
다사64005150,127.09378643607208,37.56328595025862
다사64005175,127.09377420041217,37.565539285514525
다사64005000,127.09385982142125,37.549765920546
다사64005025,127.09384759393492,37.5520192609953
다사64005050,127.09383536508672,37.554272600579075
다사64005075,127.0938231348765,37.556525939297316
다사64005300,127.093713001667,37.57680594880925
다사64005325,127.09370075782772,37.57905927887111
다사64005350,127.09368851262467,37.58131260806724
다사64005375,127.09367626605766,37.583565936397605
다사64005200,127.09376196338943,37.5677926199048
다사64005225,127.09374972500369,37.57004595342943
다사64005250,127.09373748525483,37.5722992860884
다사64005275,127.09372524414263,37.57455261788167
다사64004700,127.09400644509036,37.52272576765038
다사64004725,127.09399423393387,37.5249791184845
다사64004750,127.09398202141745,37.52723246845334
다사64004775,127.09396980754093,37.52948581755687
다사64004600,127.0940552761201,37.51371235566117
다사64004625,127.09404307040177,37.515965709956326
다사64004650,127.09403086332415,37.51821906338627
다사64004675,127.09401865488707,37.52047241595096
다사64004900,127.09390871775119,37.54075255009395
다사64004925,127.09389649571068,37.54300589400517
다사64004950,127.09388427230898,37.54525923705091
다사64004975,127.09387204754589,37.54751257923119
다사64004800,127.09395759230412,37.53173916579503
다사64004825,127.09394537570692,37.533992513167846
다사64004850,127.09393315774913,37.536245859675276
다사64004875,127.09392093843061,37.53849920531732
다사63755325,127.09086947014364,37.57904949990568
다사63755350,127.09085713961593,37.58130282831105
다사63755375,127.09084480771477,37.58355615585061
다사63755400,127.09083247443998,37.585809482524354
다사63755225,127.09091877852325,37.57003617762655
다사63755250,127.09090645348772,37.57228950949495
다사63755275,127.0908941270794,37.57454284049761
다사63755300,127.09088179929807,37.57679617063453
다사63755525,127.09077078745615,37.59707610290514
다사63755550,127.09075844593626,37.59932942438359
다사63755575,127.09074610304164,37.60158274499608
다사63755600,127.09073375877212,37.603836064742616
다사63755425,127.0908201397914,37.58806280833225
다사63755450,127.09080780376891,37.590316133274314
다사63755475,127.09079546637231,37.592569457350486
다사63755500,127.09078312760144,37.59482278056076
다사63754925,127.09106657192959,37.54299612768545
다사63754950,127.09105426335512,37.54524946994119
다사63754975,127.09104195340979,37.54750281133143
다사63755000,127.09102964209342,37.54975615185614
다사63754825,127.091115792522,37.53398275000769
다사63754850,127.0911034894294,37.53623609572531
다사63754875,127.09109118496656,37.538489440577486
다사63754900,127.09107887913335,37.5407427845642
다사63755125,127.09096806494054,37.56102284149604
다사63755150,127.09095574539461,37.563276176827166
다사63755175,127.09094342447655,37.56552951129264
다사63755200,127.09093110218613,37.56778284489244
다사63755025,127.09101732940586,37.55200949151529
다사63755050,127.09100501534698,37.554262830308865
다사63755075,127.09099269991657,37.55651616823687
다사63755100,127.09098038311447,37.55876950529927
다사63756125,127.09047421122013,37.65115557935036
다사63756150,127.09046183666148,37.65340888004116
다사63756175,127.09044946072419,37.65566217986557
다사63756200,127.09043708340809,37.65791547882359
다사63756025,127.09052369567144,37.64214236792381
다사63756050,127.09051132662579,37.64439567207991
다사63756075,127.09049895620211,37.646648975369736
다사63756100,127.09048658440028,37.648902277793226
다사63756325,127.0903751761398,37.66918196061715
다사63756350,127.09036279054742,37.67143525437643
다사63756375,127.0903504035751,37.6736885472692
다사63756400,127.09033801522267,37.675941839295426
다사63756225,127.09042470471304,37.6601687769152
다사63756250,127.09041232463885,37.66242207414037
다사63756275,127.09039994318533,37.66467537049912
다사63756300,127.09038756035237,37.666928665991385
다사63755725,127.09067201679508,37.615102650485206
다사63755750,127.09065966427268,37.617355965035564
다사63755775,127.09064731037422,37.61960927871986
다사63755800,127.09063495509957,37.62186259153803
다사63755625,127.0907214131275,37.60608938362317
다사63755650,127.09070906610764,37.608342701637724
다사63755675,127.0906967177124,37.61059601878626
다사63755700,127.09068436794162,37.61284933506875
다사63755925,127.09057315807745,37.63312914263667
다사63755950,127.09056079454213,37.635382450257815
다사63755975,127.09054842962946,37.637635757012745
다사63756000,127.09053606333929,37.63988906290141
다사63755825,127.09062259844853,37.62411590349007
다사63755850,127.09061024042099,37.62636921457599
다사63755875,127.0905978810167,37.62862252479573
다사63755900,127.0905855202356,37.6308758341493
다사63506400,127.08750305136311,37.67593195814403
다사63506425,127.08749057589625,37.6781852485054
다사63506450,127.0874780990394,37.680438538000175
다사63506475,127.08746562079237,37.68269182662831
다사63506300,127.08755293933395,37.66691878803264
다사63506325,127.08754046942542,37.66917208186031
다사63506350,127.08752799812754,37.67142537482145
다사63506375,127.08751552544015,37.67367866691603
다사63753925,127.09155779264644,37.4528617279431
다사63753950,127.09154553877465,37.455115104804484
다사63753975,127.09153328353842,37.45736848080106
다사63754000,127.09152102693761,37.45962185593286
다사63506500,127.08745314115507,37.684945114389784
다사63506525,127.08744066012724,37.68719840128458
다사63506550,127.08742817770877,37.68945168731269
다사63753900,127.09157004515399,37.45060835021695
다사63506000,127.08770246992816,37.63987919451612
다사63506025,127.0876900166788,37.642132498740985
다사63506050,127.08767756204213,37.64438580209954
다사63506075,127.0876651060179,37.64663910459173
다사63505900,127.08775226905506,37.630865968953636
다사63505925,127.08773982135357,37.63311927664367
다사63505950,127.08772737226535,37.635372583467436
다사63505975,127.08771492179027,37.637625889424925
다사63506200,127.08760280507808,37.657905604056765
다사63506225,127.08759034072524,37.660158901350464
다사63506250,127.08757787498372,37.662412197777684
다사63506275,127.08756540785333,37.664665493338426
다사63506100,127.08765264860597,37.648892406217534
다사63506125,127.08764018980621,37.65114570697697
다사63506150,127.08762772961839,37.65339900687
다사63506175,127.08761526804241,37.655652305896595
다사63754525,127.09126332281468,37.50694253389848
다사63754550,127.09125103615216,37.509195889999965
다사63754575,127.09123874812136,37.51144924523624
다사63754600,127.0912264587221,37.513702599607264
다사63754425,127.09131245578509,37.49792910084064
다사63754450,127.09130017459411,37.50018246040284
다사63754475,127.0912878920355,37.5024358190999
다사63754500,127.09127560810906,37.50468917693179
다사63754725,127.09116499119344,37.52496935848316
다사63754750,127.09115269358011,37.52722270766237
다사63754775,127.09114039459718,37.529476055976204
다사63754800,127.09112809424454,37.53172940342465
다사63754625,127.09121416795422,37.51595595311304
다사63754650,127.09120187581759,37.51820930575353
다사63754675,127.09118958231204,37.52046265752874
다사63754700,127.09117728743736,37.522716008438614
다사63754125,127.09145972345894,37.47088871861911
다사63754150,127.09144745866716,37.473142088561694
다사63754175,127.09143519250969,37.47539545763935
다사63754200,127.09142292498632,37.47764882585205
다사63754025,127.091508768972,37.46187523019982
다사63754050,127.09149650964152,37.46412860360195
다사63754075,127.09148424894596,37.466381976139225
다사63754100,127.09147198688513,37.4686353478116
다사63754325,127.09136156687575,37.48891565394069
다사63754350,127.09134929115375,37.491169016963305
다사63754375,127.09133701406475,37.49342237912086
다사63754400,127.09132473560858,37.49567574041331
다사63754225,127.09141065609691,37.4799021931998
다사63754250,127.09139838584132,37.48215555968253
다사63754275,127.09138611421939,37.484408925300286
다사63754300,127.0913738412309,37.486662290053
다사63504800,127.08829859755485,37.53171957326493
다사63504825,127.08828621070711,37.533972919052715
다사63504850,127.08827382247986,37.53622626397503
다사63504875,127.08826143287288,37.53847960803186
다사63504700,127.08834813115362,37.52270618145945
다사63504725,127.08833574982242,37.524959530708934
다사63504750,127.08832336711234,37.527212879093014
다사63504775,127.08831098302322,37.529466226611696
다사63505000,127.08819946413678,37.54974631533304
다사63505025,127.08818706624817,37.55199965419656
다사63505050,127.08817466697874,37.55425299219446
다사63505075,127.0881622663283,37.55650632932674
다사63504900,127.08824904188606,37.540732951223184
다사63504925,127.08823664951916,37.54298629354897
다사63504950,127.08822425577212,37.545239635009224
다사63504975,127.08821186064469,37.54749297560393
다사63504400,127.08849659963343,37.49566592297128
다사63504425,127.08848423483627,37.4979192826041
다사63504450,127.0884718686622,37.50017264137176
다사63504475,127.08845950111099,37.50242599927422
다사63504300,127.08854604505575,37.48665247578851
다사63504325,127.08853368576477,37.488905838881884
다사63504350,127.0885213250975,37.49115920111015
다사63504375,127.08850896305378,37.49341256247329
다사63504600,127.08839764269273,37.51369277580791
다사63504625,127.08838526687546,37.5159461285188
다사63504650,127.08837288967997,37.518199480364366
다사63504675,127.08836051110609,37.52045283134459
다사63504500,127.08844713218252,37.50467935631146
다사63504525,127.08843476187663,37.506932712483476
다사63504550,127.08842239019314,37.50918606779022
다사63504575,127.08841001713189,37.5114394222317
다사63505600,127.08790153336899,37.6038262091113
다사63505625,127.08788910229529,37.60607952719508
다사63505650,127.08787666983683,37.60833284441282
다사63505675,127.08786423599348,37.6105861607645
다사63505500,127.08795124381959,37.594812928116035
다사63505525,127.08793881828323,37.59706624966384
다사63505550,127.0879263913628,37.599319570345656
다사63505575,127.08791396305811,37.60157289016147
다사63505800,127.08780204599721,37.621852729531234
다사63505825,127.08778960384092,37.624106040686144
다사63505850,127.08777716029857,37.626359350974866
다사63505875,127.08776471537,37.62861266039736
다사63505700,127.08785180076504,37.61283947625008
다사63505725,127.08783936415134,37.61509279086957
다사63505750,127.08782692615225,37.617346104622925
다사63505775,127.0878144867676,37.61959941751016
다사63505200,127.08810024235531,37.56777300200297
다사63505225,127.08808783341546,37.570026333941065
다사63505250,127.08807542309341,37.57227966501341
다사63505275,127.0880630113891,37.57453299521997
다사63505100,127.08814986429667,37.558759665593364
다사63505125,127.08813746088374,37.56101300099432
다사63505150,127.08812505608931,37.56326633552957
다사63505175,127.08811264991321,37.56551966919914
다사63505400,127.08800093212722,37.58579963326547
다사63505425,127.08798851212563,37.58805295827698
다사63505450,127.08797609074061,37.590306282422596
다사63505475,127.08796366797198,37.59255960570228
다사63505300,127.08805059830232,37.576786324560736
다사63505325,127.0880381838329,37.57903965303567
다사63505350,127.08802576798067,37.5812929806448
다사63505375,127.0880133507455,37.58354630738806
다사63256000,127.0848688779042,37.639869258077994
다사63256025,127.08485633907357,37.64212256149984
다사63256050,127.084843798846,37.64437586405531
다사63256075,127.08483125722141,37.64662916574437
다사63255900,127.08491901926108,37.630856035727135
다사63255925,127.08490648601638,37.63310934261434
다사63255950,127.08489395137545,37.63536264863523
다사63255975,127.08488141533812,37.63761595378978
다사63256200,127.08476852813658,37.65789566119311
다사63256225,127.08475597812611,37.6601489576834
다사63256250,127.08474342671742,37.66240225330716
다사63256275,127.08473087391033,37.66465554806439
다사63256100,127.08481871419956,37.64888246656703
다사63256125,127.08480616978034,37.65113576652324
다사63256150,127.0847936239635,37.653389065613
다사63256175,127.08478107674901,37.6556423638363
다사63255600,127.0850693093505,37.603816285515094
다사63255625,127.08505679284785,37.606069602796616
다사63255650,127.08504427495095,37.60832291921204
다사63255675,127.08503175565961,37.61057623476136
다사63255500,127.08511936142166,37.59480300772841
다사63255525,127.08510685049444,37.59705632847413
다사63255550,127.08509433817362,37.59930964835383
다사63255575,127.08508182445902,37.60156296736749
다사63255800,127.08496913828074,37.62184279951561
다사63255825,127.08495661061936,37.624096109867864
다사63255850,127.08494408156238,37.626349419353886
다사63255875,127.08493155110969,37.62860272797366
다사63255700,127.08501923497369,37.61282954944455
다사63255725,127.08500671289299,37.61508286326156
다사63255750,127.08499418941739,37.61733617621245
다사63255775,127.08498166454669,37.61958948829712
다사63504000,127.08869424925494,37.45961205119647
다사63504025,127.08868190646695,37.46186542466969
다사63504050,127.0886695623046,37.464118797278026
다사63504075,127.08865721676771,37.46637216902145
다사63503900,127.08874360666653,37.450598548655115
다사63503925,127.08873126937438,37.4528519255877
다사63503950,127.0887189307085,37.45510530165546
다사63503975,127.08870659066874,37.45735867685839
다사63504200,127.08859546845987,37.47763901476435
다사63504225,127.08858311467249,37.47989238131796
다사63504250,127.08857075950947,37.482145747006534
다사63504275,127.08855840297059,37.484399111830065
다사63504100,127.08864486985617,37.46862553989995
다사63504125,127.08863252156976,37.47087890991351
다사63504150,127.08862017190836,37.47313227906211
다사63504175,127.0886078208718,37.47538564734574
다사63256400,127.0846680888934,37.67592200885176
다사63256425,127.08465552769253,37.67817529840934
다사63256450,127.08464296509213,37.68042858710027
다사63256475,127.08463040109204,37.68268187492452
다사63256300,127.08471831970472,37.666908841955056
다사63256325,127.08470576410036,37.669162134979125
다사63256350,127.08469320709715,37.671415427136616
다사63256375,127.08468064869489,37.6736687184275
다사63256600,127.08456756009005,37.69394830104484
다사63503825,127.08878061030235,37.443838412668676
다사63503850,127.08876827713037,37.44609179219558
다사63503875,127.08875594258517,37.448345170857735
다사63256500,127.08461783569203,37.68493516188206
다사63256525,127.08460526889203,37.687188447972886
다사63256550,127.08459270069179,37.689441733196965
다사63256575,127.08458013109119,37.69169501755429
다사63254400,127.08566846503506,37.495656037827715
다사63254425,127.0856560152644,37.49790939666056
다사63254450,127.08564356410739,37.500162754628185
다사63254475,127.08563111156377,37.50241611173057
다사63254300,127.08571825025675,37.4866425938444
다사63254325,127.08570580603013,37.48889595613798
다사63254350,127.08569336041774,37.49114931756641
다사63254375,127.08568091341942,37.49340267812965
다사63254600,127.08556882804142,37.51368288426316
다사63254625,127.08555636717496,37.515936236173694
다사63254650,127.08554390492077,37.518189587218856
다사63254675,127.0855314412787,37.52044293739863
다사63254500,127.08561865763343,37.504669467967695
다사63254525,127.08560620231617,37.50692282333952
다사63254550,127.08559374561187,37.50917617784605
다사63254575,127.08558128752033,37.51142953148728
다사63254000,127.0858674729465,37.45960217884618
다사63254025,127.08585504533625,37.46185555152017
다사63254050,127.08584261634222,37.46410892332924
다사63254075,127.08583018596418,37.46636229427335
다사63253900,127.08591716955264,37.45058867950125
다사63253925,127.08590474747602,37.45284205563479
다사63253950,127.08589232401621,37.45509543090348
다사63253975,127.08587989917308,37.457348805307284
다사63254200,127.08576801330894,37.47762913601895
다사63254225,127.0857555746237,37.47988250177295
다사63254250,127.08574313455338,37.48213586666187
다사63254275,127.08573069309779,37.4843892306857
다사63254100,127.08581775420207,37.46861566435247
다사63254125,127.08580532105563,37.47086903356662
다사63254150,127.08579288652474,37.47312240191575
다사63254175,127.08578045060922,37.47537576939987
다사63255200,127.08526938390649,37.567763091236486
다사63255225,127.08525688968977,37.57001642237308
다사63255250,127.08524439408144,37.57226975264387
다사63255275,127.08523189708129,37.574523082048835
다사63255100,127.08531934686022,37.5587497580324
다사63255125,127.08530685820843,37.56100309263204
다사63255150,127.08529436816565,37.56325642636593
다사63255175,127.08528187673173,37.5655097592341
다사63255400,127.08516939119771,37.58578971608565
다사63255425,127.08515688584329,37.58804304029528
다사63255450,127.08514437909591,37.59029636363896
다사63255475,127.08513187095542,37.59254968611667
다사63255300,127.08521939868915,37.57677641058796
다사63255325,127.08520689890491,37.57902973826121
다사63255350,127.08519439772834,37.5812830650686
다사63255375,127.08518189515934,37.58353639101007
다사63254800,127.08546910224456,37.53170967531598
다사63254825,127.08545663027179,37.53396302030301
다사63254850,127.08544415691003,37.53621636442455
다사63254875,127.08543168215907,37.53846970768054
다사63254700,127.08551897624861,37.522696286712986
다사63254725,127.08550650983032,37.52494963516191
다사63254750,127.08549404202363,37.52720298274541
다사63254775,127.08548157282843,37.52945632946343
다사63255000,127.08536928756081,37.54973641097685
다사63255025,127.08535680447133,37.55198974903925
다사63255050,127.0853443199915,37.554243086235985
다사63255075,127.08533183412119,37.55649642256704
다사63254900,127.08541920601876,37.54072305007099
다사63254925,127.08540672848896,37.54297639159584
다사63254950,127.08539424956946,37.54522973225512
다사63254975,127.08538176926014,37.54748307204879
다사63005625,127.08222448479466,37.60605961042788
다사63005650,127.08221188145949,37.608312926035495
다사63005675,127.08219927672035,37.61056624077697
다사63005700,127.0821866705771,37.61281955465224
다사63005525,127.08227488409923,37.59704633933613
다사63005550,127.08226228637821,37.59929965840822
다사63005575,127.08224968725386,37.601552976614215
다사63005600,127.08223708672607,37.60380629395411
다사63005825,127.08212361879336,37.62408611103535
다사63005850,127.08211100422196,37.62633941971318
다사63005875,127.08209838824529,37.62859272752471
다사63005900,127.08208577086316,37.63084603446992
다사63005725,127.08217406302957,37.615072867661326
다사63005750,127.08216145407759,37.6173261798042
다사63005775,127.08214884372103,37.61957949108085
다사63005800,127.08213623195967,37.62183280149123
다사63005225,127.08242594735574,37.57000644292269
다사63005250,127.08241336646122,37.572259772386445
다사63005275,127.0824007841654,37.57451310098431
다사63005300,127.08238820046813,37.57676642871631
다사63005125,127.0824762569241,37.56099311640932
다사63005150,127.08246368163314,37.56324644933637
다사63005175,127.08245110494154,37.56549978139763
다사63005200,127.08243852684915,37.56775311259309
다사63005425,127.0823252609539,37.58803305438725
다사63005450,127.08231266884432,37.59028637692351
다사63005475,127.08230007533214,37.59253969859376
다사63005500,127.08228748041718,37.594793019397976
다사63005325,127.0823756153692,37.57901975558239
다사63005350,127.08236302886849,37.58127308158254
다사63005375,127.0823504409658,37.58352640671675
다사63005400,127.08233785166101,37.58577973098498
다사63006425,127.08182048088837,37.67816528016702
다사63006450,127.08180783254457,37.68041856804861
다사63006475,127.08179518279155,37.68267185506346
다사63006500,127.08178253162906,37.68492514121156
다사63006325,127.08187106017421,37.6691521199737
다사63006350,127.08185841746582,37.67140541132205
다사63006375,127.08184577334882,37.673658701803724
다사63006400,127.08183312782303,37.67591199141873
다사63006625,127.08171925466947,37.69619155895016
다사63253825,127.08595442748529,37.443828545911636
다사63253850,127.08594200955713,37.44608192463966
다사63253875,127.08592959024631,37.44833530250286
다사63006525,127.081769879057,37.6871784264929
다사63006550,127.08175722507517,37.689431710907435
다사63006575,127.08174456968344,37.69168499445518
다사63006600,127.0817319128816,37.69393827713609
다사63006025,127.08202266286519,37.642112556200466
다사63006050,127.08201003704697,37.64436585794736
다사63006075,127.08199740982212,37.64661915882781
다사63006100,127.08198478119053,37.648872458841794
다사63005925,127.08207315207544,37.63309934054878
다사63005950,127.08206053188195,37.635352645761294
다사63005975,127.08204791028253,37.637605950107414
다사63006000,127.082035287277,37.639859253587154
다사63006225,127.08192161692521,37.660138945914085
다사63006250,127.08190897984953,37.6623922407289
다사63006275,127.0818963413659,37.66464553467711
다사63006300,127.08188370147418,37.66689882775873
다사63006125,127.08197215115199,37.65112575798929
다사63006150,127.08195951970637,37.65337905627029
다사63006175,127.08194688685347,37.655632353684766
다사63006200,127.08193425259313,37.65788565023271
다사63004025,127.08302818558936,37.46184561075137
다사63004050,127.08301567176377,37.46409898175568
다사63004075,127.08300315654479,37.46635235189499
다사63004100,127.08299063993223,37.46860572116928
다사63003925,127.08307822696078,37.45283211808449
다사63003950,127.08306571870723,37.45508549254862
다사63003975,127.0830532090609,37.45733886614781
다사63004000,127.08304069802168,37.45959223888208
다사63004225,127.08292803596005,37.47987255456484
다사63004250,127.08291551098257,37.482125918648634
다사63004275,127.0829029846104,37.48437928186729
다사63004300,127.08289045684333,37.48663264422077
다사63004125,127.08297812192593,37.470859089578546
다사63004150,127.08296560252573,37.473112457122745
다사63004175,127.08295308173146,37.47536582380187
다사63004200,127.08294055954296,37.477619189615915
다사62756475,127.07895996590048,37.68266176704523
다사62756500,127.07894722897568,37.68491505237839
다사62756525,127.07893449063175,37.68716833684473
다사62756550,127.0789217508685,37.68942162044423
다사62756375,127.07901089941151,37.6736486170448
다사62756400,127.07899816816165,37.675901905845045
다사62756425,127.0789854354933,37.67815519377854
다사62756450,127.07897270140629,37.68040848084528
다사63003825,127.08312824605072,37.443818611579076
다사63003850,127.08311574336655,37.44607198950273
다사63003875,127.0831032392903,37.448325366561534
다사63003900,127.08309073382176,37.450578742755454
다사62756575,127.07890900968574,37.691674903176875
다사62756600,127.07889626708337,37.693928185042644
다사62756625,127.07888352306114,37.69618146604154
다사63003800,127.08314074734295,37.44156523279058
다사63004825,127.0826270512255,37.53395305375871
다사63004850,127.08261449272938,37.53620639707396
다사63004875,127.08260193283462,37.538459739523645
다사63004900,127.08258937154102,37.54071308110772
다사63004725,127.08267727122654,37.52493967184222
다사63004750,127.08266471832347,37.52719301861962
다사63004775,127.08265216402236,37.52944636453152
다사63004800,127.0826396083231,37.53169970957789
다사63005025,127.08252654408481,37.551979776043424
다사63005050,127.08251397439479,37.55423311243351
다사63005075,127.08250140330475,37.55648644795786
다사63005100,127.08248883081457,37.55873978261648
다사63004925,127.08257680884843,37.54296642182617
다사63004950,127.08256424475665,37.545219761678986
다사63004975,127.08255167926559,37.547473100666146
다사63005000,127.08253911237503,37.54972643878764
다사63004425,127.08282779707895,37.49789944301011
다사63004450,127.08281526093914,37.50015280017223
다사63004475,127.08280272340326,37.50240615646905
다사63004500,127.08279018447121,37.50465951190057
다사63004325,127.08287792768122,37.488886005709084
다사63004350,127.0828653971239,37.491139366332185
다사63004375,127.08285286517116,37.49339272609007
다사63004400,127.08284033182294,37.49564608498272
다사63004625,127.08272746886213,37.51592627607784
다사63004650,127.08271492154944,37.518179626317114
다사63004675,127.08270237283938,37.520432975690944
다사63004700,127.0826898227318,37.52268632419933
다사63004525,127.08277764414278,37.506912866466756
다사63004550,127.08276510241781,37.509166220167586
다사63004575,127.08275255929617,37.51141957300307
다사63004600,127.08274001477767,37.51367292497315
다사62755275,127.07956967265105,37.57450305202652
다사62755300,127.07955700364874,37.57675637894589
다사62755325,127.07954433323533,37.57900970499931
다사62755350,127.07953166141061,37.58126303018674
다사62755175,127.07962033455217,37.56548973568985
다사62755200,127.07960767119275,37.567743066072865
다사62755225,127.07959500642288,37.56999639559
다사62755250,127.07958234024234,37.57224972424123
다사62755475,127.07946828111166,37.59252964313363
다사62755500,127.07945560081565,37.594782963124835
다사62755525,127.07944291910717,37.597036282249945
다사62755550,127.07943023598605,37.59928960050892
다사62755375,127.07951898817441,37.58351635450818
다사62755400,127.07950631352661,37.58576967796361
다사62755425,127.07949363746697,37.588023000553
다사62755450,127.07948095999538,37.59027632227636
다사62754875,127.07977218490898,37.53844970356127
다사62754900,127.07975953846226,37.54070304433349
다사62754925,127.07974689060704,37.54295638424004
다사62754950,127.07973424134319,37.545209723280905
다사62754775,127.07982275661446,37.52943633181608
다사62754800,127.07981011579997,37.53168967605079
다사62754825,127.07979747357768,37.5339430194199
다사62754850,127.0797848299474,37.536196361923395
다사62755075,127.07967097388844,37.55647640549932
다사62755100,127.07965831616926,37.558729739345694
다사62755125,127.07964565704026,37.56098307232626
다사62755150,127.07963299650127,37.563236404440985
다사62754975,127.07972159067053,37.54746306145607
다사62755000,127.07970893858888,37.54971639876551
다사62755025,127.07969628509811,37.55196973520922
다사62755050,127.079683630198,37.554223070787145
다사62756075,127.07916356382961,37.64660908384213
다사62756100,127.07915084958843,37.648862383041944
다사62756125,127.07913813393075,37.65111568137522
다사62756150,127.07912541685646,37.65336897884194
다사62755975,127.07921440663303,37.63759587837794
다사62756000,127.07920169805605,37.63984918104368
다사62756025,127.07918898806327,37.64210248284298
다사62756050,127.07917627665451,37.6443557837758
다사62756275,127.07906181022955,37.664635453176714
다사62756300,127.07904908465193,37.66688874544377
다사62756325,127.07903635765649,37.669142036844136
다사62756350,127.07902362924307,37.671395327377816
다사62756175,127.07911269836536,37.6556222754421
다사62756200,127.07909997845728,37.65787557117568
다사62756225,127.07908725713206,37.66012886604265
다사62756250,127.07907453438956,37.662382160043
다사62755675,127.0793667991852,37.610556178811414
다사62755700,127.0793541075848,37.61280949187331
다사62755725,127.07934141457059,37.615062804068934
다사62755750,127.07932872014244,37.61731611539832
다사62755575,127.07941755145215,37.60154291790177
다사62755600,127.07940486550528,37.60379623442846
다사62755625,127.07939217814528,37.606049550088976
다사62755650,127.07937948937197,37.6083028648833
다사62755875,127.07926522678632,37.62858265905064
다사62755900,127.07925252387086,37.63083596518206
다사62755925,127.07923981954026,37.633089270447094
다사62755950,127.0792271137944,37.63534257484573
다사62755775,127.07931602430016,37.61956942586142
다사62755800,127.07930332704356,37.62182273545822
다사62755825,127.07929062837249,37.6240760441887
다사62755850,127.07927792828681,37.62632935205284
다사53004200,126.96984365306268,37.47716585551014
다사53004225,126.96982773371916,37.47941918376565
다사53004250,126.96981181260296,37.48167251115385
다사53004275,126.96979588971385,37.48392583767475
다사53004100,126.96990731271443,37.468152533815484
다사53004125,126.96989140045946,37.470405865540016
다사53004150,126.96987548643264,37.4726591963973
다사53004175,126.96985957063379,37.47491252638736
다사53004400,126.96971624866815,37.495192457268814
다사53004425,126.96970031513747,37.497445778585416
다사53004450,126.96968437983249,37.499699099034565
다사53004475,126.96966844275293,37.501952418616256
다사53004300,126.96977996505171,37.486179163328295
다사53004325,126.96976403861629,37.48843248811451
다사53004350,126.96974811040734,37.490685812033334
다사53004375,126.9697321804247,37.49293913508479
다사52755850,126.96595615255711,37.62587087081956
다사52755875,126.96594003025312,37.62812414076013
다사52755900,126.96592390615308,37.63037740983212
다사53003875,126.97005044331135,37.44787250927283
다사52755750,126.9660206238172,37.6168577823719
다사52755775,126.96600450869516,37.61911105578659
다사52755800,126.96598839177793,37.62136432833277
다사52755825,126.96597227306532,37.623617600010434
다사53004000,126.96997094402026,37.45913919824555
다사53004025,126.96995503885049,37.46139253343878
다사53004050,126.96993913190974,37.46364586776486
다사53004075,126.96992322319781,37.46589920122377
다사53003900,126.97003454699345,37.45012584880153
다사53003925,126.97001864890561,37.452379187463166
다사53003950,126.9700027490476,37.45463252525773
다사53003975,126.96998684741921,37.45688586218519
다사53005000,126.96933335379462,37.549271929414395
다사53005025,126.9693173776224,37.55152522990716
다사53005050,126.96930139967084,37.55377852953204
다사53005075,126.96928541993971,37.556031828289
다사53004900,126.96939724069422,37.5402587187648
다사53004925,126.96938127163729,37.54251202272894
다사53004950,126.96936530080187,37.54476532582526
다사53004975,126.9693493281877,37.547018628053756
다사53005200,126.96920549458345,37.56729830905457
다사53005225,126.96918950417057,37.5695516026037
다사53005250,126.96917351197672,37.57180489528479
다사53005275,126.9691575180016,37.57405818709781
다사53005100,126.96926943842882,37.55828512617804
다사53005125,126.96925345513797,37.56053842319914
다사53005150,126.96923747006693,37.56279171935226
다사53005175,126.96922148321548,37.56504501463741
다사53004600,126.96958873072988,37.51321900351206
다사53004625,126.96957278299875,37.51547231788856
다사53004650,126.9695568334916,37.51772563139748
다사53004675,126.96954088220824,37.519978944038776
다사53004500,126.96965250389864,37.50420573733046
다사53004525,126.96963656326942,37.50645905517717
다사53004550,126.96962062086503,37.50871237215633
다사53004575,126.96960467668525,37.51096568826797
다사53004800,126.96946109914104,37.53124549423042
다사53004825,126.96944513719606,37.53349880166564
다사53004850,126.9694291734734,37.53575210823312
다사53004875,126.96941320797286,37.53800541393285
다사53004700,126.96952492914848,37.52223225581244
다사53004725,126.96950897431206,37.52448556671845
다사53004750,126.96949301769884,37.5267388767568
다사53004775,126.96947705930857,37.528992185927464
다사52754650,126.96672791517835,37.51771289258696
다사52754675,126.96671187883464,37.51996620419759
다사52754700,126.96669584070507,37.5222195149405
다사52754725,126.96667980078938,37.5244728248157
다사52754550,126.96679204269847,37.50869963746795
다사52754575,126.9667760134962,37.51095295254915
다사52754600,126.96675998250892,37.51320626676273
다사52754625,126.96674394973637,37.515459580108676
다사52754850,126.96659957441213,37.53573936117541
다사52754875,126.96658352377541,37.53799266584396
다사52754900,126.96656747135115,37.54024596964468
다사52754925,126.96655141713913,37.54249927257752
다사52754750,126.9666637590874,37.526726133823175
다사52754775,126.96664771559887,37.52897944196291
다사52754800,126.96663167032364,37.531232749234874
다사52754825,126.96661562326146,37.53348605563904
다사52754250,126.96698425396798,37.481659788826015
다사52754275,126.96696824616993,37.4839131143172
다사52754300,126.96695223658938,37.486166438940984
다사52754325,126.96693622522608,37.48841976269735
다사52754150,126.96704826733892,37.47264647818769
다사52754175,126.96703226666894,37.47489980714827
다사52754200,126.96701626421725,37.47715313524153
다사52754225,126.96700025998366,37.47940646246745
다사52754450,126.96685614166114,37.49968636846733
다사52754475,126.96684011959698,37.501939687018826
다사52754500,126.96682409574863,37.50419300470277
다사52754525,126.96680807011585,37.506446321519164
다사52754350,126.96692021207984,37.49067308558629
다사52754375,126.96690419715044,37.492926407607776
다사52754400,126.96688818043765,37.4951797287618
다사52754425,126.96687216194128,37.49743304904831
다사52755450,126.96621386533576,37.589818433659175
다사52755475,126.96619777173922,37.592071717494456
다사52755500,126.96618167635008,37.59432500046146
다사52755525,126.96616557916806,37.59657828256016
다사52755350,126.96627822179983,37.5808052896356
다사52755375,126.96626213537171,37.58305857694382
다사52755400,126.96624604715178,37.58531186338384
다사52755425,126.96622995713989,37.587565148955626
다사52755650,126.96608506635798,37.60784468002851
다사52755675,126.9660689584145,37.61009795691703
다사52755700,126.96605284867667,37.6123512329371
다사52755725,126.96603673714432,37.614604508088725
다사52755550,126.966149480193,37.59883156379054
다사52755575,126.96613337942468,37.60108484415258
다사52755600,126.96611727686286,37.603338123646274
다사52755625,126.96610117250738,37.60559140227159
다사52755050,126.96647111925483,37.55376577422322
다사52755075,126.96645505431168,37.55601907194853
다사52755100,126.96643898757925,37.55827236880585
다사52755125,126.9664229190574,37.560525664795165
다사52754950,126.9665353611391,37.54475257464249
다사52754975,126.96651930335084,37.54700587583957
다사52755000,126.9665032437742,37.549259176168725
다사52755025,126.96648718240893,37.551512475629956
다사52755250,126.96634254959868,37.571792131720954
다사52755275,126.96632647033559,37.57404542250183
다사52755300,126.96631038928155,37.57629871241458
다사52755325,126.96629430643635,37.57855200145918
다사52755150,126.96640684874585,37.56277895991644
다사52755175,126.9663907766444,37.56503225416968
다사52755200,126.96637470275287,37.56728554755485
다사52755225,126.96635862707103,37.56953884007196
다사52505175,126.96356007186343,37.56501942583546
다사52505200,126.96354391271261,37.56727271818318
다사52505225,126.963527751762,37.56952600966276
다사52505250,126.96351158901138,37.57177930027419
다사52505075,126.96362469047287,37.55600624776353
다사52505100,126.96360853851915,37.558259543583645
다사52505125,126.96359238476647,37.56051283853567
다사52505150,126.96357622921465,37.562766132619615
다사52505375,126.96343074825057,37.583045740308215
다사52505400,126.96341457469538,37.58529902571029
다사52505425,126.96339839933869,37.58755231024407
다사52505450,126.9633822221803,37.589805593909546
다사52505275,126.96349542446052,37.57403259001742
다사52505300,126.96347925810922,37.57628587889246
다사52505325,126.96346308995727,37.57853916689929
다사52505350,126.96344692000446,37.58079245403789
다사52504775,126.9638183736759,37.52896663021965
다사52504800,126.96380224329316,37.53121993645514
다사52504825,126.963786111114,37.53347324182277
다사52504850,126.96376997713818,37.53572654632254
다사52504675,126.96388287724695,37.5199533965996
다사52504700,126.96386675404777,37.52220670630629
다사52504725,126.963850629053,37.5244600151452
다사52504750,126.96383450226244,37.52671332311634
다사52504975,126.9636892803024,37.546993055802794
다사52505000,126.96367313554241,37.54924635509499
다사52505025,126.96365698898428,37.55149965351919
다사52505050,126.96364084062783,37.553752951075374
다사52504875,126.96375384136556,37.53797984995443
다사52504900,126.96373770379587,37.54023315271843
다사52504925,126.96372156442894,37.54248645461449
다사52504950,126.96370542326451,37.54473975564262
다사52505975,126.96304208528173,37.63712435027304
다사52753875,126.96722415717683,37.44785980238331
다사52753900,126.96720817609169,37.45011314088323
다사52753925,126.96719219322712,37.452366478516005
다사52505875,126.96310693461946,37.628111283353796
다사52505900,126.96309072499388,37.630364551386606
다사52505925,126.96307451356252,37.63261781855076
다사52505950,126.96305830032522,37.63487108484624
다사52754050,126.96711225220612,37.4636331536725
다사52754075,126.96709625866083,37.46588648610219
다사52754100,126.96708026333465,37.46813981766462
다사52754125,126.96706426622742,37.4703931483598
다사52753950,126.96717620858296,37.45461981528165
다사52753975,126.96716022215901,37.45687315118013
다사52754000,126.96714423395501,37.45912648621145
다사52754025,126.96712824397079,37.461379820375576
다사52505575,126.96330130935516,37.601071999211655
다사52505600,126.96328512138203,37.603325277666904
다사52505625,126.9632689316057,37.605578555253715
다사52505650,126.96325274002594,37.607831831972064
다사52505475,126.96336604321996,37.59205887670668
다사52505500,126.9633498624575,37.5943121586355
다사52505525,126.96333367989271,37.59656543969594
다사52505550,126.96331749552533,37.598818719887994
다사52505775,126.96317175506853,37.619098202536385
다사52505800,126.96315555266384,37.62135147404363
다사52505825,126.96313934845423,37.62360474468229
다사52505850,126.96312314243951,37.62585801445236
다사52505675,126.96323654664256,37.610085107821945
다사52505700,126.96322035145533,37.61233838280334
다사52505725,126.96320415446408,37.614591656916225
다사52505750,126.96318795566854,37.616844930160575
다사52255875,126.96027384079133,37.62809835792734
다사52255900,126.9602575456404,37.63035162491546
다사52255925,126.96024124867417,37.632604891034866
다사52255950,126.96022494989244,37.634858156285546
다사52255775,126.96033900324659,37.61908528128803
다사52255800,126.96032271535465,37.621338551750846
다사52255825,126.96030642564824,37.623591821345
다사52255850,126.96029013412722,37.62584509007052
다사52256075,126.9601434287439,37.64612446950724
다사52503800,126.96444605964727,37.44108701031249
다사52503825,126.96442999916029,37.44334035037955
다사52503850,126.96441393688511,37.44559368957948
다사52255975,126.96020864929503,37.63711142066747
다사52256000,126.96019234688166,37.63936468418061
다사52256025,126.96017604265215,37.641617946824965
다사52256050,126.96015973660631,37.643871208600515
다사52255475,126.96053431650286,37.592045967986685
다사52255500,126.96051805036731,37.594299248871806
다사52255525,126.9605017824199,37.5965525288885
다사52255550,126.96048551266043,37.59880580803675
다사52255375,126.9605993629307,37.58303283576236
다사52255400,126.96058310404048,37.585286120121
다사52255425,126.96056684333922,37.587539403611274
다사52255450,126.96055058082676,37.589792686233174
다사52255675,126.96040413667447,37.6100721907507
다사52255700,126.96038785603807,37.612325464687906
다사52255725,126.9603715735881,37.614578737756545
다사52255750,126.96035528932434,37.61683200995659
다사52255575,126.96046924108867,37.60105908631653
다사52255600,126.96045296770441,37.603312363727845
다사52255625,126.96043669250743,37.605565640270655
다사52255650,126.96042041549754,37.607818915944954
다사52504375,126.96407621565955,37.49291361243975
다사52504400,126.96406011399074,37.49516693255827
다사52504425,126.96404401052891,37.497420251809245
다사52504450,126.96402790527381,37.49967357019264
다사52504275,126.96414060440854,37.48390032329052
다사52504300,126.9641245099098,37.48615364687905
다사52504325,126.96410841361885,37.48840696960013
다사52504350,126.96409231553551,37.49066029145369
다사52504575,126.96394735209223,37.510940149095475
다사52504600,126.96393123607322,37.51319346227307
다사52504625,126.96391511825946,37.51544677458296
다사52504650,126.96389899865079,37.51770008602515
다사52504475,126.96401179822526,37.501926887708464
다사52504500,126.96399568938305,37.50418020435667
다사52504525,126.96397957874693,37.50643352013726
다사52504550,126.96396346631673,37.508686835050185
다사52503975,126.9643335986788,37.456860372571654
다사52504000,126.96431752567,37.45911370656845
다사52504025,126.96430145087152,37.46136703969801
다사52504050,126.96428537428316,37.46362037196029
다사52503875,126.96439787282151,37.447847027912275
다사52503900,126.9643818069693,37.45010036537791
다사52503925,126.96436573932823,37.45235370197636
다사52503950,126.96434966989816,37.454607037707625
다사52504175,126.96420496448577,37.47488702026197
다사52504200,126.96418887715372,37.47714034732024
다사52504225,126.96417278803031,37.47939367351109
다사52504250,126.96415669711531,37.48164699883452
다사52504075,126.96426929590471,37.465873703355285
다사52504100,126.96425321573597,37.46812703388296
다사52504125,126.9642371337767,37.47038036354332
다사52504150,126.96422105002671,37.47263369233633
다사52254275,126.96131296443914,37.48388746459486
다사52254300,126.96129678502243,37.48614078714267
다사52254325,126.96128060380404,37.488394108822945
다사52254350,126.96126442078379,37.49064742963567
다사52254175,126.96137766409377,37.474874165728586
다사52254200,126.96136149188153,37.47712749174637
다사52254225,126.96134531786849,37.479380816896686
다사52254250,126.96132914205444,37.48163414117952
다사52254475,126.96118347864721,37.5019140206853
다사52254500,126.96116728481132,37.50416733629229
다사52254525,126.9611510891721,37.50642065103158
다사52254550,126.96113489172934,37.50867396490318
다사52254375,126.96124823596148,37.49290074958082
다사52254400,126.96123204933687,37.49515406865838
다사52254425,126.96121586090976,37.49740738686831
다사52254450,126.96119967067995,37.499660704210626
다사52253875,126.9615715902548,37.447834185859826
다사52253900,126.96155543963575,37.45008752228571
다사52253925,126.96153928721841,37.45234085784437
다사52253950,126.96152313300259,37.45459419253577
다사52006150,126.95726046094136,37.652871242012395
다사52253800,126.9616200313245,37.441074171378894
다사52253825,126.96160388609898,37.4433275104064
다사52253850,126.96158773907582,37.44558084856672
다사52254075,126.96144233493891,37.465860852983205
다사52254100,126.96142616992778,37.46811418247064
다사52254125,126.96141000311668,37.47036751109071
다사52254150,126.96139383450542,37.47262083884336
다사52253975,126.96150697698808,37.45684752635987
다사52254000,126.96149081917466,37.45910085931669
다사52254025,126.96147465956216,37.4613541914062
다사52254050,126.96145849815028,37.46360752262837
다사52255075,126.96079432843283,37.55599335573413
다사52255100,126.96077809125802,37.55824665051154
다사52255125,126.96076185227476,37.56049994442082
다사52255150,126.96074561148285,37.56275323746193
다사52254975,126.96085925905186,37.546980167943566
다사52255000,126.9608430291087,37.54923346619332
다사52255025,126.96082679735795,37.551486763575
다사52255050,126.96081056379938,37.553740060088614
다사52255275,126.9606643803859,37.57401968964471
다사52255300,126.96064812873755,37.57627297747655
다사52255325,126.96063187527902,37.578526264440136
다사52255350,126.96061562001016,37.58077955053541
다사52255175,126.96072936888206,37.56500652963491
다사52255200,126.96071312447216,37.567259820939675
다사52255225,126.960696878253,37.569513111376246
다사52255250,126.9606806302243,37.571766400944604
다사52254675,126.96105387745462,37.51994052124497
다사52254700,126.96103766918603,37.522193829909945
다사52254725,126.96102145911239,37.524447137707085
다사52254750,126.96100524723349,37.52670044463639
다사52254575,126.96111869248277,37.510927277907065
다사52254600,126.96110249143223,37.513180590043206
다사52254625,126.96108628857752,37.51543390131157
다사52254650,126.96107008391837,37.517687211712165
다사52254875,126.96092416075274,37.537966966264406
다사52254900,126.96090793803785,37.54022026798618
다사52254925,126.9608917135162,37.542473568839995
다사52254950,126.96087548718761,37.5447268688258
다사52254775,126.96098903354914,37.52895375069781
다사52254800,126.96097281805909,37.53120705589134
다사52254825,126.96095660076314,37.53346036021696
다사52254850,126.9609403816611,37.53571366367466
다사52005050,126.95798028877897,37.55372710126308
다사52005075,126.957963968201,37.55598039586047
다사52005100,126.9579476458053,37.5582336895897
다사52005125,126.95793132159166,37.56048698245073
다사52004950,126.9580455529179,37.54471391419212
다사52004975,126.95802923960868,37.54696721226204
다사52005000,126.95801292448259,37.549220509463844
다사52005025,126.95799660753943,37.551473805797535
다사52005250,126.95784967324695,37.57175343373235
다사52005275,126.9578333381212,37.57400672138383
다사52005300,126.957817001176,37.576260008167
다사52005325,126.95780066241116,37.57851329408183
다사52005150,126.95791499555989,37.56274027444355
다사52005175,126.95789866770974,37.56499356556813
다사52005200,126.95788233804102,37.56724685582448
다사52005225,126.9578660065535,37.56950014521255
다사52004650,126.95824117099058,37.517674269648154
다사52004675,126.9582248794671,37.519927578133824
다사52004700,126.95820858612933,37.52218088575161
다사52004725,126.95819229097704,37.5244341925015
다사52004550,126.95830631894567,37.50866102702707
다사52004575,126.9582900346773,37.510914338984065
다사52004600,126.95827374859546,37.51316765007326
다사52004625,126.95825746069995,37.51542096029461
다사52004850,126.95811078799036,37.53570071323186
다사52004875,126.95809448194646,37.53795401477399
다사52004900,126.95807817408657,37.540207315448086
다사52004925,126.95806186441045,37.54246061525414
다사52004750,126.95817599401003,37.52668749838348
다사52004775,126.95815969522805,37.52894080339753
다사52004800,126.95814339463094,37.53119410754362
다사52004825,126.95812709221845,37.533447410821736
다사52005850,126.9574571276298,37.62583209767417
다사52005875,126.9574407487783,37.62808536448088
다사52005900,126.95742436810222,37.63033863041882
다사52005925,126.95740798560132,37.63259189548799
다사52005750,126.95752262479415,37.61681902176009
다사52005775,126.95750625323888,37.619072292041665
다사52005800,126.95748987985988,37.62132556145455
다사52005825,126.9574735046569,37.62357882999872
다사52006050,126.95732604571717,37.64385820780149
다사52006075,126.9573096522629,37.6461114676576
다사52006100,126.95729325698233,37.64836472664481
다사52006125,126.95727685987521,37.65061798476307
다사52005950,126.95739160127539,37.63484515968837
다사52005975,126.95737521512424,37.63709842301992
다사52006000,126.95735882714762,37.63935168548263
다사52006025,126.95734243734535,37.641604947076495
다사52005450,126.95771894128465,37.58977971063021
다사52005475,126.95770259159738,37.59203299133461
다사52005500,126.95768624008898,37.59428627117055
다사52005525,126.95766988675919,37.596539550138
다사52005350,126.95778432182644,37.5807665791283
다사52005375,126.95776797942165,37.58301986330638
다사52005400,126.95775163519657,37.58527314661608
다사52005425,126.95773528915096,37.58752642905736
다사52005650,126.95758809278225,37.6078059319473
다사52005675,126.95757172851974,37.61005920570343
다사52005700,126.95755536243438,37.61231247859095
다사52005725,126.95753899452592,37.614565750609835
다사52005550,126.95765353160783,37.59879282823694
다사52005575,126.95763717463467,37.601046105467354
다사52005600,126.95762081583949,37.60329938182923
다사52005625,126.95760445522208,37.60555265732255
다사51755875,126.95460765858984,37.62807230301456
다사51755900,126.95459119238883,37.63032556789682
다사51755925,126.95457472435348,37.63257883191025
다사51755950,126.95455825448359,37.63483209505482
다사51755775,126.9546735050549,37.61905923479741
다사51755800,126.95465704618904,37.62131250315486
다사51755825,126.95464058548973,37.62356577064355
다사51755850,126.95462412295674,37.625819037263454
다사51756075,126.95447587760825,37.6460983977441
다사51756100,126.95445939672648,37.64835165567513
다사51756125,126.95444291400864,37.65060491273715
다사51756150,126.95442642945453,37.65285816893018
다사51755975,126.95454178277892,37.63708535733051
다사51756000,126.95452530923927,37.63933861873729
다사51756025,126.9545088338644,37.64159187927516
다사51756050,126.95449235665414,37.643845138944116
다사51755475,126.95487086851305,37.59201994675058
다사51755500,126.954854431632,37.594273225531836
다사51755525,126.95483799292005,37.59652650344455
다사51755550,126.95482155237703,37.59877978048869
다사51755375,126.95493659773288,37.583006822940405
다사51755400,126.95492016817319,37.58526010519568
다사51755425,126.95490373678345,37.58751338658248
다사51755450,126.9548873035635,37.5897666671008
다사51755675,126.9547393221879,37.61004615268026
다사51755700,126.95472287065375,37.612299424512614
다사51755725,126.95470641728704,37.61455269547626
다사51755750,126.95468996208747,37.6168059655712
다사51755575,126.95480511000267,37.60103305666425
다사51755600,126.9547886657968,37.603286331971205
다사51755625,126.95477221975918,37.605539606409536
다사51755650,126.95475577188962,37.60779287997922
다사52004250,126.95850158879479,37.481621215861146
다사52004275,126.95848532627117,37.483874538230346
다사52004300,126.95846906193667,37.48612785973196
다사52004325,126.95845279579106,37.48838118036598
다사52004150,126.9585666207845,37.47260791770891
다사52004175,126.95855036550236,37.474861243548254
다사52004200,126.95853410841015,37.47711456852009
다사52004225,126.95851784950771,37.47936789262439
다사52004450,126.95837143788899,37.49964777052141
다사52004475,126.95835516087227,37.50190108594945
다사52004500,126.95833888204297,37.50415440050975
다사52004525,126.95832260140082,37.50640771420229
다사52004350,126.95843652783415,37.49063450013239
다사52004375,126.95842025806569,37.49288781903114
다사52004400,126.95840398648548,37.49514113706224
다사52004425,126.95838771309333,37.49739445422567
다사52003850,126.95876154306437,37.44556793997814
다사52003875,126.95874530948615,37.44782127622611
다사52003900,126.95872907410046,37.45007461160678
다사52003925,126.95871283690705,37.452327946120164
다사51756175,126.95440994306395,37.65511142425418
다사52003775,126.95881023295618,37.438807926030734
다사52003800,126.95879400479919,37.44106126488043
다사52003825,126.95877777483533,37.443314602862905
다사52004050,126.95863162381694,37.46359460567688
다사52004075,126.95861537577285,37.465847934986066
다사52004100,126.95859912591953,37.4681012634278
다사52004125,126.95858287425683,37.4703545910021
다사52003950,126.9586965979057,37.454581279766224
다사52003975,126.95868035709626,37.456834612544924
다사52004000,126.95866411447844,37.4590879444563
다사52004025,126.95864787005209,37.46134127550028
다사51754275,126.9556576899141,37.48386154419711
다사51754300,126.95564134066204,37.48611486464705
다사51754325,126.95562498958942,37.48836818422933
다사51754350,126.95560863669603,37.49062150294393
다사51754175,126.95572306872097,37.47484825372111
다사51754200,126.95570672674901,37.47710157764151
다사51754225,126.95569038295739,37.47935490069432
다사51754250,126.9556740373458,37.48160822287952
다사51754475,126.95552684490995,37.50188808350106
다사51754500,126.95551048108742,37.504141397009185
다사51754525,126.95549411544259,37.5063947096495
다사51754550,126.9554777479753,37.50864802142197
다사51754375,126.95559228198165,37.49287482079083
다사51754400,126.95557592544607,37.49512813777
다사51754425,126.95555956708907,37.497381453881445
다사51754450,126.95554320691042,37.499634769125144
다사51753875,126.95591903052501,37.44780829901123
다사51753900,126.95590271037288,37.450061633341235
다사51753925,126.9558863884036,37.45231496680387
다사51753950,126.95587006461696,37.45456829939913
다사51753775,126.9559842929664,37.438794953017975
다사51753800,126.9559679800807,37.441048290817236
다사51753825,126.95595166537872,37.44330162774922
다사51753850,126.95593534886024,37.44555496381389
다사51754075,126.95578841841596,37.465834949363995
다사51754100,126.95577208372072,37.468088276754564
다사51754125,126.9557557472066,37.47034160327762
다사51754150,126.95573940887343,37.47259492893314
다사51753975,126.95585373901275,37.456821631126964
다사51754000,126.95583741159076,37.459074961987405
다사51754025,126.95582108235078,37.4613282919804
다사51754050,126.9558047512926,37.46358162110594
다사51755075,126.9551336097869,37.5559673681427
다사51755100,126.95511720217053,37.55822066081825
다사51755125,126.95510079272674,37.56047395262554
다사51755150,126.95508438145531,37.56272724356457
다사51754975,126.95519922198237,37.54695418875832
다사51755000,126.95518282167357,37.5492074849067
다사51755025,126.9551664195382,37.55146078018691
다사51755050,126.95515001557607,37.55371407459891
다사51755275,126.95500229767595,37.57399368523492
다사51755300,126.95498587543412,37.57624697096392
다사51755325,126.95496945136314,37.57850025582451
다사51755350,126.95495302546281,37.58075353981668
다사51755175,126.95506796835603,37.564980533635286
다사51755200,126.95505155342865,37.567233822837714
다사51755225,126.95503513667299,37.569487111171796
다사51755250,126.95501871808882,37.571740398637544
다사51754675,126.9553958832939,37.5199145672663
다사51754700,126.95537950488716,37.522167873831414
다사51754725,126.95536312465643,37.52442117952857
다사51754750,126.95534674260149,37.52667448435775
다사51754575,126.95546137868527,37.510901332326604
다사51754600,126.95544500757234,37.51315464236338
다사51754625,126.95542863463628,37.51540795153226
다사51754650,126.95541225987688,37.51766125983323
다사51754875,126.9552648049562,37.53794099548333
다사51754900,126.95524841195153,37.540194295104264
다사51754925,126.95523201712112,37.54244759385709
다사51754950,126.95521562046483,37.54470089174176
다사51754775,126.95533035872211,37.52892778831893
다사51754800,126.95531397301815,37.53118109141211
다사51754825,126.9552975854893,37.53343439363724
다사51754850,126.95528119613537,37.53568769499432
다사51505100,126.9522867603632,37.55820756419731
다사51505125,126.95227026568948,37.56046085494539
다사51505150,126.9522537691786,37.56271414482512
다사51505175,126.95223727083037,37.5649674338365
다사51505000,126.95235272069112,37.54919439252203
다사51505025,126.95233623336378,37.551447686743266
다사51505050,126.95231974420012,37.55370098009623
다사51505075,126.95230325320003,37.555954272580934
다사51505300,126.95215475152139,37.57623386586745
다사51505325,126.9521382421445,37.57848714966833
다사51505350,126.95212173092878,37.58074043260071
다사51505375,126.95210521787392,37.58299371466459
다사51505200,126.95222077064457,37.567220721979524
다사51505225,126.952204268621,37.56947400925414
다사51505250,126.95218776475943,37.571727295660345
다사51505275,126.95217125905961,37.57398058119812
다사51504700,126.95255042546898,37.522154794149486
다사51504725,126.95253396016,37.52440809878843
다사51504750,126.95251749301737,37.52666140255933
다사51504775,126.95250102404083,37.52891470546217
다사51504600,126.95261626837235,37.513141566913696
다사51504625,126.95259981039595,37.51539487502461
다사51504650,126.95258335058674,37.517648182267564
다사51504675,126.95256688894449,37.519901488642525
다사51504900,126.95241865164218,37.54018120695484
다사51504925,126.95240217165774,37.542434504648945
다사51504950,126.9523856898379,37.54468780147485
다사51504975,126.95236920618242,37.54694109743255
다사51504800,126.95248455323018,37.53116800749694
다사51504825,126.9524680805852,37.5334213086636
다사51504850,126.9524516061057,37.53567460896215
다사51504875,126.95243512979141,37.53792790839257
다사51505900,126.95175801850978,37.63031243734959
다사51505925,126.95174146494021,37.63256570030178
다사51505950,126.95172490952655,37.63481896238505
다사51505975,126.95170835226857,37.63707222359938
다사51505800,126.9518242143517,37.62129937685195
다사51505825,126.95180766815626,37.62355264327966
다사51505850,126.95179112011759,37.625805908838515
다사51505875,126.95177457023553,37.6280591735285
다사51506100,126.9516255383067,37.64833851663623
다사51506125,126.95160896997838,37.65059177263652
다사51506150,126.95159239980426,37.65284502776773
다사51506175,126.95157582778407,37.65509828202987
다사51506000,126.9516917931661,37.639325483944745
다사51506025,126.95167523221889,37.64157874342113
다사51506050,126.95165866942672,37.64383200202851
다사51506075,126.9516421047894,37.64608525976689
다사51505500,126.95202262500591,37.59426011195581
다사51505525,126.95200610091202,37.596513388808305
다사51505550,126.95198957497752,37.598766664792166
다사51505575,126.95197304720222,37.60101993990735
다사51505400,126.9520887029798,37.58524699585995
다사51505425,126.95207218624616,37.58750027618677
다사51505450,126.95205566767275,37.58975355564504
다사51505475,126.95203914725941,37.59200683423471
다사51505700,126.95189038070576,37.612286302453
다사51505725,126.95187384188095,37.614539572355916
다사51505750,126.95185730121385,37.616792841390065
다사51505775,126.95184075870417,37.61904610955541
다사51505600,126.95195651758586,37.603273214153894
다사51505625,126.95193998612825,37.605526487531755
다사51505650,126.95192345282916,37.6077797600409
다사51505675,126.95190691768842,37.610033031681326
다사51255975,126.94887492360274,37.637059021826666
다사51256000,126.94885827893765,37.639312281105106
다사51256025,126.94884163241832,37.641565539514495
다사51256050,126.94882498404448,37.64381879705482
다사51255875,126.94894148372481,37.62804597602285
다사51255900,126.94892484647461,37.63029923877726
다사51255925,126.94890820737099,37.63255250066273
다사51255950,126.94889156641379,37.6348057616792
다사51256175,126.94874171435048,37.65508507171998
다사51256200,126.94872505484517,37.65733832404557
다사51256225,126.94870839348384,37.65959157550196
다사51503775,126.95315835479266,37.438781912446096
다사51256075,126.94880833381596,37.64607205372609
다사51256100,126.94879168173253,37.64832530952825
다사51256125,126.94877502779393,37.6505785644613
다사51256150,126.94875837200001,37.65283181852521
다사51255575,126.94914098624278,37.60100675519681
다사51255600,126.94912437121616,37.603260028377434
다사51255625,126.9491077543388,37.605513300689324
다사51255650,126.94909113561042,37.60776657213243
다사51255475,126.94920742784593,37.591993653787185
다사51255500,126.94919082022018,37.59424693044262
다사51255525,126.94917421074457,37.59650020622939
다사51255550,126.94915759941883,37.59875348114746
다사51255775,126.9490080141962,37.61903291631581
다사51255800,126.94899138435733,37.62128618254594
다사51255825,126.94897475266598,37.62353944790716
다사51255850,126.94895811912187,37.625792712399466
다사51255675,126.94907451503086,37.610019842706755
다사51255700,126.94905789259988,37.61227311241227
다사51255725,126.94904126831723,37.61452638124896
다사51255750,126.94902464218276,37.616779649216824
다사51504300,126.95281362120797,37.48610180188808
다사51504325,126.95279718520857,37.488355120413146
다사51504350,126.95278074737892,37.49060843807047
다사51504375,126.95276430771882,37.49286175486002
다사51504200,126.95287934690761,37.47708851911077
다사51504225,126.95286291822698,37.479341841106624
다사51504250,126.95284648771697,37.48159516223481
다사51504275,126.95283005537739,37.4838484824953
다사51504500,126.95268208195412,37.504128325790745
다사51504525,126.95266563130681,37.50638163737334
다사51504550,126.95264917882758,37.50863494808804
다사51504575,126.95263272451615,37.51088825793484
다사51504400,126.95274786622808,37.4951150707818
다사51504425,126.95273142290645,37.497368385835784
다사51504450,126.95271497775371,37.49962170002195
다사51504475,126.9526985307697,37.50187501334027
다사51503900,126.95307634846245,37.450048587489206
다사51503925,126.95305994171751,37.45230191989563
다사51503950,126.95304353314579,37.45455525143462
다사51503975,126.95302712274707,37.456808582106106
다사51503800,126.95314195717852,37.441035249189454
다사51503825,126.95312555773862,37.44328858506547
다사51503850,126.95310915647278,37.445541920074106
다사51503875,126.95309275338079,37.447795254215364
다사51504100,126.95294504334073,37.46807522245106
다사51504125,126.95292862197545,37.47032854791741
다사51504150,126.95291219878162,37.472581872516145
다사51504175,126.9528957737591,37.474835196247284
다사51504000,126.9530107105211,37.45906191191014
다사51504025,126.95299429646772,37.46131524084667
다사51504050,126.95297788058664,37.463568568915676
다사51504075,126.95296146287775,37.46582189611716
다사51254375,126.94993633528667,37.49284862123887
다사51254400,126.94991980884096,37.49510193609777
다사51254425,126.9499032805549,37.497355250088795
다사51254450,126.94988675042832,37.49960856321196
다사51254275,126.95000242267045,37.48383535312504
다사51254300,126.94998590358394,37.48608867145518
다사51254325,126.94996938265793,37.48834198891757
다사51254350,126.94995285989225,37.49059530551212
다사51254575,126.94980407217943,37.510875115808865
다사51254600,126.94978753100497,37.513128423724346
다사51254625,126.94977098798844,37.51538173077181
다사51254650,126.94975444312962,37.51763503695126
다사51254475,126.94987021846094,37.50186187546721
다사51254500,126.94985368465258,37.50411518685455
다사51254525,126.94983714900302,37.50636849737394
다사51254550,126.94982061151207,37.50862180702539
다사51253975,126.95020050830858,37.45679546548249
다사51254000,126.95018401127886,37.45904879422465
다사51254025,126.95016751241228,37.46130212209924
다사51254050,126.9501510117086,37.46355544910625
다사51253875,126.95026647806294,37.44778214183862
다사51253900,126.9502499883786,37.45003547405084
다사51253925,126.95023349685823,37.45228880539557
다사51253950,126.95021700350162,37.4545421358728
다사51254175,126.95006848062614,37.4748220711269
다사51254200,126.95005196889537,37.47707539292802
다사51254225,126.95003545532595,37.479328713861435
다사51254250,126.95001893991771,37.48158203392711
다사51254075,126.95013450916758,37.465808775245655
다사51254100,126.95011800478905,37.468062100517436
다사51254125,126.95010149857279,37.47031542492159
다사51254150,126.95008499051856,37.47256874845809
다사51255175,126.94940657514228,37.56495426617192
다사51255200,126.94938998969828,37.567207553250036
다사51255225,126.94937340240702,37.56946083945969
다사51255250,126.94935681326822,37.571714124800884
다사51255075,126.94947289844984,37.55594110917531
다사51255100,126.9494563203928,37.55819439972705
다사51255125,126.94943974048932,37.560447689410424
다사51255150,126.94942315873922,37.562700978225365
다사51255375,126.94927383985426,37.58298053847905
다사51255400,126.94925723962592,37.58523381860901
다사51255425,126.94924063754858,37.58748709787035
다사51255450,126.94922403362197,37.589740376263094
다사51255275,126.94934022228175,37.573967409273564
다사51255300,126.94932362944733,37.57622069287774
다사51255325,126.94930703476473,37.578473975613406
다사51255350,126.9492904382338,37.58072725748051
다사51254775,126.94967169119366,37.528901554827364
다사51254800,126.94965513527657,37.53115485579825
다사51254825,126.94963857751569,37.53340815590096
다사51254850,126.94962201791077,37.53566145513548
다사51254675,126.94973789642829,37.51988834226265
다사51254700,126.94972134788425,37.522141646705975
다사51254725,126.94970479749729,37.5243949502812
다사51254750,126.94968824526715,37.52664825298835
다사51254975,126.94953919221832,37.54692793828488
다사51255000,126.94952262154472,37.549181232309955
다사51255025,126.9495060490256,37.551434525466746
다사51255050,126.94948947466072,37.55368781775518
다사51254875,126.94960545646161,37.53791475350183
다사51254900,126.94958889316801,37.54016805099997
다사51254925,126.94957232802975,37.54242134762986
다사51254950,126.9495557610466,37.54467464339151
다사51005250,126.94652586362476,37.571700886059276
다사51005275,126.9465091873518,37.57395416946137
다사51005300,126.9464925092214,37.576207451994925
다사51005325,126.94647582923335,37.57846073365988
다사51005150,126.9465925501467,37.56268774376544
다사51005175,126.94657588130129,37.56494103064166
다사51005200,126.94655921059928,37.567194316649385
다사51005225,126.94654253804052,37.569447601788596
다사51005450,126.94639240142065,37.5897271289551
다사51005475,126.94637571028211,37.5919804054081
다사51005500,126.94635901728438,37.59423368099239
다사51005525,126.94634232242724,37.596486955707945
다사51005350,126.94645914738743,37.58071401445623
다사51005375,126.94644246368341,37.58296729438393
다사51005400,126.9464257781211,37.58522057344299
다사51005425,126.94640909070024,37.58747385163338
다사51004850,126.94679243156008,37.53564823351448
다사51004875,126.94677578497628,37.53790153081126
다사51004900,126.94675913653855,37.54015482723977
다사51004925,126.94674248624665,37.54240812279998
다사51004750,126.94685899936029,37.52663503564496
다사51004775,126.94684236019006,37.52888833641465
다사51004800,126.94682571916675,37.531141636316164
다사51004825,126.94680907629015,37.53339493534945
다사51005050,126.94665920696725,37.55367458757591
다사51005075,126.94664254554586,37.55592787792595
다사51005100,126.94662588226878,37.55818116740757
다사51005125,126.9466092171358,37.560434456020744
다사51004950,126.94672583410038,37.54466141749187
다사51004975,126.94670918009953,37.546914711315424
다사51005000,126.94669252424387,37.54916800427063
다사51005025,126.9466758665332,37.55142129635747
다사51006050,126.94599130051697,37.6438055240232
다사51006075,126.94597456469747,37.646058779621846
다사51006100,126.94595782701349,37.64831203435133
다사51006125,126.94594108746485,37.65056528821164
다사51005950,126.94605822515486,37.634792492937386
다사51005975,126.94604149679097,37.6370457520125
다사51006000,126.9460247665635,37.639299010218515
다사51006025,126.94600803447223,37.64155226755541
다사51253775,126.95033241844446,37.43876880431522
다사51253800,126.95031593610204,37.44102213999721
다사51253825,126.95029945192445,37.443275474811784
다사51253850,126.9502829659115,37.44552880875893
다사51006150,126.94592434605133,37.65281854120275
다사51006175,126.94590760277268,37.65507179332464
다사51006200,126.94589085762871,37.6573250445773
다사51006225,126.94587411061917,37.659578294960696
다사51005650,126.94625882024287,37.60775331625397
다사51005675,126.9462421142247,37.6100065857567
다사51005700,126.94622540634563,37.61225985439056
다사51005725,126.94620869660538,37.61451312215553
다사51005550,126.94632562571049,37.59874022955475
다사51005575,126.9463089271339,37.60099350253275
다사51005600,126.94629222669722,37.60324677464198
다사51005625,126.9462755244003,37.60550004588239
다사51005850,126.94612511997911,37.62577944794647
다사51005875,126.9461083990673,37.62803271049774
다사51005900,126.9460916762928,37.63028597217998
다사51005925,126.9460749516554,37.63253923299322
다사51005750,126.94619198500376,37.6167663890516
다사51005775,126.94617527154053,37.61901965507875
다사51005800,126.9461585562155,37.621272920236954
다사51005825,126.94614183902841,37.6235261845262
다사50756125,126.94310714900065,37.65055194388767
다사50756150,126.94309032196774,37.65280519580047
다사50756175,126.9430734930602,37.655058446844
다사50756200,126.94305666227778,37.65731169701822
다사50756025,126.94317443839014,37.64153892754404
다사50756050,126.94315761885366,37.64379218293378
다사50756075,126.94314079744339,37.646045437454305
다사50756100,126.94312397415912,37.648298691105616
다사51003850,126.94745677718579,37.445515629868495
다사51003875,126.94744020458089,37.447768961881145
다사51003900,126.94742363013076,37.450022293026265
다사51003925,126.94740705383518,37.45227562330385
다사51003750,126.9475230491573,37.4365022931429
다사51003775,126.94750648393119,37.43875562862549
다사51003800,126.94748991686072,37.44100896324064
다사51003825,126.94747334794566,37.443262296988316
다사50755725,126.94337612675488,37.61449979507574
다사50755750,126.94335932968634,37.61675306089453
다사50755775,126.94334253074666,37.61900632584434
다사50755800,126.94332572993568,37.621259589925124
다사50755625,126.9434432963223,37.605486723111085
다사50755650,126.94342650673602,37.60773999240565
다사50755675,126.94340971527951,37.60999326083129
다사50755700,126.94339292195252,37.612246528387985
다사50755925,126.94324169780295,37.6325258972934
다사50755950,126.94322488575928,37.63477915615978
다사50755975,126.94320807184276,37.63703241415703
다사50756000,126.94319125605311,37.63928567128512
다사50755825,126.94330892725313,37.62351285313691
다사50755850,126.94329212269881,37.62576611547964
다사50755875,126.94327531627246,37.62801937695331
다사50755900,126.94325850797392,37.6302726375579
다사51004450,126.94705852494367,37.49959535869531
다사51004475,126.94704190799317,37.50184866988202
다사51004500,126.94702528919225,37.504101980200744
다사51004525,126.94700866854063,37.50635528965147
다사51004350,126.94712497424547,37.49058210526905
다사51004375,126.94710836469461,37.49283541992749
다사51004400,126.94709175329416,37.49508873371802
다사51004425,126.94707514004392,37.49734204664064
다사51004650,126.94692553751501,37.51762182388445
다사51004675,126.94690890575482,37.51987512812679
다사51004700,126.94689227214248,37.522128431501
다사51004725,126.94687563667772,37.524381734007065
다사51004550,126.94699204603815,37.508608598234176
다사51004575,126.94697542168457,37.510861905948836
다사51004600,126.94695879547965,37.51311521279546
다사51004625,126.94694216742322,37.515368518774004
다사51004050,126.94732414466783,37.46354226167777
다사51004075,126.94730755729496,37.46579558674966
다사51004100,126.94729096807514,37.468048910953826
다사51004125,126.9472743770081,37.470302234290315
다사51003950,126.94739047569391,37.45452895271385
다사51003975,126.94737389570678,37.45678228125625
다사51004000,126.94735731387352,37.45903560893106
다사51004025,126.94734073019394,37.46128893573824
다사51004250,126.9471913939575,37.481568837956566
다사51004275,126.9471747918028,37.483822156086454
다사51004300,126.94715818779933,37.48607547334851
다사51004325,126.947141581947,37.4883287897427
다사51004150,126.94725778409365,37.47255555675908
다사51004175,126.94724118933159,37.474808878360115
다사51004200,126.9472245927217,37.47706219909338
다사51004225,126.94720799426375,37.47931551895888
다사50754525,126.94418018992914,37.506342014206034
다사50754550,126.94416348241535,37.50859532171451
다사50754575,126.94414677304101,37.5108486283549
다사50754600,126.94413006180588,37.513101934127185
다사50754425,126.94424700138295,37.49732877549143
다사50754450,126.94423030130926,37.499582086472145
다사50754475,126.94421359937587,37.50183539658482
다사50754500,126.94419689558256,37.50408870582947
다사50754725,126.94404647771074,37.52436844996609
다사50754750,126.94402975530629,37.526621750529266
다사50754775,126.94401303103952,37.528875050224194
다사50754800,126.94399630491023,37.53112834905084
다사50754625,126.94411334870972,37.51535523903131
다사50754650,126.94409663375237,37.51760854306729
다사50754675,126.94407991693357,37.519861846235095
다사50754700,126.9440631982531,37.52211514853471
다사50754125,126.94444725729082,37.470288976023724
다사50754150,126.94443057951638,37.47254229741928
다사50754175,126.94441389988488,37.474795617947045
다사50754200,126.94439721839609,37.47704893760698
다사50754025,126.94451394982215,37.46127568176381
다사50754050,126.94449727947382,37.4635290066304
다사50754075,126.94448060726931,37.46578233062926
다사50754100,126.94446393320838,37.46803565376037
다사50754325,126.94431378308518,37.488315522888726
다사50754350,126.94429709044806,37.49056883734135
다사50754375,126.94428039595213,37.492822150926024
다사50754400,126.94426369959717,37.49507546364272
다사50754225,126.94438053504982,37.47930225639909
다사50754250,126.94436384984579,37.48155557432333
다사50754275,126.94434716278383,37.483808891379695
다사50754300,126.9443304738637,37.48606220756817
다사50755325,126.94364462555981,37.57844742380789
다사50755350,126.94362785839913,37.580700703527974
다사50755375,126.94361108937086,37.58295398237936
다사50755400,126.94359431847477,37.58520726036203
다사50755225,126.94371167553102,37.569434296241
다사50755250,126.9436949158385,37.57168757943567
다사50755275,126.94367815427927,37.57394086176171
다사50755300,126.94366139085311,37.576194143219126
다사50755525,126.94351043596954,37.59647363724411
다사50755550,126.94349365386198,37.598726910014136
다사50755575,126.94347686988506,37.60098018191531
다사50755600,126.94346008403859,37.60323345294764
다사50755425,126.94357754571068,37.58746053747597
다사50755450,126.94356077107831,37.58971381372118
다사50755475,126.9435439945775,37.59196708909761
다사50755500,126.94352721620797,37.59422036360526
다사50754925,126.94391264631791,37.542394830159424
다사50754950,126.94389590900879,37.54464812377608
다사50754975,126.94387916983555,37.546901416524335
다사50755000,126.94386242879806,37.54915470840418
다사50754825,126.94397957691814,37.5333816470092
다사50754850,126.94396284706309,37.53563494409926
다사50754875,126.94394611534487,37.53788824032099
다사50754900,126.94392938176321,37.5401415356744
다사50755125,126.9437786956384,37.56042115477651
다사50755150,126.94376194341054,37.56267444144546
다사50755175,126.94374518931681,37.56492772724588
다사50755200,126.94372843335707,37.56718101217773
다사50755025,126.94384568589601,37.55140799941559
다사50755050,126.94382894112927,37.55366128955855
다사50755075,126.94381219449757,37.55591457883303
다사50755100,126.94379544600066,37.55816786723902
다사50505400,126.9407628606965,37.58519387936628
다사50505425,126.94074600258935,37.58744715539829
다사50505450,126.94072914260444,37.589700430561486
다사50505475,126.94071228074154,37.59195370485584
다사50505300,126.940830274352,37.5761807665505
다사50505325,126.94081342375365,37.57843404605757
다사50505350,126.94079657127841,37.58068732469591
다사50505375,126.94077971692613,37.582940602465484
다사50505600,126.94062794324972,37.60322006329457
다사50505625,126.94061107011433,37.60547333237557
다사50505650,126.94059419509942,37.6077266005876
다사50505675,126.94057731820476,37.60997986793066
다사50505500,126.94069541700046,37.594206978281356
다사50505525,126.94067855138096,37.596460250838014
다사50505550,126.94066168388282,37.59871352252577
다사50505575,126.94064481450583,37.600966793344625
다사50505000,126.94103233521672,37.54914134471074
다사50505025,126.94101550712358,37.55139463464124
다사50505050,126.94099867715622,37.5536479237032
다사50505075,126.94098184531441,37.55590121189666
다사50504900,126.94109962885152,37.54012817630396
다사50504925,126.94108280825303,37.54238146970834
다사50504950,126.94106598578122,37.54463476224428
다사50504975,126.94104916143587,37.546888053911744
다사50505200,126.9408976579811,37.5671676398352
다사50505225,126.94088081488802,37.56942092281704
다사50505250,126.94086396991895,37.57167420493021
다사50505275,126.94084712307368,37.57392748617471
다사50505100,126.94096501159797,37.55815449922155
다사50505125,126.94094817600663,37.56040778567786
다사50505150,126.94093133854018,37.56266107126557
다사50505175,126.9409144991984,37.5649143559847
다사50506200,126.94022246880196,37.65729828136847
다사50753750,126.94469720120682,37.4364890509667
다사50753775,126.94468055126231,37.438742385377054
다사50753800,126.944663899464,37.440995718919886
다사50506100,126.94029012317895,37.648285279791224
다사50506125,126.94027321241087,37.65053853148954
다사50506150,126.94025629975884,37.65279178231854
다사50506175,126.9402393852226,37.65504503227819
다사50753925,126.94458061265779,37.45226237362057
다사50753950,126.9445639497321,37.45451570195788
다사50753975,126.94454728495107,37.456769029427534
다사50754000,126.94453061831447,37.459022356029514
다사50753825,126.94464724581165,37.443249051595174
다사50753850,126.9446305903051,37.44550238340291
다사50753875,126.94461393294408,37.44775571434306
다사50753900,126.94459727372839,37.45000904441562
다사50505800,126.94049290552744,37.621246191610624
다사50505825,126.94047601734961,37.62349945373943
다사50505850,126.94045912729051,37.62575271499912
다사50505875,126.94044223534986,37.628005975389705
다사50505700,126.94056043943012,37.61223313440471
다사50505725,126.94054355877529,37.61448640000975
다사50505750,126.94052667624003,37.616739664745765
다사50505775,126.94050979182417,37.61899292861274
다사50506000,126.94035774741609,37.639272264305056
다사50506025,126.94034084418163,37.64152551948049
다사50506050,126.94032393906411,37.64377877378668
다사50506075,126.9403070320633,37.6460320272236
다사50505900,126.94042534152747,37.63025923491113
다사50505925,126.94040844582314,37.632512493563404
다사50505950,126.9403915482366,37.63476575134649
다사50505975,126.94037464876766,37.637019008260374
다사50503800,126.9418378839213,37.44098240703508
다사50503825,126.94182114553192,37.443235738632524
다사50503850,126.94180440527887,37.445489069362345
다사50503875,126.94178766316195,37.44774239922452
다사50256150,126.93742227943412,37.65277830075706
다사50256175,126.93740527926943,37.655031549627346
다사50503750,126.94187135510991,37.4364757412374
다사50503775,126.9418546204472,37.438729074570034
다사50504000,126.94170392461122,37.459009035520154
다사50504025,126.94168717130636,37.461262360176086
다사50504050,126.94167041613605,37.46351568396427
다사50504075,126.94165365910007,37.465769006884635
다사50503900,126.94177091918088,37.44999572821905
다사50503925,126.94175417333551,37.4522490563459
다사50503950,126.94173742562559,37.45450238360503
다사50503975,126.94172067605089,37.45675570999645
다사50255850,126.93762613376371,37.62573924650508
다사50255875,126.937609156309,37.62799250580705
다사50255900,126.937592176963,37.63024576423982
다사50255925,126.93757519572553,37.63249902180337
다사50255750,126.93769402467437,37.61672620060544
다사50255775,126.9376770547825,37.61897946338407
다사50255800,126.93766008300027,37.62123272529357
다사50255825,126.93764310932741,37.623485986333904
다사50256050,126.93749026115788,37.64376529658205
다사50256075,126.93747326856675,37.64601854892985
다사50256100,126.93745627408255,37.64827180040831
다사50256125,126.93743927770508,37.65052505101738
다사50255950,126.93755821259631,37.634752278497665
다사50255975,126.93754122757517,37.637005534322704
다사50256000,126.93752424066189,37.63925878927846
다사50256025,126.93750725185618,37.64151204336491
다사50504600,126.94130132999311,37.51308858771965
다사50504625,126.9412845318575,37.51534189154389
다사50504650,126.94126773185117,37.51759519449991
다사50504675,126.94125092997396,37.519848496587706
다사50504500,126.94136850383302,37.504075363740846
다사50504525,126.94135171317798,37.50632867103778
다사50504550,126.94133492065313,37.50858197746657
다사50504575,126.94131812625824,37.5108352830272
다사50504800,126.94116689251643,37.531114994002394
다사50504825,126.94115007940913,37.533368290880354
다사50504850,126.94113326442933,37.53562158688995
다사50504875,126.94111644757687,37.53787488203116
다사50504700,126.9412341262256,37.52210179780723
다사50504725,126.94121732060589,37.52435509815847
다사50504750,126.94120051311462,37.52660839764143
다사50504775,126.94118370375152,37.52886169625608
다사50504200,126.94156984592802,37.477035608468974
다사50504225,126.9415530776936,37.47928892618222
다사50504250,126.94153630759202,37.481542243027526
다사50504275,126.94151953562303,37.4837955590049
다사50504100,126.94163690019826,37.4680223289372
다사50504125,126.94162013943038,37.470275650121934
다사50504150,126.94160337679618,37.47252897043882
다사50504175,126.94158661229548,37.47478228988785
다사50504400,126.94143564775945,37.495062125871996
다사50504425,126.94141886458145,37.49731543664133
다사50504450,126.94140207953454,37.49956874654261
다사50504475,126.94138529261848,37.50182205557578
다사50504300,126.94150276178644,37.48604887411431
다사50504325,126.94148598608199,37.488302188355746
다사50504350,126.94146920850947,37.49055550172918
다사50504375,126.94145242906872,37.492808814234614
다사50254650,126.9384388318209,37.51758177818245
다사50254675,126.93842194488548,37.51983507918474
다사50254700,126.93840505606946,37.52208837931871
다사50254725,126.93838816537261,37.52434167858433
다사50254550,126.93850636076094,37.508568565490464
다사50254575,126.93848948134573,37.51082186996585
다사50254600,126.9384726000508,37.51307517357299
다사50254625,126.93845571687592,37.51532847631186
다사50254850,126.93830368366822,37.53560816188671
다사50254875,126.93828678168178,37.5378614559419
다사50254900,126.93826987781293,37.540114749128634
다사50254925,126.9382529720615,37.54236804144687
다사50254750,126.93837127279471,37.5265949769816
다사50254775,126.93835437833555,37.52884827451049
다사50254800,126.9383374819949,37.531101571171
다사50254825,126.93832058377254,37.53335486696306
다사50254250,126.93870876720564,37.481528844069295
다사50254275,126.93869191032984,37.4837821589622
다사50254300,126.938675051577,37.486035472987076
다사50254325,126.93865819094684,37.48828878614392
다사50254150,126.9387761759425,37.472515575817845
다사50254175,126.93875932657278,37.474768894182645
다사50254200,126.93874247532688,37.477022211679504
다사50254225,126.93872562220457,37.47927552830839
다사50254450,126.93857385962899,37.49955533890681
다사50254475,126.93855698773045,37.501808646855004
다사50254500,126.93854011395308,37.50406195393502
다사50254525,126.93852323829665,37.50631526014685
다사50254350,126.93864132843918,37.49054209843269
다사50254375,126.93862446405379,37.49279540985339
다사50254400,126.93860759779042,37.49504872040598
다사50254425,126.93859072964891,37.49730203009047
다사50255450,126.93789751600853,37.589686979476156
다사50255475,126.93788056878381,37.591940252682946
다사50255500,126.93786361967138,37.59419352502085
다사50255525,126.93784666867104,37.5964467964898
다사50255350,126.9379652860348,37.580673877960166
다사50255375,126.93794834635868,37.582927154642434
다사50255400,126.93793140479573,37.58518043045588
다사50255425,126.93791446134576,37.58743370540044
다사50255650,126.93776188534255,37.60771314079997
다사50255675,126.93774492300997,37.609966407054955
다사50255700,126.93772795878789,37.61221967244087
다사50255725,126.9377109926761,37.61447293695771
다사50255550,126.93782971578251,37.59870006708981
다사50255575,126.93781276100563,37.60095333682085
다사50255600,126.93779580434017,37.60320660568291
다사50255625,126.93777884578589,37.605459873675954
다사50255050,126.93816841505763,37.55363449001006
다사50255075,126.93815149800594,37.55588777711698
다사50255100,126.93813457907012,37.55814106335528
다사50255125,126.93811765824994,37.56039434872494
다사50254950,126.93823606442726,37.5446213328966
다사50254975,126.93821915490996,37.5468746234778
다사50255000,126.93820224350941,37.54912791319045
다사50255025,126.93818533022538,37.551381202034555
다사50255250,126.93803302587563,37.57166076254303
다사50255275,126.93801609374452,37.57391404270048
다사50255300,126.9379991597275,37.576167321989175
다사50255325,126.93798222382433,37.578420600409075
다사50255150,126.93810073554513,37.56264763322593
다사50255175,126.93808381095553,37.56490091685827
다사50255200,126.93806688448089,37.56715419962191
다사50255225,126.93804995612098,37.56940748151683
다사50005450,126.93506589130011,37.58967346046531
다사50005475,126.93504885871377,37.59192673257906
다사50005500,126.93503182423022,37.594180003823844
다사50005525,126.93501478784924,37.59643327419962
다사50005350,126.93513400267778,37.580660363320895
다사50005375,126.93511697767808,37.58291363891037
다사50005400,126.93509995078205,37.58516691363095
다사50005425,126.93508292198946,37.5874201874826
다사50005650,126.93492957747496,37.607699613042904
다사50005675,126.93491252970466,37.60995287820432
다사50005700,126.93489548003538,37.612206142496596
다사50005725,126.93487842846685,37.61445940591973
다사50005550,126.93499774957058,37.598686543706386
다사50005575,126.93498070939408,37.6009398123441
다사50005600,126.93496366731945,37.60319308011278
다사50005625,126.93494662334649,37.60544634701239
다사50005050,126.93533815484294,37.55362098847923
다사50005075,126.93532115258164,37.55587427449414
다사50005100,126.93530414842667,37.55812755964036
다사50005125,126.93528714237785,37.560380843917876
다사50004950,126.93540614495632,37.544607835733174
다사50004975,126.93538915026733,37.54686112522262
다사50005000,126.93537215368559,37.54911441384346
다사50005025,126.93535515521086,37.55136770159567
다사50005250,126.93520208371798,37.571647252274275
다사50005275,126.9351850663013,37.5739005313392
다사50005300,126.93516804698918,37.576153809535285
다사50005325,126.93515102578142,37.57840708686252
다사50005150,126.93527013443494,37.56263412732665
다사50005175,126.93525312459772,37.56488740986672
다사50005200,126.93523611286597,37.567140691538015
다사50005225,126.93521909923946,37.56939397234055
다사50253850,126.93897822211655,37.44547568774693
다사50253875,126.9389613952439,37.44772901652567
다사50253900,126.93894456649774,37.44998234443666
다사50253925,126.93892773587778,37.452235671479954
다사50253750,126.93904551087599,37.436462363955116
다사50253775,126.93902869149535,37.43871569620456
다사50253800,126.93901187024206,37.440969027586355
다사50253825,126.93899504711584,37.443222358100485
다사50254050,126.93884355466388,37.46350229367949
다사50254075,126.93882671279671,37.4657556155159
다사50254100,126.93880986905424,37.468008936484445
다사50254125,126.93879302343623,37.4702622565851
다사50253950,126.93891090338387,37.45448899765545
다사50253975,126.93889406901572,37.45674232296317
다사50254000,126.93887723277318,37.45899564740311
다사50254025,126.93886039465596,37.461248970975205
다사50005850,126.93479314212799,37.62572570999761
다사50005875,126.93477607915939,37.6279789682055
다사50005900,126.93475901429004,37.63023222554411
다사50005925,126.93474194751961,37.63248548201343
다사50005750,126.93486137499887,37.6167126684737
다사50005775,126.93484431963122,37.6189659301585
다사50005800,126.93482726236367,37.621219190974095
다사50005825,126.934810203196,37.62347245092047
다사50006050,126.93465658514448,37.64375175132003
다사50006075,126.93463950696325,37.64600500257323
다사50006100,126.93462242687941,37.648258252957
다사50006125,126.93460534489279,37.650511502471325
다사50005950,126.93472487884799,37.634738737613446
다사50005975,126.93470780827488,37.63699199234413
다사50006000,126.93469073580006,37.639245246205476
다사50006025,126.93467366142335,37.64149849919744
다사50003850,126.93615204082752,37.4454622385568
다사50003875,126.93613512919943,37.44771556624661
다사50003900,126.93611821568834,37.44996889306864
다사50003925,126.93610130029406,37.452222219022865
다사49756125,126.93177141398354,37.65049788585153
다사50003775,126.93620276441618,37.438702250280784
다사50003800,126.93618585843568,37.44095558057386
다사50003825,126.93616895057286,37.4432089099992
다사50004050,126.93601669506681,37.46348883577622
다사50004075,126.93599976836865,37.465742156523206
다사50004100,126.93598283978575,37.46799547640225
다사50004125,126.93596590931787,37.47024879541335
다사50003950,126.93608438301634,37.45447554410926
다사50003975,126.93606746385498,37.45672886832781
다사50004000,126.93605054280974,37.458982191678516
다사50004025,126.93603361988045,37.46123551416131
다사49755825,126.93197729896497,37.623458847499265
다사49755850,126.93196015239282,37.62571210547689
다사49755875,126.9319430039106,37.627965362585186
다사49755900,126.93192585351805,37.630218618824145
다사49755725,126.93204586615704,37.61444580689596
다사49755750,126.93202872722304,37.61669906835068
다사49755775,126.93201158637984,37.61895232893615
다사49755800,126.93199444362722,37.621205588652344
다사49756025,126.93184007289263,37.641484886978226
다사49756050,126.93182291103345,37.643738138000764
다사49756075,126.93180574726235,37.64599138815385
다사49756100,126.93178858157911,37.64824463743744
다사49755925,126.93190870121497,37.63247187419375
다사49755950,126.9318915470011,37.63472512869398
다사49755975,126.93187439087625,37.63697838232482
다사49756000,126.93185723284017,37.63923163508623
다사50004650,126.93560993367099,37.51756829411505
다사50004675,126.93559296167761,37.51982159402636
다사50004700,126.93557598779415,37.522074893069295
다사50004725,126.93555901202038,37.52432819124379
다사50004550,126.93567780274826,37.508555085786334
다사50004575,126.93566083831296,37.510808389171
다사50004600,126.93564387198845,37.51306169168735
다사50004625,126.93562690377453,37.51531499333537
다사50004850,126.9354741047893,37.535594669089654
다사50004875,126.93545711766905,37.53784796205337
다사50004900,126.93544012865695,37.540101254148524
다사50004925,126.93542313775279,37.54235454537513
다사50004750,126.93554203435609,37.5265814885499
다사50004775,126.93552505480106,37.52883478498755
다사50004800,126.93550807335505,37.53108808055674
다사50004825,126.93549109001786,37.53334137525745
다사50004250,126.93588122869612,37.48151537744879
다사50004275,126.93586428691374,37.48376869125175
다사50004300,126.93584734324483,37.48602200418661
다사50004325,126.9358303976892,37.488275316253365
다사50004150,126.9359489769648,37.472502113556466
다사50004175,126.93593204272631,37.47475543083158
다사50004200,126.93591510660217,37.477008747238685
다사50004225,126.93589816859217,37.479262062777764
다사50004450,126.93574564160204,37.499541863564914
다사50004475,126.93572868472125,37.501795170422646
다사50004500,126.9357117259522,37.504048476412144
다사50004525,126.9356947652946,37.506301781533374
다사50004350,126.9358134502466,37.490528627452
다사50004375,126.9357965009168,37.492781937782496
다사50004400,126.93577954969959,37.49503524724483
다사50004425,126.93576259659474,37.49728855583897
다사49754625,126.93279809256278,37.515301442614565
다사49754650,126.93278103741095,37.51755474229784
다사49754675,126.93276398035982,37.519808041112704
다사49754700,126.93274692140915,37.52206133905909
다사49754525,126.93286629418127,37.506288235197495
다사49754550,126.93284924662453,37.50854153835432
다사49754575,126.93283219716935,37.51079484064279
다사49754600,126.93281514581551,37.513048142062885
다사49754825,126.93266159815464,37.533327815763656
다사49754850,126.93264452780197,37.53558110849895
다사49754875,126.93262745554817,37.53783440036567
다사49754900,126.93261038139306,37.5400876913638
다사49754725,126.93272986055868,37.52431463613702
다사49754750,126.93271279780821,37.526567932346474
다사49754775,126.93269573315753,37.5288212276874
다사49754800,126.93267866660642,37.53107452215981
다사49754225,126.93307071686587,37.47924852959045
다사49754250,126.9330536920729,37.48150184316612
다사49754275,126.93303666538417,37.48375515587366
다사49754300,126.93301963679946,37.48600846771303
다사49754125,126.93313879708467,37.47023526660682
다사49754150,126.93312177987248,37.472488583654844
다사49754175,126.93310476076545,37.47474189983479
다사49754200,126.93308773976331,37.47699521514667
다사49754425,126.93293446542842,37.497275013886984
다사49754450,126.93291742546319,37.49952832051706
다사49754475,126.93290038360037,37.50178162627885
다사49754500,126.93288333983982,37.50403493117234
다사49754325,126.93300260631854,37.48826177868423
다사49754350,126.93298557394121,37.49051508878726
다사49754375,126.93296853966723,37.49276839802207
다사49754400,126.93295150349637,37.49502170638865
다사49755425,126.93225138452992,37.58740660164488
다사49755450,126.93223426848868,37.589659873529115
다사49755475,126.93221715054095,37.59191314454432
다사49755500,126.93220003068649,37.59416641469049
다사49755325,126.93231982963435,37.57839350541807
다사49755350,126.93230272121687,37.58064678077822
다사49755375,126.93228561089379,37.58290005526941
다사49755400,126.93226849866487,37.585153328891636
다사49755625,126.93211440280562,37.60543275238502
다사49755650,126.93209727150615,37.60768601731654
다사49755675,126.93208013829837,37.60993928137888
다사49755700,126.9320630031821,37.612192544572025
다사49755525,126.93218290892511,37.5964196839676
다사49755550,126.93216578525656,37.598672952375615
다사49755575,126.93214865968062,37.60092621991453
다사49755600,126.93213153219705,37.603179486584345
다사49755025,126.93252498208953,37.55135413332474
다사49755050,126.93250789652171,37.553607419110875
다사49755075,126.93249080905095,37.55586070402827
다사49755100,126.93247371967706,37.55811398807692
다사49754925,126.93259330533637,37.5423409814933
다사49754950,126.93257622737791,37.54459427075416
다사49754975,126.93255914751742,37.54684755914637
다사49755000,126.9325420657547,37.54910084666991
다사49755225,126.9323882442529,37.56938039528831
다사49755250,126.93237114345554,37.57163367412409
다사49755275,126.93235404075348,37.57388695209097
다사49755300,126.9323369361465,37.57614022918898
다사49755125,126.93245662839983,37.56036727125681
다사49755150,126.93243953521903,37.5626205535679
다사49755175,126.93242244013442,37.5648738350102
다사49755200,126.93240534314577,37.56712711558368
다사49505350,126.92947144166156,37.58063313033229
다사49505375,126.9294542460153,37.582886403719705
다사49505400,126.92943704845375,37.58513967623811
다사49505425,126.92941984897662,37.58739294788744
다사49505250,126.9295402050978,37.57162002809259
다사49505275,126.92952301711058,37.573873304955974
다사49505300,126.92950582720896,37.576126580950394
다사49505325,126.9294886353927,37.57837985607584
다사49505550,126.9293338228499,37.598659293097676
다사49505575,126.92931661187477,37.60091255953228
다사49505600,126.9292993989825,37.60316582509773
다사49505625,126.92928218417285,37.60541908979397
다사49505450,126.92940264758373,37.589646218667696
다사49505475,126.92938544427484,37.591899488578875
다사49505500,126.92936823904971,37.59415275762094
다사49505525,126.92935103190815,37.596406025793875
다사49504950,126.92974631170149,37.544580637959676
다사49504975,126.92972914666977,37.54683392524917
다사49505000,126.9297119797263,37.54908721166991
다사49505025,126.92969481087091,37.5513404972219
다사49504850,126.92981495271576,37.53556748011473
다사49504875,126.92979779532864,37.537820770878994
다사49504900,126.92978063603073,37.54007406077457
다사49504925,126.92976347482175,37.54232734980148
다사49505150,126.92960893790692,37.562606911949786
다사49505175,126.92959175757515,37.56486019228884
다사49505200,126.92957457532984,37.567113471759
다사49505225,126.92955739117079,37.56936675036026
다사49505050,126.92967764010336,37.55359378190509
다사49505075,126.9296604674234,37.55584706571952
다사49505100,126.92964329283083,37.55810034866512
다사49505125,126.9296261163254,37.560353630741886
다사49753825,126.93334285591246,37.44319539432882
다사49753850,126.93332586142128,37.44544872179208
다사49753875,126.93330886503792,37.447702048387505
다사49753900,126.93329186676215,37.44995537411509
다사49506050,126.9289892388343,37.6437244566244
다사49506075,126.92897198947355,37.64597770567186
다사49506100,126.92895473819115,37.64823095384978
다사49506125,126.92893748498688,37.650484201158115
다사49754025,126.93320684698922,37.46122198973454
다사49754050,126.93318983735426,37.4634753102546
다사49754075,126.93317282582534,37.46572862990668
다사49754100,126.9331558124022,37.467981948690756
다사49753925,126.93327486659373,37.45220869897481
다사49753950,126.93325786453246,37.45446202296663
다사49753975,126.93324086057808,37.45671534609052
다사49754000,126.93322385473043,37.45896866834651
다사49505750,126.9291960813564,37.61668540023652
다사49505775,126.92917885503788,37.61893865971716
다사49505800,126.92916162680042,37.62119191832847
다사49505825,126.92914439664379,37.62344517607043
다사49505650,126.9292649674456,37.607672353621005
다사49505675,126.9292477488006,37.609925616578785
다사49505700,126.92923052823754,37.61217887866731
다사49505725,126.92921330575622,37.61443213988655
다사49505950,126.92905821706523,37.63471145173939
다사49505975,126.92904097538886,37.636964704264884
다사49506000,126.92902373179172,37.63921795592088
다사49506025,126.92900648627361,37.6414712067074
다사49505850,126.92912716456777,37.62569843294304
다사49505875,126.92910993057214,37.627951688946254
다사49505900,126.92909269465665,37.63020494408005
다사49505925,126.92907545682108,37.632458198344445
다사49256025,126.9261729015758,37.641457458385105
다사49256050,126.9261555685566,37.643710707191055
다사49256075,126.92613823360644,37.64596395512742
다사49256100,126.92612089672507,37.648217202194154
다사49255925,126.9262422143475,37.63244445446566
다사49255950,126.92622488904989,37.63469770674983
다사49255975,126.92620756182222,37.63695095816448
다사49256000,126.92619023266425,37.63920420870957
다사49503950,126.93043134794166,37.45444843422766
다사49503975,126.93041425919452,37.456701756251434
다사49504000,126.93039716854463,37.45895507740723
다사49504025,126.93038007599176,37.461208397695025
다사49503850,126.93049968390723,37.44543513745293
다사49503875,126.93048260276885,37.44768846294851
다사49503900,126.93046551972861,37.44994178757617
다사49503925,126.93044843478629,37.45219511133589
다사49255625,126.92644996745763,37.605405359239406
다사49255650,126.92643266530291,37.607658621956446
다사49255675,126.92641536122085,37.60991188380417
다사49255700,126.92639805521125,37.61216514478258
다사49255525,126.92651915680788,37.596392299678605
다사49255550,126.92650186236018,37.59864556587267
다사49255575,126.92648456598604,37.6008988311975
다사49255600,126.92646726768527,37.6031520956531
다사49255825,126.92631149624201,37.623431436634114
다사49255850,126.92629417866232,37.625684692396206
다사49255875,126.92627685915349,37.627937947288835
다사49255900,126.9262595377153,37.630191201311995
다사49255725,126.92638074727387,37.614418404891644
다사49255750,126.92636343740847,37.616671664131346
다사49255775,126.92634612561486,37.618924922501684
다사49255800,126.92632881189276,37.6211781800026
다사49504550,126.93002069239922,37.50852792319457
다사49504575,126.93000355792438,37.510781224381354
다사49504600,126.92998642154141,37.51303452469969
다사49504625,126.92996928325012,37.515287824149574
다사49504450,126.93008921122184,37.499514709763375
다사49504475,126.93007208437724,37.501768014423746
다사49504500,126.93005495562544,37.50402131821575
다사49504525,126.93003782496615,37.50627462113936
다사49504750,126.92988356316056,37.52655430837144
다사49504775,126.92986641341444,37.52880760261017
다사49504800,126.92984926175843,37.5310608959803
다사49504825,126.92983210819229,37.53331418848183
다사49504650,126.92995214305023,37.51754112273099
다사49504675,126.92993500094158,37.519794420443894
다사49504700,126.9299178569239,37.52204771728829
다사49504725,126.92990071099695,37.524301013264136
다사49504150,126.93029458467507,37.472474986113106
다사49504175,126.93027748069969,37.474728301192435
다사49504200,126.93026037481977,37.4769816154036
다사49504225,126.93024326703508,37.479234928746614
다사49504050,126.93036298153571,37.46346171711478
다사49504075,126.93034588517624,37.46571503566647
다사49504100,126.93032878691311,37.46796835335011
다사49504125,126.93031168674614,37.47022167016567
다사49504350,126.93015769953247,37.4905014824386
다사49504375,126.93014058031453,37.492754790572256
다사49504400,126.93012345919026,37.49500809783762
다사49504425,126.93010633615944,37.497261404234656
다사49504250,126.93022615734542,37.48148824122145
다사49504275,126.93020904575056,37.483741552828086
다사49504300,126.93019193225025,37.485994863566496
다사49504325,126.9301748168443,37.48824817343669
다사49254425,126.92727820879722,37.49724772688213
다사49254450,126.92726099888752,37.49950103130402
다사49254475,126.92724378706134,37.50175433485749
다사49254500,126.92722657331848,37.50400763754252
다사49254325,126.92734702927592,37.48823450051082
다사49254350,126.92732982702982,37.49048780840618
다사49254375,126.92731262286814,37.4927411154332
다사49254400,126.92729541679068,37.49499442159184
다사49254625,126.92714047584603,37.51527413794055
다사49254650,126.92712325059834,37.51752743541459
다사49254675,126.92710602343237,37.51978073202009
다사49254700,126.92708879434788,37.52203402775699
다사49254525,126.92720935765871,37.5062609393591
다사49254550,126.92719214008181,37.508514240307214
다사49254575,126.92717492058755,37.510767540386844
다사49254600,126.92715769917571,37.51302083959797
다사49254025,126.92755330689748,37.461194738042906
다사49254050,126.92753612762057,37.46344805635688
다사49254075,126.92751894643077,37.46570137380272
다사49254100,126.92750176332787,37.46795469038044
다사49253925,126.92762200488114,37.45218145610627
다사49253950,126.92760483325338,37.45443477789251
다사49253975,126.92758765971368,37.4566880988107
다사49254000,126.92757048426179,37.45894141886084
다사49254225,126.92741581910929,37.47922126024639
다사49254250,126.92739862452316,37.48147457161491
다사49254275,126.92738142802237,37.483727882115176
다사49254300,126.92736422960671,37.485981191747136
다사49254125,126.92748457831168,37.47020800609002
다사49254150,126.92746739138194,37.47246132093142
다사49254175,126.92745020253845,37.474714634904636
다사49254200,126.92743301178098,37.476967948009616
다사49255225,126.92672654000269,37.56935303755653
다사49255250,126.92670926865426,37.57160631417993
다사49255275,126.92669199538213,37.573859589934315
다사49255300,126.92667472018607,37.57611286481967
다사49255125,126.92679560616405,37.56033992237323
다사49255150,126.9267783425081,37.56259320247247
다사49255175,126.92676107692938,37.564846481702794
다사49255200,126.92674380942768,37.567099760064146
다사49255425,126.9265883153391,37.58737922621041
다사49255450,126.92657102859478,37.589632495881204
다사49255475,126.92655373992496,37.59188576468285
다사49255500,126.92653644932939,37.59413903261533
다사49255325,126.92665744306588,37.578366138835996
다사49255350,126.92664016402132,37.58061941198324
다사49255375,126.92662288305215,37.58287268426139
다사49255400,126.92660560015815,37.585125955670456
다사49254825,126.9270026201403,37.53330049341211
다사49254850,126.92698537954016,37.53555378393713
다사49254875,126.92696813701994,37.537807073593434
다사49254900,126.92695089257941,37.540060362381006
다사49254725,126.92707156334473,37.52428732262529
다사49254750,126.92705433042258,37.52654061662498
다사49254775,126.9270370955813,37.52879390975601
다사49254800,126.92701985882061,37.53104720201841
다사49255025,126.92686464156445,37.551326793287274
다사49255050,126.92684738559738,37.553580076862076
다사49255075,126.92683012770846,37.55583335956801
다사49255100,126.92681286789743,37.558086641405076
다사49254925,126.92693364621839,37.54231365029984
다사49254950,126.92691639793658,37.54456693734989
다사49254975,126.9268991477338,37.54682022353117
다사49255000,126.92688189560985,37.549073508843634
다사49005050,126.92401713301331,37.55356630398193
다사49005075,126.92399978991561,37.55581958557391
다사49005100,126.92398244488636,37.55807286629695
다사49005125,126.92396509792523,37.56032614615103
다사49004950,126.92408648609263,37.544553168924935
다사49004975,126.92406915071906,37.54680645399251
다사49005000,126.9240518134148,37.54905973819121
다사49005025,126.92403447417962,37.551313021521025
다사49005250,126.9238783341344,37.571592532386255
다사49005275,126.92386097557758,37.57384580702615
다사49005300,126.92384361508734,37.576099080796965
다사49005325,126.92382625266345,37.57835235369865
다사49005150,126.92394774903208,37.56257942513611
다사49005175,126.92393039820665,37.564832703252186
다사49005200,126.92391304544873,37.56708598049925
다사49005225,126.92389569075803,37.569339256877285
다사49004650,126.92429436006466,37.517513680348834
다사49004675,126.92427704784163,37.519766975841414
다사49004700,126.9242597336906,37.52202027046534
다사49004725,126.92424241761141,37.524273564220614
다사49004550,126.92436358968178,37.5085004896924
다사49004575,126.92434628516831,37.510753788659386
다사49004600,126.9243289787278,37.5130070867578
다사49004625,126.92431167035998,37.51526038398762
다사49004850,126.92415580828462,37.535540019966284
다사49004875,126.92413848063153,37.53779330850916
다사49004900,126.92412115104864,37.540046596183245
다사49004925,126.92410381953574,37.5422998829885
다사49004750,126.92422509960379,37.52652685710719
다사49004775,126.92420777966753,37.52878014912507
다사49004800,126.9241904578024,37.53103344027422
다사49004825,126.92417313400817,37.53328673055463
다사49005850,126.92346119468601,37.62567088383654
다사49005875,126.92344378966425,37.627924137613086
다사49005900,126.92342638270355,37.6301773905201
다사49005925,126.92340897380375,37.63243064255756
다사49005750,126.92353079538877,37.61665786003532
다사49005775,126.9235133981203,37.61891111728985
다사49005800,126.92349599891382,37.62116437367489
다사49005825,126.92347859776912,37.62341762919046
다사49006050,126.92332190020984,37.6436968897009
다사49006075,126.92330447967049,37.645950136520646
다사49253875,126.9276563424016,37.44767480992973
다사49253900,126.92763917459713,37.44992813345201
다사49005950,126.92339156296458,37.63468389372545
다사49005975,126.92337415018585,37.63693714402375
다사49006000,126.9233567354673,37.63919039345243
다사49006025,126.92333931880871,37.64144364201148
다사49005450,126.92373941153136,37.58961870516978
다사49005475,126.92372203750082,37.59187197285641
다사49005500,126.92370466153503,37.594125239673794
다사49005525,126.9236872836338,37.59637850562192
다사49005350,126.92380888830567,37.58060562573121
다사49005375,126.92379152201383,37.58285889689462
다사49005400,126.92377415378763,37.585112167188875
다사49005425,126.92375678362689,37.58736543661392
다사49005650,126.92360036508751,37.607644822323024
다사49005675,126.92358297556868,37.6098980830552
다사49005700,126.92356558411272,37.61215134291799
다사49005725,126.92354819071952,37.61440460191137
다사49005550,126.92366990379685,37.59863177070077
다사49005575,126.92365252202396,37.60088503491032
다사49005600,126.92363513831494,37.60313829825056
다사49005625,126.92361775266953,37.605391560721465
다사48755700,126.92073311495152,37.61213747307367
다사48755725,126.92071563610271,37.61439073094588
다사48755750,126.92069815530685,37.616643987948585
다사48755775,126.92068067256372,37.6188972440818
다사48755600,126.920803010881,37.60312443289029
다사48755625,126.92078553981803,37.60537769424028
다사48755650,126.92076806680895,37.607630954720854
다사48755675,126.92075059185352,37.609884214332006
다사48755900,126.92059322963092,37.63016351170451
다사48755925,126.92057573519934,37.63241676262027
다사48755950,126.92055823881888,37.63467001266638
다사48755975,126.9205407404893,37.63692326184283
다사48755800,126.92066318787307,37.62115049934547
다사48755825,126.9206457012347,37.6234037537396
다사48755850,126.92062821264838,37.62565700726416
다사48755875,126.92061072211386,37.62791025991914
다사48755300,126.92101251192223,37.5760852288824
다사48755325,126.92099506419487,37.578338500663975
다사48755350,126.92097761452415,37.580591771576366
다사48755375,126.92096016290982,37.58284504161953
다사48755200,126.92108228340248,37.56707213306447
다사48755225,126.92106484344633,37.569325408322655
다사48755250,126.92104740154774,37.57157868271172
다사48755275,126.92102995770642,37.573831956231636
다사48755500,126.92087287567615,37.594111378796484
다사48755525,126.9208554123954,37.596364643623964
다사48755550,126.92083794716943,37.5986179075821
다사48755575,126.92082047999804,37.600871170670885
다사48755400,126.92094270935166,37.58509831079346
다사48755425,126.92092525384945,37.58735157909813
다사48755450,126.92090779640294,37.58960484653355
다사48755475,126.92089033701191,37.59185811309967
다사49004250,126.92457109361555,37.48146083434665
다사49004275,126.9245538122091,37.48371414373506
다사49004300,126.92453652887828,37.48596745225512
다사49004325,126.92451924362291,37.48822075990682
다사49004150,126.92464020000259,37.472447588109894
다사49004175,126.9246229262912,37.47470090097152
다사49004200,126.92460565065639,37.47695421296486
다사49004225,126.9245883730979,37.47920752408991
다사49004450,126.92443278846964,37.49948728513911
다사49004475,126.92441549166212,37.5017405875802
다사49004500,126.92439819292845,37.50399388915278
다사49004525,126.92438089226842,37.506247189856865
다사49004350,126.92450195644274,37.490474066690126
다사49004375,126.92448466733757,37.49272737260502
다사49004400,126.92446737630712,37.49498067765149
다사49004425,126.92445008335123,37.49723398182953
다사49003850,126.92484733459347,37.4454077660519
다사49003875,126.92483008394568,37.44766108933133
다사49003900,126.92481283137715,37.44991441174274
다사49003925,126.9247955768877,37.452167733286075
다사48756000,126.92052324021037,37.63917651014961
다사48756025,126.9205057379819,37.64142975758668
다사48756050,126.92048823380361,37.64368300415405
다사48756075,126.92047072767528,37.645936249851694
다사49004050,126.92470927561828,37.46343432798105
다사49004075,126.92469200959837,37.46568764431558
다사49004100,126.92467474165593,37.46794095978191
다사49004125,126.92465747179074,37.47019427438001
다사49003950,126.92477832047707,37.45442105396131
다사49003975,126.92476106214505,37.45667437376845
다사49004000,126.9247438018914,37.45892769270746
다사49004025,126.92472653971586,37.46118101077833
다사48754100,126.92184772190677,37.46792716155463
다사48754125,126.9218303671928,37.470180475035804
다사48754150,126.92181301054643,37.47243378764868
다사48754175,126.92179565196739,37.47468709939324
다사48754000,126.92191712144283,37.458913898947245
다사48754025,126.9218997744563,37.461167215901455
다사48754050,126.9218824255383,37.46342053198743
다사48754075,126.92186507468853,37.46567384720517
다사48754300,126.92170883007442,37.48595364509055
다사48754325,126.92169145989466,37.4882069516248
다사48754350,126.92167408778069,37.490460257290565
다사48754375,126.92165671373222,37.49271356208788
다사48754200,126.92177829145547,37.476940410269464
다사48754225,126.92176092901043,37.479193720277316
다사48754250,126.92174356463208,37.48144702941679
다사48754275,126.92172619832013,37.483700337687885
다사48506000,126.91768974690304,37.639162558801246
다사48506025,126.91767215910488,37.64141580511085
다사48506050,126.91765456934738,37.643669050550685
다사48506075,126.91763697763034,37.64592229512071
다사48505900,126.91776007850694,37.63014956486538
다사48505925,126.91774249854383,37.63240281465392
다사48505950,126.91772491662228,37.63465606357277
다사48505975,126.91770733274208,37.636909311621885
다사48753900,126.92198649007817,37.449900622448524
다사48753925,126.92196915081549,37.45215394287545
다사48753950,126.92195180962217,37.45440726243423
다사48753975,126.92193446649802,37.45666058112483
다사48753800,126.9220558278273,37.44088733205965
다사48753825,126.92203849628481,37.443140655959006
다사48753850,126.92202116281258,37.44539397899028
다사48753875,126.92200382741046,37.44764730115345
다사48754900,126.92129141144788,37.540032762181404
다사48754925,126.92127399478338,37.54228604786762
다사48754950,126.92125657617916,37.544539332684934
다사48754975,126.921239155635,37.54679261663333
다사48754800,126.92136105871327,37.531019610747926
다사48754825,126.92134364980538,37.53327289990954
다사48754850,126.92132623895863,37.535526188202354
다사48754875,126.92130882617289,37.53777947562631
다사48755100,126.92115202380711,37.55805902334088
다사48755125,126.92113459161848,37.56031230207537
다사48755150,126.92111715748833,37.5625655799408
다사48755175,126.92109972141643,37.56481885693717
다사48755000,126.92122173315069,37.54904589971279
다사48755025,126.92120430872596,37.5512991819233
다사48755050,126.9211868823606,37.55355246326482
다사48755075,126.9211694540544,37.55580574373735
다사48754500,126.92156981446483,37.503980073046705
다사48754525,126.92155242880472,37.50623337263279
다사48754550,126.92153504120857,37.50848667135028
다사48754575,126.92151765167613,37.51073996919914
다사48754400,126.92163933774904,37.494966866016696
다사48754425,126.92162195983096,37.49722016907701
다사48754450,126.92160457997771,37.4994734712688
다사48754475,126.92158719818907,37.50172677259203
다사48754700,126.92143067496151,37.5220064454135
다사48754725,126.92141327380654,37.524259738050254
다사48754750,126.92139587071362,37.526513029818254
다사48754775,126.92137846568264,37.52876632071748
다사48754600,126.92150026020715,37.51299326617937
다사48754625,126.92148286680145,37.51524656229094
다사48754650,126.92146547145875,37.51749985753383
다사48754675,126.92144807417885,37.51975315190802
다사48504800,126.91853166156274,37.531005713439626
다사48504825,126.91851416754136,37.533259001476985
다사48504850,126.91849667157167,37.53551228864545
다사48504875,126.91847917365351,37.53776557494502
다사48504700,126.91860161817007,37.52199255260161
다사48504725,126.91858413193953,37.524245844114354
다사48504750,126.9185666437616,37.526499134758296
다사48504775,126.91854915363606,37.52875242453339
다사48505000,126.91839165482696,37.549031993408505
다사48505025,126.91837414521291,37.55128527449421
다사48505050,126.91835663364876,37.553538554710876
다사48505075,126.91833912013425,37.555791834058475
다사48504900,126.91846167378658,37.54001886037565
다사48504925,126.9184441719707,37.54227214493734
다사48504950,126.91842666820564,37.54452542863005
다사48504975,126.91840916249112,37.54677871145378
다사48504400,126.91881130112588,37.4949529866876
다사48504425,126.91879383824583,37.4972062886247
다사48504450,126.91877637342112,37.49945958969323
다사48504475,126.9187589066516,37.501712889893135
다사48504300,126.91888113320458,37.485939770253594
다사48504325,126.91886367810068,37.488193075664896
다사48504350,126.91884622105309,37.490446380207665
다사48504375,126.91882876206158,37.49269968388192
다사48504600,126.91867154362329,37.512979377862806
다사48504625,126.91865406517988,37.51523267285064
다사48504650,126.91863658479004,37.51748596696974
다사48504675,126.9186191024535,37.51973926022006
다사48504500,126.91874143793702,37.503966189224414
다사48504525,126.91872396727709,37.50621948768703
다사48504550,126.91870649467167,37.50847278528098
다사48504575,126.91868902012047,37.510726082006244
다사48505600,126.91797088539292,37.603110499572395
다사48505625,126.91795332891265,37.605363759795985
다사48505650,126.91793577047677,37.607617019150105
다사48505675,126.91791821008498,37.6098702776347
다사48505500,126.91804109176222,37.594097449983536
다사48505525,126.9180235431022,37.5963507136849
다사48505550,126.91800599248748,37.598603976516834
다사48505575,126.91798843991779,37.600857238479335
다사48505800,126.91783037878005,37.621136557014495
다사48505825,126.91781280664823,37.62338981028169
다사48505850,126.91779523255893,37.62564306267924
다사48505875,126.91777765651192,37.62789631420715
다사48505700,126.91790064773713,37.612123535249786
다사48505725,126.91788308343294,37.61437679199531
다사48505750,126.91786551717219,37.61663004787129
다사48505775,126.91784794895463,37.61888330287769
다사48505200,126.91825152329852,37.567058217759936
다사48505225,126.91823399807713,37.56931149189278
다사48505250,126.91821647090376,37.571564765156445
다사48505275,126.91819894177821,37.57381803755089
다사48505100,126.91832160466916,37.558045112536995
다사48505125,126.91830408725328,37.56029839014642
다사48505150,126.91828656788637,37.56255166688673
다사48505175,126.91826904656817,37.56480494275791
다사48505400,126.91811126685977,37.5850843864844
다사48505425,126.9180937260163,37.587337653663205
다사48505450,126.91807618321903,37.58959091997268
다사48505475,126.91805863846776,37.591844185412796
다사48505300,126.91818141070027,37.57607130907613
다사48505325,126.9181638776697,37.578324579732104
다사48505350,126.91814634268623,37.58057784951883
다사48505375,126.91812880574966,37.58283111843625
다사48255500,126.91520930980278,37.59408345323511
다사48255525,126.91519167576374,37.59633671580483
다사48255550,126.91517403976044,37.598589977505085
다사48255575,126.9151564017927,37.60084323833583
다사48255400,126.91527982632141,37.5850703942618
다사48255425,126.91526220013692,37.587323660309245
다사48255450,126.91524457198916,37.58957692548731
다사48255475,126.91522694187786,37.59183018979592
다사48255700,126.91506818247905,37.61210952944644
다사48255725,126.91505053271972,37.61436278505982
다사48255750,126.9150328809943,37.61661603980357
다사48255775,126.91501522730256,37.618869293677676
다사48255600,126.91513876186028,37.603096498297056
다사48255625,126.91512111996293,37.60534975738875
다사48255650,126.91510347610043,37.6076030156109
다사48255675,126.91508583027255,37.60985627296347
다사48255100,126.91549118748205,37.558031133885464
다사48255125,126.9154735848391,37.56028441036434
다사48255150,126.91545598023563,37.56253768597402
다사48255175,126.91543837367144,37.564790960714504
다사48255000,126.91556157845312,37.549018019278506
다사48255025,126.91554398365,37.55127129923394
다사48255050,126.91552638688724,37.553524578320236
다사48255075,126.91550878816467,37.55577785653742
다사48255300,126.91535031143096,37.576057321378286
다사48255325,126.91533269309737,37.57831059090318
다사48255350,126.91531507280139,37.58056385955875
다사48255375,126.91529745054282,37.582817127344946
다사48255200,126.91542076514624,37.56704423458577
다사48255225,126.91540315465983,37.56929750758782
다사48255250,126.91538554221196,37.571550779720596
다사48255275,126.91536792780242,37.57380405098407
다사48504000,126.91909044292555,37.45890003758032
다사48504025,126.91907301112829,37.46115335341239
다사48504050,126.91905557739005,37.463406668376166
다사48504075,126.91903814171064,37.465659982471635
다사48503900,126.91916015070954,37.449886765569495
다사48503925,126.91914272667385,37.45214008487455
다사48503950,126.91912530069811,37.45439340331139
다사48503975,126.91910787278209,37.456646720879974
다사48504200,126.91895093418765,37.476926539923575
다사48504225,126.9189334868563,37.47917984880877
다사48504250,126.91891603758215,37.48143315682551
다사48504275,126.91889858636499,37.48368646397379
다사48504100,126.91902070408979,37.46791329569875
다사48504125,126.91900326452729,37.47016660805753
다사48504150,126.91898582302292,37.47241991954794
다사48504175,126.91896837957647,37.47467323016996
다사48255900,126.91492692934116,37.63013555000284
다사48255925,126.9149092638467,37.63238879865869
다사48255950,126.91489159638431,37.63464204644476
다사48255975,126.91487392695373,37.636895293361036
다사48255800,126.9149975716443,37.62112254668211
다사48255825,126.91497991401924,37.62337579881685
다사48255850,126.9149622544272,37.62562905008192
다사48255875,126.91494459286791,37.62788230047725
다사48503800,126.91922982745633,37.44087347966746
다사48503825,126.91921241117858,37.4431268024452
다사48503850,126.91919499296168,37.4453801243548
다사48503875,126.9191775728054,37.447633445396235
다사48256000,126.91485625555478,37.63914853940749
다사48256025,126.91483858218719,37.64140178458413
다사48256050,126.91482090685074,37.64365502889092
다사48256075,126.91480322954519,37.64590827232784
다사48253900,126.91633381328076,37.449872841105794
다사48253925,126.91631630447226,37.4521261592835
다사48253950,126.91629879371433,37.45437947659294
다사48253975,126.91628128100663,37.45663279303405
다사48253800,126.91640382902429,37.44085955971247
다사48253825,126.9163863280115,37.443112881363135
다사48253850,126.91636882505011,37.44536620214559
다사48253875,126.91635132013994,37.44761952205982
다사48254100,126.91619368821445,37.46789936221443
다사48254125,126.91617616380367,37.470152673445334
다사48254150,126.91615863744154,37.4724059838078
다사48254175,126.91614110912786,37.47465929330182
다사48254000,126.91626376634903,37.45888610860685
다사48254025,126.9162462497412,37.4611394233113
다사48254050,126.91622873118303,37.463392737147394
다사48254075,126.91621121067416,37.465646050115126
다사48005825,126.91214702335726,37.62336171934527
다사48005850,126.9121292782627,37.625614969472316
다사48005875,126.91211153119139,37.627868218729596
다사48005900,126.91209378214305,37.63012146711706
다사48005725,126.91221798397258,37.614348710139545
다사48005750,126.91220024678272,37.616601963745566
다사48005775,126.91218250761706,37.61885521648187
다사48005800,126.91216476647531,37.62110846834844
다사48006025,126.91200500723836,37.641387696006646
다사48006050,126.91198724632318,37.64364093917491
다사48006075,126.91196948342937,37.64589418147322
다사48253775,126.91642132808873,37.43860623719361
다사48005925,126.91207603111751,37.6323747146347
다사48005950,126.91205827811451,37.634627961282504
다사48005975,126.91204052313378,37.63688120706044
다사48006000,126.91202276617517,37.639134451968495
다사48254700,126.91577256332579,37.52197859202981
다사48254725,126.91575499201988,37.52423188241307
다사48254750,126.91573741875716,37.526485171927455
다사48254775,126.91571984353733,37.52873846057294
다사48254600,126.91584282898562,37.51296542180825
다사48254625,126.91582526550476,37.51521871566687
다사48254650,126.915807700068,37.51747200865669
다사48254675,126.91579013267507,37.519725300777665
다사48254900,126.91563193807427,37.54000489076613
다사48254925,126.91561435110724,37.54225817419779
다사48254950,126.91559676218152,37.544511456760425
다사48254975,126.91557917129688,37.546764738454
다사48254800,126.91570226636026,37.5309917483495
다사48254825,126.91568468722564,37.53324503525711
다사48254850,126.91566710613324,37.535498321295755
다사48254875,126.91564952308286,37.537751606465434
다사48254300,126.91605343827821,37.48592582774438
다사48254325,126.91603589825039,37.48817913202727
다사48254350,126.91601835626942,37.490432435441576
다사48254375,126.9160008123351,37.49268573798727
다사48254200,126.91612357886241,37.476912601927346
다사48254225,126.91610604664494,37.47916590968439
다사48254250,126.91608851247524,37.48141921657293
다사48254275,126.91607097635307,37.48367252259293
다사48254500,126.91591306335451,37.50395223768604
다사48254525,126.915895507695,37.50620553501972
다사48254550,126.91587795008051,37.50845883148465
다사48254575,126.9158603905108,37.51071212708084
다사48254400,126.91598326644711,37.494939039664345
다사48254425,126.9159657186053,37.49719234047278
다사48254450,126.91594816880942,37.49944564041255
다사48254475,126.91593061705922,37.50169893948364
다사48004625,126.91299646778556,37.51520469073977
다사48004650,126.91297881730212,37.517457982594834
다사48004675,126.91296116485303,37.519711273580995
다사48004700,126.91294351043808,37.521964563698226
다사48004525,126.9130670500679,37.50619151463099
다사48004550,126.91304940744459,37.50844480996144
다사48004575,126.91303176285656,37.510698104423064
다사48004600,126.91301411630366,37.51295139801586
다사48004825,126.91285520886764,37.53323100125004
다사48004850,126.91283754265277,37.535484286153405
다사48004875,126.91281987447046,37.53773757018772
다사48004900,126.91280220432041,37.53999085335297
다사48004725,126.91292585405708,37.524217852946535
다사48004750,126.91290819570978,37.52647114132589
다사48004775,126.91289053539592,37.52872442883627
다사48004800,126.91287287311529,37.53097771547767
다사48004225,126.91327860838584,37.479151902904334
다사48004250,126.9132609893208,37.48140520865918
다사48004275,126.91324336829385,37.48365851354543
다사48004300,126.91322574530474,37.485911817563064
다사48004125,126.91334906503135,37.47013867119936
다사48004150,126.91333145381171,37.47239198042841
다사48004175,126.91331384063105,37.47464528878894
다사48004200,126.91329622548916,37.47689859628091
다사48004425,126.91313760091887,37.49717832462136
다사48004450,126.91311996615202,37.49943162342691
다사48004475,126.91310232942139,37.50168492136371
다사48004500,126.91308469072676,37.50393821843174
다사48004325,126.91320812035326,37.48816512071206
다사48004350,126.91319049343916,37.49041842299241
다사48004375,126.91317286456221,37.49267172440409
다사48004400,126.9131552337222,37.49492502494707
다사48005425,126.91243067622086,37.58730959903643
다사48005450,126.9124129627228,37.58956286307756
다사48005475,126.91239524725171,37.5918161262492
다사48005500,126.91237752980734,37.59406938855133
다사48005325,126.91250151048743,37.57829653417734
다사48005350,126.91248380487917,37.580549801696264
다사48005375,126.91246609729882,37.582803068345754
다사48005400,126.91244838774614,37.585056334125824
다사48005625,126.91228891297833,37.6053356870187
다사48005650,126.91227118368947,37.6075889441034
다사48005675,126.9122534524257,37.609842200318454
다사48005700,126.91223571918682,37.612095455663834
다사48005525,126.91235981038946,37.59632264998395
다사48005550,126.91234208899786,37.598575910547
다사48005575,126.91232436563232,37.60082917024049
다사48005600,126.91230664029253,37.60308242906439
다사48005025,126.91271382404666,37.55125725614259
다사48005050,126.91269614208558,37.553510534093064
다사48005075,126.91267845815516,37.555763811174344
다사48005100,126.9126607722552,37.55801708738642
다사48004925,126.91278453220245,37.542244135649135
다사48004950,126.91276685811631,37.544497417076194
다사48004975,126.91274918206179,37.546750697634145
다사48005000,126.91273150403866,37.54900397732295
다사48005225,126.912572313204,37.56928345540789
다사48005250,126.91255461548185,37.57153672640429
다사48005275,126.91253691578854,37.57378999653134
다사48005300,126.9125192141238,37.57604326578904
다사48005125,126.91264308438545,37.56027036272924
다사48005150,126.91262539454569,37.56252363720283
다사48005175,126.9126077027357,37.56477691080715
다사48005200,126.9125900089552,37.567030183542165
다사47755325,126.90967032984936,37.57828240955476
다사47755350,126.90965253892905,37.58053567593153
다사47755375,126.90963474602717,37.58278894143883
다사47755400,126.90961695114343,37.585042206076615
다사47755225,126.90974147371911,37.56926933535316
다사47755250,126.90972369072291,37.5715226052077
다사47755275,126.90970590574605,37.57377587419281
다사47755300,126.90968811878828,37.57602914230851
다사47755525,126.90952794698897,37.59630851622236
다사47755550,126.90951014020928,37.598561775642736
다사47755575,126.9094923314461,37.60081503419348
다사47755600,126.90947452069925,37.603068291874585
다사47755425,126.90959915427763,37.58729546984488
다사47755450,126.9095813554295,37.5895487327436
다사47755475,126.90956355459883,37.59180199477277
다사47755500,126.9095457517854,37.59405525593236
다사47754925,126.90995471526583,37.5422300292915
다사47754950,126.90993695601952,37.544483309577515
다사47754975,126.90991919479534,37.54673658899434
다사47755000,126.90990143159306,37.548989867541955
다사47754825,126.9100257324769,37.533216899455944
다사47754850,126.9100079811398,37.53547018321852
다사47754875,126.9099902278257,37.537723466111984
다사47754900,126.90997247253446,37.539976748136326
다사47755125,126.90981258590182,37.5602562472413
다사47755150,126.909794810826,37.562509520573286
다사47755175,126.90977703377042,37.56476279303594
다사47755200,126.90975925473485,37.567016064629236
다사47755025,126.90988366641243,37.551243145220354
다사47755050,126.9098658992532,37.5534964220295
다사47755075,126.9098481301152,37.5557496979694
다사47755100,126.90983035899815,37.55800297304
다사48003825,126.91356024679298,37.44309889271297
다사48003850,126.91354265908737,37.4453522123628
다사48003875,126.91352506942353,37.44760553114434
다사48003900,126.91350747780122,37.44985884905757
다사47756075,126.90913573929241,37.645880022557
다사47756100,126.90911788882215,37.64813326284119
다사48003775,126.91359541633042,37.438592250808455
다사48003800,126.91357783254058,37.44084557219483
다사48004025,126.91341949030456,37.46112542559833
다사48004050,126.91340188692661,37.46337873830128
다사48004075,126.91338428158856,37.465632050135774
다사48004100,126.91336667429023,37.46788536110181
다사48003925,126.9134898842202,37.45211216610247
다사48003950,126.91347228868025,37.45436548227901
다사48003975,126.91345469118116,37.45661879758717
다사48004000,126.91343709172267,37.45887211202696
다사47755725,126.90938543720104,37.61433456723463
다사47755750,126.909367614547,37.61658781969743
다사47755775,126.9093497899076,37.61884107129045
다사47755800,126.90933196328261,37.62109432201365
다사47755625,126.90945670796843,37.60532154868601
다사47755650,126.90943889325342,37.607574804627745
다사47755675,126.90942107655401,37.60982805969977
다사47755700,126.90940325786995,37.61208131390207
다사47755925,126.9092428003658,37.6323605625821
다사47755950,126.90922496182239,37.63461380808614
다사47755975,126.90920712129179,37.63686705272024
다사47756000,126.90918927877371,37.63912029648441
다사47755825,126.90931413467182,37.62334757186705
다사47755850,126.90929630407499,37.62560082085062
다사47755875,126.90927847149185,37.62785406896434
다사47755900,126.9092606369222,37.63010731620816
다사47753725,126.91080483765886,37.43407155376453
다사47753750,126.91078717307762,37.43632487574955
다사47753775,126.91076950652962,37.43857819686628
다사47753800,126.91075183801468,37.44083151711471
다사47505925,126.90640957160106,37.632346342501044
다사47505950,126.90639164751752,37.63459958685581
다사47506075,126.90630199714384,37.64586579557933
다사47506100,126.90628406107625,37.64811903471385
다사47753925,126.91066346592703,37.45209810533157
다사47753950,126.91064578560535,37.45435142036977
다사47753975,126.91062810331506,37.456604734539496
다사47754000,126.91061041905593,37.4588580478408
다사47753825,126.91073416753248,37.443084836494805
다사47753850,126.91071649508285,37.44533815500657
다사47753875,126.91069882066557,37.447591472649954
다사47753900,126.91068114428039,37.449844789424965
다사47505600,126.90664240308989,37.60305408672773
다사47505625,126.90662450494267,37.60530734239078
다사47505650,126.9066066048018,37.60756059718409
다사47505675,126.90658870266695,37.60981385110759
다사47505500,126.90671397574647,37.59404105537834
다사47505525,126.90669608557168,37.59629431452023
다사47505550,126.90667819340415,37.59854757279244
다사47505575,126.90666029924363,37.60080083019494
다사47505800,126.90649916207575,37.62108010767789
다사47505825,126.90648124797242,37.62333335638237
다사47505850,126.90646333187352,37.62558660421694
다사47505900,126.90642749368807,37.630093097276294
다사47505700,126.90657079853798,37.61206710416131
다사47505725,126.90655289241461,37.614320356345225
다사47505750,126.90653498429658,37.6165736076593
다사47505775,126.9065170741837,37.61882685810353
다사47754525,126.91023859440526,37.506177426521006
다사47754550,126.91022086677336,37.50843072071149
다사47754575,126.91020313716729,37.510684014033075
다사47754600,126.91018540558684,37.51293730648575
다사47754425,126.91030948519598,37.497164241070585
다사47754450,126.91029176545837,37.49941753873643
다사47754475,126.91027404374755,37.50167083553347
다사47754500,126.91025632006325,37.50392413146166
다사47754725,126.91009671806059,37.524203755714886
다사47754750,126.91007897462892,37.52645704295373
다사47754775,126.91006122922123,37.52871032932353
다사47754800,126.91004348183733,37.53096361482428
다사47754625,126.91016767203176,37.51519059806951
다사47754650,126.91014993650182,37.517443888784314
다사47754675,126.9101321989968,37.51969717863017
다사47754700,126.91011445951648,37.52195046760703
다사47754125,126.91052196821981,37.470124601319746
다사47754150,126.91050427214286,37.472377909409914
다사47754175,126.91048657409547,37.47463121663148
다사47754200,126.91046887407741,37.47688452298443
다사47754025,126.91059273282775,37.46111136027362
다사47754050,126.91057504463028,37.463364671837944
다사47754075,126.91055735446328,37.46561798253375
다사47754100,126.91053966232653,37.467871292361025
다사47754325,126.91038034441875,37.48815104171943
다사47754350,126.91036263257175,37.490404342860344
다사47754375,126.91034491875243,37.492657643132524
다사47754400,126.91032720296057,37.494910942535945
다사47754225,126.91045117208841,37.479137828468744
다사47754250,126.91043346812829,37.481391133084436
다사47754275,126.91041576219678,37.48364443683146
다사47754300,126.9103980542937,37.485897739709785
다사47504400,126.90749917417173,37.494896792431085
다사47504425,126.90748137144607,37.497150089820614
다사47504450,126.90746356673796,37.49940338634128
다사47504475,126.90744576004714,37.50165668199307
다사47504300,126.90757036525447,37.4858835941847
다사47504325,126.9075525704563,37.4881368950495
다사47504350,126.9075347736766,37.490390195045514
다사47504375,126.90751697491517,37.49264349417271
다사47504600,126.90735669684462,37.5129231472181
다사47504625,126.9073388782528,37.5151764376562
다사47504650,126.90732105767663,37.51742972722529
다사47504675,126.9073032351159,37.51968301592535
다사47504500,126.90742795137342,37.50390997677596
다사47504525,126.90741014071655,37.50616327068992
다사47504550,126.90739232807627,37.50841656373495
다사47504575,126.90737451345238,37.510669855911004
다사47504000,126.90778374835827,37.45884391604852
다사47504025,126.90776597732022,37.461097227337305
다사47504050,126.90774820430346,37.46335053775754
다사47504075,126.90773042930776,37.465603847309175
다사47503900,126.90785481272768,37.44983066220812
다사47503925,126.90783704960224,37.452083976970975
다사47503950,126.90781928449904,37.45433729086534
다사47503975,126.90780151741778,37.456590603891186
다사47504200,126.90764152463652,37.476870382038015
다사47504225,126.90762373776214,37.47912368637778
다사47504250,126.90760594890716,37.481376989848826
다사47504275,126.90758815807132,37.48363029245114
다사47504100,126.90771265233283,37.46785715599221
다사47504125,126.90769487337849,37.47011046380665
다사47504150,126.90767709244447,37.47236377075243
다사47504175,126.90765930953056,37.474617076829574
다사47505200,126.90692850249475,37.56700187784713
다사47505225,126.90691063621466,37.569255147423775
다사47505250,126.90689276794464,37.57150841613095
다사47505275,126.90687489768446,37.57376168396865
다사47505100,126.90699994772037,37.55798879084635
다사47505125,126.9069820893977,37.56024206390065
다사47505150,126.90696422908601,37.56249533608555
다사47505175,126.9069463667851,37.56474860740106
다사47505400,126.9067855165228,37.585028010114314
다사47505425,126.90676763431665,37.58728127273475
다사47505450,126.90674975011872,37.589534534485594
다사47505475,126.90673186392874,37.591787795366784
다사47505300,126.9068570254339,37.57601495093686
다사47505325,126.90683915119264,37.57826821703554
다사47505350,126.90682127496055,37.5805214822647
다사47505375,126.90680339673735,37.582774746624295
다사47504800,126.90721409253584,37.5309494463895
다사47504825,126.90719625806288,37.53320272987497
다사47504850,126.90717842160375,37.535456012491274
다사47504875,126.90716058315817,37.53770929423841
다사47504700,126.90728541057042,37.521936303756355
다사47504725,126.90726758403989,37.52418959071829
다사47504750,126.9072497555241,37.52644287681114
다사47504775,126.90723192502284,37.528696162034876
다사47505000,126.90707136112579,37.54897568993569
다사47505025,126.90705351075675,37.55122896646735
다사47505050,126.90703565839968,37.55348224212968
다사47505075,126.90701780405428,37.555735516922695
다사47504900,126.90714274272594,37.53996257511634
다사47504925,126.90712490030684,37.54221585512506
다사47504950,126.9071070559006,37.54446913426453
다사47504975,126.90708920950699,37.54672241253474
다사47254900,126.9043130149043,37.53994833429317
다사47254925,126.90429508733496,37.54220161314993
다사47254950,126.904277157769,37.54445489113738
다사47254975,126.90425922620621,37.5467081682555
다사47254800,126.90438470522032,37.530935210173446
다사47254825,126.90436678563505,37.53318849250724
다사47254850,126.90434886405413,37.5354417739718
다사47254875,126.9043309404773,37.53769505456711
다사47255100,126.90416953843136,37.55797454080564
다사47255125,126.90415159488258,37.56022781270744
다사47255150,126.90413364933528,37.56248108373976
다사47255175,126.90411570178927,37.56473435390263
다사47255000,126.90424129264635,37.54896144450429
다사47255025,126.90422335708915,37.551214719883724
다사47255050,126.90420541953443,37.553467994393756
다사47255075,126.9041874799819,37.555721268034404
다사47254500,126.90459958466674,37.50389575437476
다사47254525,126.90458168901121,37.506149047137846
다사47254550,126.90456379136282,37.508402339031946
다사47254575,126.90454589172133,37.51065563005702
다사47254400,126.9046711473651,37.49488257463265
다사47254425,126.90465325967862,37.497135870871595
다사47254450,126.90463537000024,37.499389166241606
다사47254475,126.90461747832968,37.50164246074266
다사47254700,126.90445636360937,37.521922072146346
다사47254725,126.90443845200444,37.52417535795687
다사47254750,126.90442053840476,37.52642864289825
다사47254775,126.90440262281014,37.52868192697045
다사47254600,126.90452799008652,37.51290892021305
다사47254625,126.90451008645816,37.51516220950001
다사47254650,126.904492180836,37.517415497917895
다사47254675,126.9044742732198,37.51966878546668
다사47255700,126.90373834120041,37.6120528264417
다사47255725,126.9037203496228,37.61430607747147
다사47255750,126.90370235604107,37.616559327631336
다사47255775,126.90368436045495,37.61881257692128
다사47255600,126.90381028747397,37.603039813624015
다사47255625,126.90379230391062,37.60529306813319
다사47255650,126.90377431834406,37.60754632177255
다사47255675,126.90375633077406,37.609799574542066
다사47503800,126.90792584545595,37.440817394472234
다사47503825,126.90790809023943,37.44307071270884
다사47503850,126.90789033304603,37.44532403007704
다사47503875,126.90787257387552,37.44757734657681
다사47256100,126.90345023532852,37.648104738519706
다사47503725,126.9079790992466,37.4340574345521
다사47503750,126.90796134995931,37.43631075539385
다사47503775,126.90794359869584,37.438564075367225
다사47255300,126.90402593407013,37.57600069167423
다사47255325,126.90400797452682,37.57825395661987
다사47255350,126.90399001298314,37.58050722069591
다사47255375,126.90397204943888,37.58276048390232
다사47255200,126.90409775224433,37.56698762319602
다사47255225,126.90407980070016,37.56924089161989
다사47255250,126.90406184715656,37.57149415917422
다사47255275,126.9040438916133,37.573747425859
다사47255500,126.90388220170007,37.59402678688941
다사47255525,126.90386422614716,37.59628004487771
다사47255550,126.90384624859202,37.59853330199626
다사47255575,126.90382826903436,37.60078655824503
다사47255400,126.90395408389375,37.585013746239085
다사47255425,126.90393611634752,37.58726700770621
다사47255450,126.9039181468,37.58952026830365
다사47255475,126.90390017525093,37.59177352803138
다사47005350,126.90115875300637,37.580492891225305
다사47005375,126.90114070414124,37.582746153273035
다사47005400,126.90112265326576,37.58499941445107
다사47005425,126.9011046003797,37.58725267475937
다사47005250,126.90123092836814,37.57147983433762
다사47005275,126.90121288754203,37.573733099864
다사47005300,126.90119484470652,37.57598636452075
다사47005325,126.90117679986137,37.57823962830786
다사47005550,126.90101430578238,37.59851896325433
다사47005575,126.90099624082782,37.60077221834387
다사47005600,126.90097817386105,37.603025472563566
다사47005625,126.90096010488176,37.60527872591339
다사47005450,126.90108654548283,37.58950593419792
다사47005475,126.9010684885749,37.59175919276672
다사47005500,126.90105042965565,37.59401245046573
다사47005525,126.90103236872488,37.59626570729494
다사47004950,126.90144726163427,37.5444405801962
다사47004975,126.90142924490253,37.546693856156764
다사47005000,126.9014112261642,37.54894713124791
다사47005025,126.90139320541911,37.55120040546962
다사47004850,126.9015193085004,37.53542746766025
다사47004875,126.90150129979251,37.537680747098264
다사47004900,126.90148328907904,37.539934025666945
다사47004925,126.9014652763597,37.54218730336626
다사47005150,126.90130307158327,37.56246676353607
다사47005175,126.9012850387924,37.564720032540826
다사47005200,126.90126700399308,37.56697330067601
다사47005225,126.90124896718507,37.56922656794161
다사47005050,126.90137518266695,37.55345367882188
다사47005075,126.90135715790754,37.55570695130468
다사47005100,126.9013391311406,37.55796022291799
다사47005125,126.90132110236593,37.560213493661806
다사47254100,126.90488564431854,37.46784295199555
다사47254125,126.90486778051682,37.470096258660206
다사47254150,126.90484991472599,37.47234956445615
다사47254175,126.9048320469458,37.474602869383375
다사47254000,126.90495707963908,37.458829716650264
다사47254025,126.90493922379144,37.46108302678955
다사47254050,126.90492136595563,37.46333633606022
다사47254075,126.9049035061314,37.46558964446222
다사47254300,126.90474267819654,37.48586938098794
다사47254325,126.90472479847537,37.488122680702425
다사47254350,126.90470691676323,37.490375979548055
다사47254375,126.9046890330599,37.4926292775248
다사47254200,126.90481417717602,37.47685617344185
다사47254225,126.90479630541645,37.47910947663157
다사47254250,126.90477843166683,37.481362778952494
다사47254275,126.90476055592693,37.48361608040463
다사47005750,126.90086972978992,37.616544979613685
다사47253725,126.90515336281028,37.434043247793895
다사47253750,126.90513552881715,37.43629656748686
다사47253775,126.90511769283845,37.438549886311414
다사47005650,126.90094203388978,37.607531978393304
다사47005675,126.90092396088487,37.609785230003325
다사47005700,126.90090588586672,37.6120384807434
다사47005725,126.90088780883518,37.61429173061352
다사47253900,126.90502848315255,37.449816467407196
다사47253925,126.90501063525528,37.45206978102082
다사47253950,126.90499278537077,37.454323093765886
다사47253975,126.90497493349878,37.45657640564236
다사47253800,126.90509985487387,37.44080320426754
다사47253825,126.90508201492325,37.44305652135518
다사47253850,126.90506417298629,37.445309837574364
다사47253875,126.90504632906281,37.44756315292503
다사47003750,126.90230970966064,37.43628231202877
다사47003775,126.90229178896689,37.43853562969903
다사47003800,126.90227386627788,37.44078894650079
다사47003825,126.90225594159337,37.44304226243401
다사46755450,126.8982549461767,37.58949153216859
다사46755475,126.89823680391018,37.59174478957294
다사46755500,126.89821865962281,37.593998046107444
다사47003725,126.90232762835934,37.43402899349001
다사47003950,126.90216628822996,37.45430882907155
다사47003975,126.90214835156746,37.45656213979318
다사47004000,126.90213041290785,37.45881544964619
다사47004025,126.90211247225082,37.461068758630496
다사47003850,126.9022380149131,37.44529557749869
다사47003875,126.90222008623687,37.447548891694794
다사47003900,126.90220215556441,37.449802205022316
다사47003925,126.90218422289551,37.45205551748125
다사46755150,126.89847249583947,37.562452375474635
다사46755175,126.89845437780399,37.56470564331577
다사46755200,126.89843625775055,37.566958910287276
다사46755225,126.89841813567892,37.56921217638914
다사46755050,126.89854494780676,37.5534392954142
다사46755075,126.89852683784066,37.55569256673366
다사46755100,126.89850872585758,37.55794583718357
다사46755125,126.89849061185727,37.56019910676391
다사46755350,126.8983274950397,37.58047849385303
다사46755375,126.89830936085396,37.5827317547366
다사46755400,126.89829122464839,37.58498501475041
다사46755425,126.8982730864227,37.58723827389441
다사46755250,126.89840001158888,37.57146544162132
다사46755275,126.89838188548015,37.573718705983815
다사46755300,126.89836375735254,37.57597196947662
다사46755325,126.8983456272058,37.5782252320997
다사47004550,126.90173525664245,37.508388046602654
다사47004575,126.9017172719836,37.51064133647125
다사47004600,126.90169928532195,37.51289462547073
다사47004625,126.9016812966573,37.515147913601076
다사47004450,126.90180717525466,37.499374878437536
다사47004475,126.90178919860462,37.50162817178239
다사47004500,126.9017712199527,37.503881464258214
다사47004525,126.90175323929873,37.50613475586496
다사47004750,126.90159132328041,37.52641434121521
다사47004775,126.90157332259265,37.528667624130385
다사47004800,126.90155531990023,37.53092090617629
다사47004825,126.90153731520289,37.53317418735292
다사47004650,126.90166330598939,37.51740120086228
다사47004675,126.90164531331799,37.519654487254314
다사47004700,126.90162731864282,37.52190777277717
다사47004725,126.9016093219637,37.52416105743079
다사47004150,126.90202273899682,37.4723352905212
다사47004175,126.90200478635057,37.474588594293046
다사47004200,126.90198683170532,37.47684189719606
다사47004225,126.9019688750608,37.479095199230265
다사47004050,126.9020945295962,37.46332206674611
다사47004075,126.90207658494371,37.46557537399301
다사47004100,126.90205863829314,37.46782868037117
다사47004125,126.90204068964427,37.470081985880576
다사47004350,126.9018790618411,37.49036169636811
다사47004375,126.90186109319608,37.49261499318892
다사47004400,126.90184312255016,37.49486828914078
다사47004425,126.90182514990309,37.497121584223656
다사47004250,126.90195091641681,37.48134850039561
다사47004275,126.90193295577305,37.483601800692085
다사47004300,126.90191499312935,37.48585510011967
다사47004325,126.90189702848542,37.48810839867835
다사46753950,126.89933979308607,37.45429449678247
다사46753975,126.89932177163331,37.45654780634379
다사46754000,126.89930374817398,37.458801115036415
다사46754025,126.89928572270784,37.46105442286028
다사46753850,126.89941185883588,37.44528124985016
다사46753875,126.89939384540715,37.44753456288623
다사46753900,126.89937582997273,37.44978787505365
다사46753925,126.89935781253246,37.4520411863524
다사46754150,126.89919556526647,37.47232094894773
다사46754175,126.8991775277544,37.47457425155871
다사46754200,126.89915948823389,37.47682755330081
다사46754225,126.89914144670466,37.47908085417401
다사46754050,126.89926769523463,37.463307729815384
다사46754075,126.89924966575411,37.46556103590169
다사46754100,126.89923163426607,37.4678143411192
다사46754125,126.89921360077025,37.47006764546788
다사46505275,126.89555088543717,37.57370424421858
다사46505300,126.89553267201771,37.57595750654193
다사46505325,126.89551445656961,37.5782107679955
다사46505350,126.89549623909262,37.58046402857925
다사46505175,126.89562371883352,37.56469118622763
다사46505200,126.89560551352619,37.566944452029965
다사46505225,126.89558730619119,37.56919771696258
다사46505250,126.89556909682825,37.571450981025464
다사46753750,126.89948389249915,37.4362679890197
다사46753775,126.89946588709063,37.43852130553019
다사46753800,126.8994478796774,37.44077462117213
다사46753825,126.89942987025923,37.44302793594545
다사46505375,126.89547801958652,37.58271728829317
다사46505400,126.89545979805106,37.58497054713725
다사46505425,126.89544157448604,37.587223805111456
다사46505450,126.89542334889116,37.58947706221578
다사46754750,126.89876211016046,37.52639997176218
다사46754775,126.89874402437984,37.52865325351485
다사46754800,126.89872593658502,37.53090653439818
다사46754825,126.89870784677586,37.53315981441216
다사46754650,126.89883443314628,37.51738683605859
다사46754675,126.89881635541985,37.5196401212884
다사46754700,126.89879827568025,37.52189340564893
다사46754725,126.89878019392721,37.524146689140196
다사46754950,126.89861736750589,37.544426201441176
다사46754975,126.8985992656054,37.54667947623867
다사46755000,126.8985811616889,37.548932750166685
다사46755025,126.89856305575607,37.55118602322521
다사46754850,126.89868975495206,37.53541309355676
다사46754875,126.89867166111341,37.537666371831996
다사46754900,126.89865356525964,37.539919649237824
다사46754925,126.89863546739055,37.542172925774224
다사46754350,126.8990512089196,37.49034734550585
다사46754375,126.89903315533316,37.49260064116526
다사46754400,126.89901509973633,37.49485393595564
다사46754425,126.89899704212894,37.49710722987697
다사46754250,126.89912340316648,37.481334154178285
다사46754275,126.89910535761912,37.48358745331362
다사46754300,126.89908731006236,37.485840751580014
다사46754325,126.89906926049593,37.48809404897744
다사46754550,126.89890672392463,37.5083736864472
다사46754575,126.89888865424865,37.51062697515384
다사46754600,126.89887058256042,37.512880262991295
다사46754625,126.8988525088597,37.51513354995954
다사46754450,126.8989789825107,37.49936052292922
다사46754475,126.89896092088136,37.5016138151124
다사46754500,126.89894285724074,37.50386710642646
다사46754525,126.89892479158857,37.50612039687142
다사46504075,126.89642274857204,37.46554663018844
다사46504100,126.89640463224674,37.467799934239814
다사46504125,126.89638651390426,37.47005323742231
다사46504150,126.89636839354432,37.47230653973589
다사46503975,126.89649519370576,37.456533405294344
다사46504000,126.89647708544696,37.458786712821116
다사46504025,126.8964589751719,37.461040019479064
다사46504050,126.89644086288033,37.46329332526818
다사46504275,126.89627776147462,37.48357303826943
다사46504300,126.89625962900503,37.48582633536914
다사46504325,126.8962414945163,37.4880796315998
다사46504350,126.89622335800824,37.490332926961415
다사46504175,126.8963502711667,37.47455984118053
다사46504200,126.89633214677117,37.47681314175622
다사46504225,126.89631402035745,37.479066441462955
다사46504250,126.89629589192536,37.48131974030069
다사46255325,126.89268328796227,37.578196235995435
다사46255350,126.89266498517468,37.58044949540411
다사46255375,126.89264668034843,37.58270275394288
다사46255400,126.89262837348336,37.584956011611744
다사46255225,126.89275647873137,37.56918318966211
다사46255250,126.8927381840958,37.5714364525502
다사46255275,126.8927198874226,37.57368971456846
다사46255300,126.8927015887115,37.57594297571688
다사46503875,126.89656760658306,37.447520166499494
다사46503900,126.89654950638693,37.44977347750134
다사46503925,126.89653140417552,37.452026787634445
다사46503950,126.89651329994852,37.45428009689879
다사46255425,126.89261006457919,37.58720926841066
다사46255450,126.89259175363567,37.58946252433964
다사46503825,126.89660380093025,37.44301354188965
다사46503850,126.89658570476408,37.445266854628926
다사46504875,126.89584202444938,37.53765192876847
다사46504900,126.89582384345556,37.53990520500595
다사46504925,126.89580566043696,37.54215848037395
다사46504950,126.89578747539329,37.544411754872435
다사46504775,126.89591472818114,37.52863881512397
다사46504800,126.89589655528424,37.530892094839245
다사46504825,126.89587838036346,37.533145373685095
다사46504850,126.8958602034186,37.5353986516615
다사46505075,126.8956965197908,37.5556781143215
다사46505100,126.8956783225918,37.55793138360252
다사46505125,126.89566012336608,37.560184652013895
다사46505150,126.8956419221134,37.56243791955559
다사46504975,126.89576928832433,37.54666502850139
다사46505000,126.89575109922986,37.548918301260784
다사46505025,126.8957329081096,37.55117157315061
다사46505050,126.89571471496332,37.55342484417086
다사46504475,126.89613264516946,37.50159939073285
다사46504500,126.89611449654033,37.50385268087969
다사46504525,126.89609634589021,37.50610597015732
다사46504550,126.89607819321883,37.508359258565754
다사46504375,126.89620521948062,37.492586221453934
다사46504400,126.89618707893312,37.49483951507736
다사46504425,126.89616893636561,37.49709280783166
다사46504450,126.8961507917778,37.49934609971684
다사46504675,126.89598739953495,37.51962568756906
다사46504700,126.8959692347311,37.521878970761826
다사46504725,126.89595106790435,37.52413225308524
다사46504750,126.89593289905446,37.5263855345393
다사46504575,126.89606003852597,37.51061254610495
다사46504600,126.8960418818114,37.512865832774914
다사46504625,126.89602372307485,37.515119118575576
다사46504650,126.89600556231612,37.517372403506975
다사46254125,126.8935594290557,37.470038761743965
다사46254150,126.89354122383989,37.472292062885806
다사46254175,126.89352301659693,37.474545363158654
다사46254200,126.8935048073266,37.47679866256247
다사46254025,126.89363222965247,37.46102554848699
다사46254050,126.89361403254279,37.46327885310465
다사46254075,126.8935958334069,37.46553215685338
다사46254100,126.89357763224464,37.46778545973314
다사46254325,126.89341373055603,37.48806514654563
다사46254350,126.89339550911646,37.49031844073495
다사46254375,126.89337728564787,37.49257173405511
다사46254400,126.89335906014999,37.4948250265061
다사46254225,126.89348659602865,37.47905196109725
다사46254250,126.89346838270285,37.48130525876298
다사46254275,126.89345016734897,37.48355855555963
다사46254300,126.8934319499668,37.485811851487185
다사46005350,126.88983373329532,37.58043489432776
다사46005375,126.88981534314921,37.58268815168589
다사46005400,126.88979695095473,37.58494140817405
다사46005425,126.88977855671168,37.5871946637922
다사46005250,126.88990727340102,37.57142185619569
다사46005275,126.88988889144592,37.57367511703359
다사46005300,126.88987050744345,37.575928377001574
다사46005325,126.88985212139332,37.57818163609964
다사46253925,126.8937049978341,37.452012321327516
다사46253950,126.89368680882677,37.45426562942068
다사46253975,126.89366861779422,37.456518936644976
다사46254000,126.89365042473618,37.45877224300044
다사46005450,126.88976016041978,37.58944791854032
다사46253850,126.89375955270712,37.44525239183515
다사46253875,126.89374136977403,37.44750570253473
다사46253900,126.89372318481644,37.44975901236553
다사46254925,126.89297585550842,37.5421439671656
다사46254950,126.89295758530598,37.54439724049012
다사46254975,126.89293931306878,37.546650512945035
다사46255000,126.89292103879657,37.548903784530346
다사46254825,126.89304891597516,37.53313086517188
다사46254850,126.89303065390943,37.53538414197461
다사46254875,126.8930123898099,37.537637417907824
다사46254900,126.8929941236763,37.53989069297149
다사46255125,126.89282963690187,37.560170129411915
다사46255150,126.89281135041452,37.56242339577909
다사46255175,126.89279306189049,37.56467666127655
다사46255200,126.89277477132951,37.566929925904226
다사46255025,126.8929027624891,37.551157055246
다사46255050,126.89288448414612,37.55341032509202
다사46255075,126.89286620376743,37.55566359406835
다사46255100,126.89284792135275,37.557916862174984
다사46254525,126.89326790221307,37.50609147572287
다사46254550,126.89324966453451,37.50834476295845
다사46254575,126.893231424825,37.510598049324734
다사46254600,126.89321318308431,37.512851334821704
다사46254425,126.8933408326226,37.49707831808791
다사46254450,126.89332260306543,37.49933160880051
다사46254475,126.89330437147828,37.501584898643884
다사46254500,126.89328613786093,37.503838187618015
다사46254725,126.89312194390466,37.52411774926606
다사46254750,126.8931036899718,37.52637102954671
다사46254775,126.89308543400611,37.528624308957916
다사46254800,126.8930671760073,37.530877587499646
다사46254625,126.89319493931218,37.51510461944932
다사46254650,126.89317669350841,37.51735790320759
다사46254675,126.8931584456727,37.51961118609648
다사46254700,126.89314019580486,37.52186446811598
다사46004150,126.89071405616258,37.47227751839766
다사46004175,126.89069576405451,37.474530817493225
다사46004200,126.89067746990963,37.47678411571969
다사46004225,126.8906591737277,37.47903741307705
다사46004050,126.8907872042314,37.46326431332493
다사46004075,126.89076892026823,37.465517615896644
다사46004100,126.8907506342692,37.46777091759935
다사46004125,126.89073234623405,37.47002421843303
다사46004350,126.89056766225374,37.490303886826595
다사46004375,126.89054935384442,37.49255717896893
다사46004400,126.89053104339636,37.49481047024201
다사46004425,126.89051273090931,37.49706376064583
다사46004250,126.89064087550847,37.481290709565286
다사46004275,126.89062257525167,37.48354400518439
다사46004300,126.89060427295713,37.485797299934305
다사46004325,126.89058596862456,37.48805059381506
다사45755350,126.88700248346407,37.58042022535034
다사45755375,126.88698400799834,37.582673481522356
다사45755400,126.88696553047473,37.584926736824315
다사45755425,126.88694705089301,37.5871799912562
다사45755250,126.88707636475337,37.57140719196205
다사45755275,126.88705789751661,37.57366045161411
다사45755300,126.887039428223,37.5759137103962
다사45755325,126.88702095687223,37.57816696830828
다사46003950,126.89086031973025,37.45425109434829
다사46003975,126.89084204390817,37.45650440039586
다사46004000,126.89082376605111,37.45875770557451
다사46004025,126.89080548615895,37.461011009884196
다사45755450,126.88692856925296,37.589433244818
다사45755475,126.88691008555432,37.591686497509656
다사45755500,126.88689159979685,37.5939397493312
다사46003925,126.89087859351771,37.451997787431786
다사46004950,126.89012769725348,37.54438265829439
다사46004975,126.89010933984827,37.54663592956979
다사46005000,126.89009098039854,37.54888919997551
다사46005025,126.89007261890411,37.55114246951152
다사46004850,126.89020110643413,37.53536956449624
다사46004875,126.8901827572045,37.537622839250226
다사46004900,126.89016440593136,37.53987611313459
다사46004925,126.89014605261443,37.54212938614931
다사46005150,126.88998078075232,37.562408804145285
다사46005175,126.88996240698438,37.564662068462674
다사46005200,126.88994403117,37.56691533191021
다사46005225,126.88992565330896,37.569168594487884
다사46005050,126.89005425536467,37.5533957381778
다사46005075,126.89003588978002,37.555649005974345
다사46005100,126.89001752214992,37.557902272901124
다사46005125,126.8899991524741,37.560155538958114
다사46004550,126.89042113788115,37.50833019962544
다사46004575,126.89040281315522,37.51058348481333
다사46004600,126.89038448638865,37.51283676913183
다사46004625,126.89036615758118,37.5150900525809
다사46004450,126.89049441638306,37.49931705018039
다사46004475,126.89047609981738,37.50157033884564
다사46004500,126.89045778121198,37.50382362664159
다사46004525,126.89043946056665,37.50607691356819
다사46004750,126.89027448292205,37.52635645678457
다사46004775,126.89025614186416,37.52860973501683
다사46004800,126.8902377987637,37.53086301237953
다사46004825,126.89021945362045,37.53311628887268
다사46004650,126.8903478267326,37.51734333516057
다사46004675,126.89032949384261,37.51959661687079
다사46004700,126.89031115891102,37.52184989771155
다사46004725,126.89029282193756,37.52410317768281
다사45754150,126.88788689052186,37.472262906271595
다사45754175,126.88786851354894,37.4745162041844
다사45754200,126.88785013452974,37.47676950122804
다사45754225,126.88783175346403,37.47902279740251
다사45754050,126.88796037795566,37.46324970592918
다사45754075,126.88794200916541,37.46550300731842
다사45754100,126.88792363832985,37.46775630783859
다사45754125,126.88790526544874,37.47000960748965
다사45754350,126.88773981742949,37.49028926523653
다사45754375,126.88772142407969,37.49254255619554
다사45754400,126.8877030286817,37.49479584628523
다사45754425,126.88768463123527,37.49704913550562
다사45754250,126.8878133703516,37.48127609270778
다사45754275,126.88779498519216,37.48352938714383
다사45754300,126.88777659798548,37.485782680710656
다사45754325,126.88775820873134,37.48803597340822
다사45505325,126.88418979440851,37.57815223262149
다사45505350,126.88417123569047,37.58040548847201
다사45505375,126.88415267490531,37.58265874345241
다사45505400,126.8841341120528,37.58491199756269
다사45505225,126.88426400861438,37.56913920051871
다사45505250,126.88424545816237,37.571392459849484
다사45505275,126.88422690564423,37.57364571831021
다사45505300,126.8842083510597,37.57589897590089
다사45753950,126.8880338326684,37.45423649168175
다사45753975,126.88801547205699,37.45648979654713
다사45754000,126.8879971094012,37.45874310054351
다사45754025,126.88797874470085,37.46099640367087
다사45505425,126.8841155471327,37.58716525080282
다사45505450,126.88409698014472,37.58941850317279
다사45505475,126.88407841108867,37.591671754672554
다사45505500,126.88405983996425,37.59392500530214
다사45754950,126.88729781124519,37.54436800828539
다사45754975,126.88727936867224,37.54662127837581
다사45755000,126.88726092404528,37.54887454759644
다사45755025,126.88724247736408,37.551127815947325
다사45754850,126.8873715610021,37.53535491922654
다사45754875,126.88735312664265,37.5376081927958
다사45754900,126.88733469023018,37.53986146549538
다사45754925,126.88731625176443,37.54211473732524
다사45755150,126.88715021313632,37.56239414465434
다사45755175,126.88713175412471,37.564647407786154
다사45755200,126.88711329305718,37.56690067004806
다사45755225,126.88709482993349,37.569153931440034
다사45755050,126.88722402862844,37.55338108342839
다사45755075,126.88720557783807,37.555634350039654
다사45755100,126.88718712499276,37.55788761578108
다사45755125,126.88716867009225,37.560140880652646
다사45754550,126.88759261326818,37.508315568566886
다사45754575,126.8875742035261,37.5105688525709
다사45754600,126.8875557917339,37.51282213570545
다사45754625,126.88753737789132,37.515075417970515
다사45754450,126.88766623174018,37.49930242385663
다사45754475,126.88764783019614,37.50155571133829
다사45754500,126.88762942660297,37.50380899795057
다사45754525,126.8876110209604,37.506062283693446
다사45754750,126.8874452779146,37.526341816253044
다사45754775,126.8874268517648,37.52859509330086
다사45754800,126.88740842356295,37.53084836947906
다사45754825,126.88738999330879,37.53310164478763
다사45754650,126.88751896199815,37.51732869936608
다사45754675,126.88750054405413,37.519581979892145
다사45754700,126.88748212405902,37.52183525954867
다사45754725,126.88746370201261,37.52408853833564
다사45504125,126.88507818670922,37.46999492891397
다사45504150,126.88505972692714,37.47224822650775
다사45504175,126.8850412650896,37.47450152323233
다사45504200,126.88502280119634,37.47675481908767
다사45504025,126.88515200528757,37.46098172984712
다사45504050,126.88513355372498,37.46323503091756
다사45504075,126.8851151001079,37.465488331118856
다사45504100,126.88509664443605,37.467741630450995
다사45504325,126.88493045088583,37.488021285325296
다사45504350,126.88491197465319,37.49027457596487
다사45504375,126.88489349636318,37.49252786573509
다사45504400,126.88487501601547,37.49478115463592
다사45504225,126.88500433524715,37.479008114073764
다사45504250,126.88498586724171,37.4812614081906
다사45504275,126.88496739717985,37.48351470143813
다사45504300,126.88494892506132,37.485767993816374
다사45255250,126.88141455363751,37.571377659858115
다사45255275,126.8813959158382,37.57363091712202
다사45255300,126.881377275963,37.57588417351581
다사45255325,126.88135863401169,37.578137429039444
다사45255150,126.88148908408084,37.56236462210158
다사45255175,126.88147045458261,37.564617882845816
다사45255200,126.88145182300947,37.56687114271999
다사45255225,126.8814331893612,37.56912440172409
다사45255450,126.88126539310456,37.58940369360486
다사45255475,126.88124673869135,37.591656943907246
다사45503975,126.88518890225016,37.45647512509892
다사45504000,126.8851704547959,37.45872842790757
다사45255350,126.88133998998397,37.58039068369295
다사45255375,126.88132134387966,37.582643937476234
다사45255400,126.88130269569848,37.58489719038933
다사45255425,126.88128404544021,37.58715044243221
다사45504925,126.88448645296795,37.542100020693546
다사45504950,126.88446792729069,37.544353290463285
다사45504975,126.88444939955019,37.54660655936321
다사45505000,126.88443086974623,37.54885982739331
다사45504825,126.88456053504966,37.53308693291688
다사45504850,126.88454201762286,37.53534020616565
다사45504875,126.88452349813382,37.537593478544714
다사45504900,126.88450497658226,37.539846750054025
다사45505125,126.88433818976588,37.56012615449567
다사45505150,126.88431964757599,37.56237941730638
다사45505175,126.88430110332096,37.564632679247154
다사45505200,126.8842825570005,37.56688594031793
다사45505025,126.88441233787856,37.55111309455356
다사45505050,126.8843938039469,37.55336636084393
다사45505075,126.88437526795109,37.55561962626442
다사45505100,126.88435672989083,37.557872890815005
다사45504525,126.8847825834038,37.50604758609876
다사45504550,126.88476409070512,37.50830086978292
다사45504575,126.8847455959471,37.51055415259758
다사45504600,126.8847270991295,37.5128074345427
다사45504425,126.88485653360989,37.49703444266737
다사45504450,126.88483804914618,37.49928772982938
다사45504475,126.88481956262409,37.501541016121976
다사45504500,126.88480107404337,37.503794301545106
다사45504725,126.88463458413919,37.52407383122471
다사45504750,126.88461607495896,37.52632710795227
다사45504775,126.88459756371748,37.52858038381016
다사45504800,126.88457905041444,37.530833658798365
다사45504625,126.88470860025205,37.515060715618276
다사45504650,126.88469009931454,37.51731399582428
다사45504675,126.88467159631675,37.51956727516071
다사45504700,126.88465309125836,37.52182055362752
다사45254050,126.88230673154881,37.4632202882902
다사45254075,126.88228819310513,37.46547358729808
다사45254100,126.88226965259724,37.46772688543672
다사45254125,126.88225111002492,37.469980182706145
다사45005375,126.87849001493088,37.582629063593956
다사45005400,126.87847128142128,37.584882315304384
다사45005425,126.87845254582507,37.58713556614453
다사45005450,126.878433808142,37.589388816114365
다사45254250,126.88215836618828,37.48124665601388
다사45254275,126.88213981122425,37.48349994806745
다사45254300,126.88212125419406,37.48575323925162
다사45254325,126.88210269509752,37.48800652956642
다사45254150,126.88223256538794,37.472233479106286
다사45254175,126.88221401868601,37.47448677463715
다사45254200,126.88219546991891,37.47674006929873
다사45254225,126.88217691908642,37.47899336309097
다사45005075,126.87871465437992,37.55558997519294
다사45005100,126.87869594589047,37.557843237345395
다사45005125,126.87867723531737,37.560096498627786
다사45005150,126.87865852266036,37.56234975904009
다사45004975,126.87878946750598,37.54657691788284
다사45005000,126.87877076734873,37.54883018351537
다사45005025,126.8787520651088,37.55108344827791
다사45005050,126.87873336078594,37.553336712170434
다사45005275,126.87856492810806,37.57361604804969
다사45005300,126.87854620294246,37.5758693032411
다사45005325,126.87852747569121,37.578122557562295
다사45005350,126.8785087463541,37.580375811013255
다사45005175,126.87863980791917,37.56460301858228
다사45005200,126.87862109109362,37.56685627725437
다사45005225,126.87860237218341,37.56910953505631
다사45005250,126.87858365118831,37.57136279198809
다사45254850,126.88171247630586,37.53532542531375
다사45254875,126.88169387168745,37.53757869649713
다사45254900,126.88167526499707,37.53983196681067
다사45254925,126.88165665623447,37.54208523625437
다사45254750,126.88178687406463,37.526312331882394
다사45254775,126.88176827773167,37.52856560654488
다사45254800,126.88174967932774,37.53081888033761
다사45254825,126.88173107885254,37.53307215326057
다사45255050,126.88156358132959,37.55335157042455
다사45255075,126.88154496012854,37.5556048346488
다사45255100,126.88152633685357,37.55785809800306
다사45255125,126.88150771150441,37.560111360487326
다사45254950,126.8816380453994,37.54433850482821
다사45254975,126.8816194324916,37.54659177253217
다사45255000,126.88160081751089,37.548845039366235
다사45255025,126.88158220045695,37.55109830533036
다사45254450,126.88200986861055,37.49927296809881
다사45254475,126.88199129711063,37.50152625319684
다사45254500,126.88197272354262,37.50377953742535
다사45254525,126.88195414790628,37.50603282078431
다사45254350,126.88208413393431,37.4902598190118
다사45254375,126.8820655707043,37.49251310758774
다사45254400,126.88204700540714,37.494766395294235
다사45254425,126.88202843804265,37.49701968213127
다사45254650,126.88186123869127,37.5172992245353
다사45254675,126.8818426506399,37.51955250267662
다사45254700,126.88182406051848,37.52180577994823
다사45254725,126.88180546832682,37.52405905635017
다사45254550,126.88193557020138,37.50828610327372
다사45254575,126.8819169904277,37.51053938489353
다사45254600,126.88189840858492,37.512792665643744
다사45254625,126.88187982467286,37.51504594552434
다사44755175,126.87580916334015,37.56458808645674
다사44755200,126.87579036126237,37.56684134392124
다사44755225,126.8757715570905,37.56909460051553
다사44755250,126.87575275082422,37.571347856239576
다사44755075,126.87588435071471,37.555575047897
다사44755100,126.87586555701102,37.55782830884216
다사44755125,126.87584676121422,37.56008156891719
다사44755150,126.875827963324,37.56233482812204
다사44755375,126.87565868806843,37.58261412180574
다사44755400,126.87563986923067,37.58486737230801
다사45004125,126.87942403540531,37.46996536886632
다사45004150,126.87940540591362,37.472218664067356
다사44755275,126.8757339424633,37.573601111093375
다사44755300,126.87571513200753,37.57585436507692
다사44755325,126.87569631945662,37.578107618190174
다사44755350,126.87567750481034,37.58036087043312
다사44754775,126.87610971198256,37.528535848691206
다사44754800,126.8760909433775,37.530789120076555
다사44754825,126.87607217268224,37.53304239059197
다사44754850,126.87605339989655,37.53529566023747
다사44754675,126.87618476550577,37.519522754451074
다사44754700,126.87616600525904,37.52177602931589
다사44754725,126.87614724292308,37.52402930331084
다사44754750,126.87612847849769,37.52628257643597
다사44754975,126.87595950460279,37.54656199541536
다사44755000,126.87594071926925,37.548815259840886
다사44755025,126.87592193184356,37.551068523396346
다사44755050,126.87590314232547,37.553321786081725
다사44754875,126.87603462502015,37.53754892901303
다사44754900,126.87601584805283,37.539802196918615
다사44754925,126.87599706899434,37.54205546395421
다사44754950,126.87597828784439,37.5443087301198
다사45004675,126.8790137070331,37.51953766244002
다사45004700,126.8789950318489,37.52179093851097
다사45004725,126.87897635458495,37.524044213712166
다사45004750,126.87895767524104,37.526297488043575
다사45004575,126.87908838697733,37.51052454945891
다사45004600,126.87906972010964,37.51277782900873
다사45004625,126.87905105116323,37.51503110768887
다사45004650,126.87903238013777,37.51728438549931
다사45004875,126.87886424731307,37.53756384665318
다사45004900,126.87884555548412,37.53981711576548
다사45004925,126.87882686157342,37.54207038400788
다사45004950,126.87880816558079,37.54432365138033
다사45004775,126.8789389938169,37.52855076150517
다사45004800,126.87892031031227,37.53080403409696
다사45004825,126.87890162472692,37.5330573058189
다사45004850,126.8788829370606,37.53531057667097
다사45004275,126.87931222733475,37.483485127031905
다사45004300,126.8792935853932,37.485738417016556
다사45004325,126.8792749413758,37.487991706131744
다사45004350,126.87925629528232,37.49024499437745
다사45004175,126.87938677434758,37.47447195839904
다사45004200,126.87936814070689,37.47672525186137
다사45004225,126.87934950499137,37.47897854445429
다사45004250,126.87933086720072,37.48123183617781
다사45004475,126.87916303366525,37.501511422563055
다사45004500,126.87914437511019,37.50376470559145
다사45004525,126.87912571447735,37.50601798775025
다사45004550,126.87910705176648,37.5082712690394
다사45004375,126.87923764711253,37.49249828175365
다사45004400,126.87921899686617,37.49475156826033
다사45004425,126.879200344543,37.497004853897465
다사45004450,126.87918169014277,37.49925813866504
다사44504750,126.87329928384403,37.52626759705972
다사44504775,126.8732804322382,37.52852086810312
다사44504800,126.87326157853296,37.53077413827654
다사44504825,126.87324272272804,37.53302740757997
다사44504650,126.87337466927802,37.51725450418689
다사44504675,126.87335582606741,37.51950777870995
다사44504700,126.8733369807584,37.521761052363125
다사44504725,126.87331813335066,37.52401432514639
다사44504950,126.87314841219965,37.544293741046765
다사44504975,126.87312954379152,37.54654700512991
다사44505000,126.87311067328196,37.54880026834294
다사44505025,126.87309180067075,37.551053530685834
다사44504850,126.87322386482319,37.535280676013414
다사44504875,126.87320500481817,37.53753394357683
다사44504900,126.87318614271275,37.539787210270205
다사44504925,126.87316727850667,37.54204047609353
다사44504350,126.8736006242167,37.49021514206554
다사44504375,126.87358180616813,37.49246842702582
다사44504400,126.8735629860241,37.49472171111643
다사44504425,126.8735441637843,37.49697499433736
다사44504250,126.87367587546113,37.48120199352818
다사44504275,126.87365706579202,37.48345528196692
다사44504300,126.87363825402839,37.48570856953607
다사44504325,126.87361944017005,37.48796185623562
다사44504550,126.87345002114091,37.5082413973961
다사44504575,126.87343118632162,37.51049467539853
다사44504600,126.87341234940484,37.512747952531164
다사44504625,126.8733935103904,37.51500122879395
다사44504450,126.87352533944856,37.49922827668859
다사44504475,126.8735065130166,37.5014815581701
다사44504500,126.87348768448815,37.50373483878187
다사44504525,126.87346885386303,37.505988118523874
다사44754375,126.87640972559731,37.492483388232955
다사44754400,126.876390990402,37.494736673534334
다사44754425,126.8763722531204,37.49698995796611
다사44754450,126.87635351375228,37.499243241528255
다사44754275,126.87648464552086,37.483470238331684
다사44754300,126.87646591866815,37.48572352711132
다사44754325,126.87644718973016,37.487976815021426
다사44754350,126.87642845870661,37.49023010206198
다사44754575,126.87625978560547,37.51050964629386
다사44754600,126.87624103371313,37.512762924637826
다사44754625,126.87622227973257,37.51501620211202
다사44754650,126.87620352366353,37.51726947871645
다사44754475,126.87633477229743,37.501496524220755
다사44754500,126.87631602875555,37.50374980604358
다사44754525,126.87629728312645,37.50600308699672
다사44754550,126.87627853540982,37.50825636708014
다사44505150,126.8729974060813,37.56231982934761
다사44505175,126.872978520855,37.56457308646931
다사44505200,126.87295963352528,37.56682634272073
다사44505225,126.87294074409198,37.56907959810189
다사44505050,126.87307292595766,37.553306792158565
다사44505075,126.87305404914241,37.55556005276114
다사44505100,126.87303517022475,37.557813312493515
다사44505125,126.87301628920447,37.560066571355684
다사44754175,126.87655953208372,37.47445707451815
다사44754200,126.8765408135697,37.476710366775734
다사44754225,126.87652209297138,37.47896365816387
다사44754250,126.87650337028853,37.48121694868252
다사44505250,126.87292185255478,37.57133285261273
다사44505275,126.87290295891344,37.573586106253245
다사44505300,126.87288406316773,37.57583935902342
다사44505325,126.87286516531739,37.57809261092325
다사44005325,126.86720286336308,37.578062392705604
다사44254275,126.87082948815765,37.48344025793777
다사44254300,126.87081059148339,37.48569354429097
다사44254350,126.87077279182203,37.490200114388294
다사44005225,126.86727912441607,37.56904938965669
다사44005250,126.86726006233775,37.57130264172464
다사44005275,126.8672409981363,37.573555892922116
다사44005300,126.86722193181151,37.57580914324911
다사44254475,126.87067825583222,37.501466524411256
다사44254500,126.87065934231748,37.50371980380648
다사44254525,126.87064042669655,37.50597308233187
다사44254550,126.87062150896921,37.508226359987425
다사44254375,126.87075388883443,37.492453398132405
다사44254400,126.8707349837419,37.49470668100676
다사44254425,126.8707160765442,37.49695996301136
다사44254450,126.87069716724105,37.49921324414621
다사44004925,126.86750770384356,37.54201029695174
다사44004950,126.86748866722316,37.54426355946382
다사44004975,126.86746962848268,37.54651682110566
다사44005000,126.86745058762179,37.54877008187725
다사44004825,126.86758382912883,37.53299723820136
다사44004850,126.86756480098644,37.53525050419422
다사44004875,126.86754577072494,37.53750376931692
다사44004900,126.86752673834405,37.53975703356943
다사44005125,126.86735535150315,37.56003637268061
다사44005150,126.86733629791479,37.56228962823022
다사44005175,126.86731724220435,37.564542882909464
다사44005200,126.8672981843715,37.56679613671829
다사44005025,126.86743154464031,37.55102334177855
다사44005050,126.86741249953796,37.55327660080955
다사44005075,126.86739345231446,37.555529858970246
다사44005100,126.8673744029696,37.55778311626061
다사44255075,126.8702237496725,37.555544989785496
다사44255100,126.87020478554112,37.55779824829961
다사44255125,126.87018581929762,37.560051505943434
다사44255150,126.87016685094174,37.56230476271696
다사44254975,126.87029958508164,37.54653194702662
다사44255000,126.8702806293963,37.54878520902167
다사44255025,126.87026167159983,37.55103847014651
다사44255050,126.870242711692,37.55329173040112
다사44255275,126.87007197746793,37.57357103352944
다사44255300,126.87005299643253,37.57582428508077
다사44255325,126.87003401328305,37.57807753576168
다사44504225,126.87369468303599,37.47894870421987
다사44255175,126.87014788047323,37.564558018620176
다사44255200,126.87012890789184,37.56681127365304
다사44255225,126.87010993319733,37.569064527815556
다사44255250,126.87009095638946,37.571317781107695
다사44254675,126.8705268887275,37.51949273521679
다사44254700,126.87050795835643,37.52174600765285
다사44254725,126.87048902587719,37.52399927921892
다사44254750,126.87047009128955,37.52625254991501
다사44254575,126.8706025891352,37.510479636773105
다사44254600,126.87058366719428,37.51273291268891
다사44254625,126.87056474314618,37.51498618773479
다사44254650,126.87054581699067,37.51723946191077
다사44254875,126.8703753867166,37.53751889034475
다사44254900,126.87035643947333,37.53977215582042
다사44254925,126.87033749011992,37.542025420425986
다사44254950,126.87031853865611,37.544278684161384
다사44254775,126.87045115459327,37.52850581974106
다사44254800,126.87043221578807,37.53075908869709
다사44254825,126.87041327487374,37.533012356783054
다사44254850,126.87039433185,37.535265623998946
다사43754700,126.86484991988645,37.52171571496037
다사43754725,126.86483081726492,37.52396898407564
다사43754750,126.86481171251604,37.52622225232076
다사43754775,126.86479260563955,37.52847551969572
다사43754600,126.86492630910408,37.51270262979825
다사43754625,126.86490721498946,37.51495590239389
다사43754650,126.86488811874847,37.51720917411948
다사43754675,126.86486902038088,37.51946244497498
다사43754900,126.8646970393344,37.53974184351736
다사43754925,126.86467791968704,37.54199510567095
다사43754950,126.86465879791035,37.54424836695422
다사43754975,126.86463967400405,37.546501627367185
다사43754800,126.86477349663524,37.53072878620049
다사43754825,126.8647543855028,37.53298205183505
다사43754850,126.86473527224202,37.5352353165994
다사43754875,126.86471615685264,37.53748858049351
다사43505275,126.86157904585264,37.573525408057556
다사43505300,126.86155980894974,37.57577865591942
다사43754350,126.86511713335618,37.490169855992
다사43754375,126.8650980604913,37.492423137287325
다사43505175,126.86165597204315,37.56451240790399
다사43505200,126.86163674370822,37.56676565924827
다사43505225,126.86161751323164,37.56901890972196
다사43505250,126.8615982806132,37.571272159325076
다사43754500,126.86500266430411,37.50368953071529
다사43754525,126.86498357869239,37.505942806791055
다사43754550,126.86496449095529,37.5081960819968
다사43754575,126.86494540109261,37.51044935633254
다사43754400,126.86507898550255,37.49467641771275
다사43754425,126.86505990838972,37.496929697268286
다사43754450,126.86504082915255,37.49918297595389
다사43754475,126.86502174779075,37.50143625376958
다사44004525,126.86781200163654,37.50595797842088
다사44004550,126.86779299890418,37.508211254854274
다사44004575,126.86777399405572,37.51046453041773
다사44004600,126.86775498709086,37.512717805111215
다사44004425,126.86788799140952,37.49694486398829
다사44004450,126.86786899713923,37.49919814390125
다사44004475,126.86785000075379,37.501451422944356
다사44004500,126.86783100225297,37.50370470111758
다사44004725,126.86765992051211,37.52398416552862
다사44004750,126.86764090084375,37.52623743500196
다사44004775,126.86762187905722,37.52849070360521
다사44004800,126.86760285515233,37.53074397133836
다사44004625,126.86773597800936,37.51497107893472
다사44004650,126.86771696681102,37.51722435188824
다사44004675,126.86769795349551,37.51947762397174
다사44004700,126.86767893806262,37.52173089518521
다사43755100,126.86454402251972,37.557767916376655
다사43755125,126.86452488583053,37.560021171567335
다사43755150,126.86450574700999,37.56227442588757
다사43755175,126.86448660605782,37.56452767933735
다사43755000,126.86462054796792,37.548754886909826
다사43755025,126.86460141980164,37.55100814558211
다사43755050,126.86458228950502,37.55326140338401
다사43755075,126.8645631570778,37.55551466031554
다사43755300,126.86439086931406,37.575793933528615
다사43755325,126.86437171556695,37.57804718175521
다사44004375,126.86792597360567,37.492438301552845
다사44004400,126.86790698356492,37.49469158320548
다사43755200,126.8644674629738,37.56678093191664
다사43755225,126.86444831775766,37.56903418362544
다사43755250,126.86442917040917,37.57128743446371
다사43755275,126.86441002092805,37.573540684431435
다사43255050,126.85892187584052,37.553230805031646
다사43255075,126.85890257300655,37.55548405948837
다사43255100,126.85888326802278,37.55773731307456
다사43255125,126.85886396088891,37.55999056579015
다사43254950,126.85899906568304,37.54421777849955
다사43254975,126.85897977144589,37.54647103643832
다사43255000,126.85896047505992,37.5487242935066
다사43255025,126.8589411765249,37.550977549704385
다사43255250,126.85876739295935,37.57125681630888
다사43255275,126.85874807291962,37.57351006380065
다사43255300,126.85872875072803,37.5757633104217
다사43504350,126.86228930730394,37.49015462527327
다사43255150,126.85884465160467,37.56224381763515
다사43255175,126.85882534016987,37.56449706860954
다사43255200,126.8588060265842,37.56675031871331
다사43255225,126.85878671084747,37.56900356794644
다사43254650,126.85923042901265,37.51717861534386
다사43254675,126.85921116054166,37.51943188372691
다사43254700,126.85919188992487,37.521685151239716
다사43254725,126.85917261716206,37.52393841788223
다사43254550,126.85930748144375,37.5081655331095
다사43254575,126.8592882215534,37.510418804973376
다사43254600,126.85926895951826,37.51267207596708
다사43254625,126.85924969533811,37.51492534609058
다사43254850,126.85907622114846,37.53520473804009
다사43254875,126.85905693550406,37.53745799946059
다사43254900,126.85903764771187,37.53971126001068
다사43254925,126.85901835777162,37.541964519690346
다사43254750,126.85915334225294,37.52619168365447
다사43254775,126.85913406519725,37.52844494855639
다사43254800,126.85911478599479,37.53069821258798
다사43254825,126.85909550464528,37.53295147574923
다사43504875,126.86188654510919,37.53747332387468
다사43504900,126.86186734245383,37.53972658566439
다사43504925,126.86184813765993,37.54197984658376
다사43504950,126.86182893072717,37.544233106632745
다사43504775,126.86196333434975,37.528460268012715
다사43504800,126.86194414024622,37.530713533283645
다사43504825,126.86192494400511,37.53296679768428
다사43504850,126.86190574562619,37.53522006121464
다사43505075,126.86173286397201,37.55549939382153
다사43505100,126.86171364420095,37.55775264864791
다사43505125,126.86169442228929,37.560005902603805
다사43505150,126.86167519823678,37.56225915568917
다사43504975,126.86180972165532,37.54648636581135
다사43505000,126.86179051044412,37.54873962411955
다사43505025,126.86177129709336,37.550992881557335
다사43505050,126.86175208160273,37.55324613812465
다사43504475,126.86219349695256,37.50142101688708
다사43504500,126.86217432848035,37.503674292599825
다사43504525,126.86215515787357,37.50592756744252
다사43504550,126.862135985132,37.50818084141515
다사43504375,126.86227014950077,37.492407905335966
다사43504400,126.86225098956432,37.49466118452872
다사43504425,126.86223182749428,37.49691446285151
다사43504450,126.86221266329045,37.499167740304294
다사43504675,126.8620400893931,37.51944719822665
다사43504700,126.86202090383738,37.52170046697848
다사43504725,126.86200171614509,37.523953734860115
다사43504750,126.86198252631594,37.52620700187153
다사43504575,126.86211681025536,37.5104341145177
다사43504600,126.8620976332434,37.512687386750144
다사43504625,126.86207845409585,37.51494065811246
다사43504650,126.86205927281253,37.517193928604634
다사43004450,126.85655633797789,37.499137065898964
다사43004475,126.85653700168854,37.5013903399995
다사43004500,126.85651766324594,37.50364361322987
다사43004525,126.85649832264988,37.50589688559005
다사43004350,126.85663366160806,37.49012396079539
다사43004375,126.8566143339291,37.49237723837646
다사43004400,126.85659500409793,37.4946305150874
다사43004425,126.85657567211427,37.49688379092825
다사43004650,126.85640158735832,37.51716323433732
다사43004675,126.856382233836,37.519416501475924
다사43004700,126.85636287815841,37.52166976774421
다사43004725,126.85634352032532,37.523923033142125
다사43004550,126.85647897990006,37.508150157079996
다사43004575,126.85645963499623,37.51040342769973
다사43004600,126.85644028793817,37.51265669744921
다사43004625,126.85642093872562,37.5149099663284
다사42755050,126.85326147077433,37.55319993534528
다사42755075,126.85324199753465,37.555453187305275
다사42755100,126.85322252212616,37.55770643839457
다사42755125,126.85320304454862,37.559959688613134
다사42754950,126.85333934205,37.544186918798665
다사42754975,126.85331987748302,37.54644017424129
다사42755000,126.85330041074825,37.548693428813266
다사42755025,126.85328094184544,37.55094668251462
다사42755250,126.85310562411595,37.57122592664448
다사42755275,126.85308613351866,37.57347917163832
다사43004300,126.85667231051032,37.485617403023035
다사43004325,126.85665298713504,37.487870682344244
다사42755150,126.85318356480174,37.56221293796095
다사42755175,126.8531640828853,37.56446618643802
다사42755200,126.85314459879902,37.56671943404431
다사42755225,126.85312511254267,37.5689726807798
다사43005250,126.8559365074571,37.5712414054153
다사43005275,126.85591710213846,37.573494651660845
다사43254300,126.85949996243981,37.48563276661509
다사43254325,126.85948072398341,37.4878860471797
다사43005150,126.85601410712319,37.56222841172569
다사43005175,126.85599471044743,37.56448166145416
다사43005200,126.85597531161132,37.56673491031194
다사43005225,126.85595591061464,37.568988158298986
다사43254450,126.8593844995624,37.4991524369526
다사43254475,126.85936524824866,37.50140571229699
다사43254500,126.85934599479113,37.50365898677129
다사43254525,126.85932673918958,37.50591226037547
다사43254350,126.85946148338475,37.49013932687434
다사43254375,126.85944224064355,37.49239260569897
다사43254400,126.85942299575962,37.494645883653554
다사43254425,126.85940374873265,37.49689916073811
다사43004850,126.85624669881825,37.53518934707593
다사43004875,126.85622732804676,37.53744260725139
다사43004900,126.85620795511797,37.539695866556364
다사43004925,126.85618858003164,37.54194912499085
다사43004750,126.85632416033646,37.5261762976697
다사43004775,126.85630479819159,37.52842956132689
다사43004800,126.85628543389042,37.53068282411367
다사43004825,126.85626606743274,37.53293608603001
다사43005050,126.85609167222788,37.55321540410513
다사43005075,126.85607228419094,37.55546865731625
다사43005100,126.85605289399467,37.55772190965672
다사43005125,126.85603350163885,37.55997516112654
다사43004950,126.8561692027875,37.544202382554815
다사43004975,126.8561498233853,37.546455639248244
다사43005000,126.8561304418248,37.54870889507112
다사43005025,126.85611105810574,37.55096215002343
다사42504925,126.85052903103453,37.54191813217428
다사42504950,126.85050948348004,37.54417138723128
다사42504975,126.85048993374852,37.546424641417595
다사42505000,126.85047038183974,37.54867789473322
다사42504825,126.85060719948747,37.53290510323983
다사42504850,126.85058766063848,37.53515836177937
다사42504875,126.85056811961348,37.53741161944831
다사42504900,126.85054857641225,37.53966487624662
다사42505125,126.85037258962771,37.559944148250096
다사42505150,126.8503530246499,37.562197396341084
다사42505175,126.85033345749304,37.56445064356126
다사42505200,126.85031388815683,37.566703889910585
다사42505025,126.85045082775342,37.5509311471781
다사42505050,126.85043127148931,37.553184398752244
다사42505075,126.85041171304718,37.55543764945565
다사42505100,126.85039215242674,37.55769089928827
다사42504525,126.85084149604113,37.50586593286473
다사42504550,126.85082198328409,37.5081192018501
다사42504575,126.85080246835412,37.510372469965084
다사42504600,126.85078295125096,37.512625737209675
다사42504425,126.85091952534519,37.49685284821981
다사42504450,126.8509000212773,37.49910612068653
다사42504475,126.85088051503746,37.50135939228292
다사42504500,126.85086100662552,37.503612663009
다사42504725,126.85068533312864,37.523892060375935
다사42504750,126.85066580298106,37.52614532239773
다사42504775,126.85064627065849,37.528398583549
다사42504800,126.85062673616073,37.5306518438297
다사42504625,126.8507634319744,37.514879003583836
다사42504650,126.85074391052414,37.51713226908757
다사42504675,126.85072438689991,37.51938553372084
다사42504700,126.8507048611015,37.52163879748365
다사42754650,126.85357274785899,37.517147785585166
다사42754675,126.85355330928559,37.51940105147385
다사42754700,126.85353386854747,37.52165431649213
다사42754725,126.85351442564438,37.52390758063998
다사42754550,126.85365048051034,37.50813471332682
다사42754575,126.85363105059332,37.510387982696905
다사42754600,126.8536116185126,37.51264125119668
다사42754625,126.85359218426791,37.514894518826104
다사42754850,126.85341717864512,37.535173888322305
다사42754875,126.85339772274675,37.537427147247236
다사42754900,126.85337826468161,37.539680405301624
다사42754925,126.85335880444944,37.54193366248545
다사42754750,126.853494980576,37.5261608439174
다사42754775,126.85347553334218,37.52841410632437
다사42754800,126.85345608394258,37.53066736786085
다사42754825,126.85343663237695,37.53292062852683
다사42754250,126.85388347083754,37.481095413007104
다사42754275,126.85386406686524,37.48334869281965
다사42754300,126.85384466073228,37.48560197176208
다사42754325,126.8538252524384,37.487855249834396
다사42505225,126.85029431664103,37.56895713538903
다사42505250,126.8502747429454,37.57121037999659
다사42505275,126.85025516706969,37.57346362373323
다사42505300,126.85023558901362,37.57571686659895
다사42754450,126.85372817854638,37.49912162714355
다사42754475,126.85370875728165,37.501374899994765
다사42754500,126.85368933385425,37.50362817197573
다사42754525,126.8536699082639,37.50588144308642
다사42754350,126.85380584198333,37.490108527036575
다사42754375,126.85378642936688,37.492361803368595
다사42754400,126.85376701458873,37.49461507883045
다사42754425,126.85374759764865,37.4968683534221
다사42254425,126.84809145521338,37.496837275321546
다사42254450,126.8480718661801,37.499090546528045
다사42254475,126.84805227496544,37.50134381686416
다사42254500,126.84803268156918,37.50359708632987
다사42254325,126.84816978953805,37.487824181792156
다사42254350,126.84815020922765,37.49007745647999
다사42254375,126.8481306267369,37.4923307302975
다사42254400,126.84811104206557,37.49458400324469
다사42254625,126.84793468185458,37.51486342060176
다사42254650,126.84791507536322,37.51711668484467
다사42254675,126.84789546668846,37.51936994821707
다사42254700,126.84787585583001,37.5216232107189
다사42254525,126.84801308599103,37.50585035492516
다사42254550,126.84799348823077,37.50810362265001
다사42254575,126.84797388828811,37.51035688950441
다사42254600,126.8479542861628,37.512610155488325
다사42005125,126.84471168633185,37.55991286397574
다사42005150,126.84469195089292,37.56216610953663
다사42005175,126.84467221325593,37.56441935422655
다사42005200,126.84465247342065,37.56667259804547
다사42005025,126.84479060611221,37.55089987302266
다사42005050,126.84477087946291,37.55315312206731
다사42005075,126.84475115061657,37.55540637024106
다사42005100,126.84473141957298,37.55765961754388
다사42005325,126.8445537412605,37.57793880407435
다사42254250,126.84822851738986,37.481064352507055
다사42254275,126.84820894361891,37.48331762980568
다사42254300,126.8481893676684,37.485570906234045
다사42005225,126.84463273138678,37.568925840993366
다사42005250,126.84461298715412,37.57117908307021
다사42005275,126.84459324072233,37.57343232427601
다사42005300,126.84457349209121,37.57568556461072
다사42255225,126.84746352291924,37.56894152212683
다사42255250,126.84744386395498,37.57119476547178
다사42255275,126.8474242028011,37.573448007945736
다사42255300,126.84740453945736,37.57570124954869
다사42255125,126.84754213688562,37.55992854003757
다사42255150,126.84752248667712,37.56218178686626
다사42255175,126.84750283428006,37.56443503282404
다사42255200,126.84748317969421,37.566688277910906
다사42504325,126.85099751990293,37.48783974965031
다사42504350,126.85097802452006,37.49009302559805
다사42504375,126.85095852696632,37.492346300675564
다사42504400,126.85093902724145,37.49459957488282
다사42255325,126.84738487392355,37.577954490280646
다사42504250,126.85105599302877,37.4810799165859
다사42504275,126.85103650415702,37.483333195144226
다사42504300,126.85101701311515,37.48558647283236
다사42254825,126.84777776877371,37.53288951016916
다사42254850,126.84775814480784,37.53514276744729
다사42254875,126.8477385186565,37.53739602385474
다사42254900,126.84771889031943,37.539649279391504
다사42254725,126.84785624278763,37.52387647235017
다사42254750,126.84783662756107,37.52612973311085
다사42254775,126.84781701015005,37.528382993000925
다사42254800,126.84779739055436,37.530636252020365
다사42255025,126.84762071583917,37.55091554401407
다사42255050,126.84760107438234,37.55316879432621
다사42255075,126.84758143073796,37.55542204376752
다사42255100,126.84756178490584,37.557675292337976
다사42254925,126.84769925979639,37.541902534057535
다사42254950,126.8476796270871,37.54415578785282
다사42254975,126.84765999219128,37.54640904077735
다사42255000,126.84764035510874,37.548662292831104
다사41755125,126.84188123797585,37.55989712006476
다사41755150,126.84186141730675,37.56215036435237
다사41755175,126.8418415944301,37.56440360776894
다사41755200,126.84182176934567,37.56665685031442
다사41755025,126.84196049858201,37.55088413420405
다사41755050,126.84194068674049,37.55313738197571
다사41755075,126.84192087269246,37.555390628876395
다사41755100,126.84190105643765,37.55764387490609
다사41755325,126.84172261079732,37.577923049975
다사41755350,126.84170277246061,37.58017628729362
다사42004175,126.84546000680832,37.47428888744863
다사42004200,126.84544035470397,37.476542166092926
다사41755225,126.84180194205317,37.5689100919888
다사41755250,126.84178211255235,37.57116333279207
다사41755275,126.84176228084291,37.57341657272421
다사41755300,126.84174244692467,37.57566981178518
다사41754725,126.84219806866763,37.523845093014074
다사41754750,126.8421782832839,37.52609835123609
다사41754775,126.84215849569675,37.52835160858734
다사41754800,126.84213870590597,37.530604865067815
다사41754625,126.8422771881739,37.514832051418836
다사41754650,126.84225741160112,37.51708531312369
다사41754675,126.842237632826,37.51933857395786
다사41754700,126.84221785184825,37.52159183392133
다사41754925,126.84203972388829,37.54187113440789
다사41754950,126.84201992087019,37.54412438566331
다사41754975,126.84200011564658,37.54637763604783
다사41755000,126.84198030821729,37.54863088556141
다사41754825,126.84211891391129,37.5328581206775
다사41754850,126.84209911971244,37.535111375416356
다사41754875,126.84207932330916,37.5373646292844
다사41754900,126.8420595247012,37.53961788228158
다사42004725,126.84502715463081,37.523860816562824
다사42004750,126.84500745432553,37.52611407605692
다사42004775,126.84498775182634,37.528367334680325
다사42004800,126.84496804713294,37.530620592433024
다사42004625,126.84510593391794,37.514847769880035
다사42004650,126.84508624238573,37.517101032856665
다사42004675,126.84506654866065,37.51935429496269
다사42004700,126.84504685274244,37.521607556198084
다사42004925,126.84486949074446,37.54188686813535
다사42004950,126.84484977288065,37.544140120663435
다사42004975,126.84483005282084,37.5463933723207
다사42005000,126.84481033056478,37.548646623107125
다사42004825,126.84494834024515,37.532873849314996
다사42004850,126.84492863116267,37.53512710532624
다사42004875,126.84490891988523,37.53738036046673
다사42004900,126.84488920641257,37.53963361473644
다사42004325,126.84534206135328,37.48780854626009
다사42004350,126.84532239611559,37.49006181968253
다사42004375,126.84530272868807,37.492315092234584
다사42004400,126.84528305907052,37.49456836391623
다사42004225,126.84542070041135,37.47879544386697
다사42004250,126.84540104393024,37.48104872077073
다사42004275,126.84538138526037,37.48330199680419
다사42004300,126.84536172440146,37.485555271967314
다사42004525,126.84518467812305,37.505834709267845
다사42004550,126.84516499535981,37.50808797572671
다사42004575,126.84514531040472,37.51034124131505
다사42004600,126.84512562325752,37.512594506032826
다사42004425,126.84526338726268,37.49682163472747
다사42004450,126.84524371326427,37.49907490466826
다사42004475,126.84522403707503,37.501328173738614
다사42004500,126.8452043586947,37.50358144193847
다사41504750,126.83934911444564,37.52608255864853
다사41504775,126.83932924177084,37.52833581472216
다사41504800,126.8393093668829,37.530589069924936
다사41504825,126.83928948978159,37.532842324256826
다사41504650,126.83942858301886,37.517069525645894
다사41504675,126.83940871919394,37.519322785202746
다사41504700,126.83938885315695,37.52157604388881
다사41504725,126.83936898490761,37.523829301704076
다사41504950,126.83919007106518,37.54410858285259
다사41504975,126.8391701806781,37.546361831958855
다사41505000,126.83915028807581,37.54861508019414
다사41505025,126.83913039325805,37.55086832755839
다사41504850,126.83926961046664,37.535095577717826
다사41504875,126.83924972893777,37.53734883030793
다사41504900,126.83922984519475,37.53960208202711
다사41504925,126.83920995923731,37.54185533287533
다사41504350,126.83966677647027,37.490030343050115
다사41504375,126.83964693917004,37.492283613054795
다사41504400,126.83962709966085,37.49453688218893
다사41504425,126.83960725794242,37.4967901504525
다사41504250,126.83974610358676,37.48101725432627
다사41504275,126.8397262751198,37.48327052781296
다사41504300,126.83970644444489,37.48552380042916
다사41504325,126.83968661156179,37.4877770721749
다사41504550,126.83950801620296,37.50805647871113
다사41504575,126.83948816122376,37.5103097417509
다사41504600,126.8394683040335,37.51256300391995
다사41504625,126.83944844463196,37.51481626521831
다사41504450,126.83958741401453,37.49904341784548
다사41504475,126.83956756787691,37.501296684367844
다사41504500,126.83954771952926,37.5035499500196
다사41504525,126.83952786897136,37.5058032148007
다사41754325,126.84251433535806,37.48779284305429
다사41754350,126.8424945851933,37.49004611520584
다사41754375,126.8424748328293,37.492299386486955
다사41754400,126.8424550782658,37.49455265689759
다사41754225,126.84259331402974,37.4787797457439
다사41754250,126.8425735726594,37.48103302137709
다사41754275,126.84255382909083,37.48328629613987
다사41754300,126.84253408332381,37.485539570032294
다사41754525,126.84235627244666,37.50581899589298
다사41754550,126.84233650468072,37.508072261080365
다사41754575,126.84231673471345,37.51032552539715
다사41754600,126.8422969625446,37.51257878884332
다사41754425,126.84243532150253,37.49680592643772
다사41754450,126.84241556253927,37.49905919510735
다사41754475,126.84239580137569,37.50131246290645
다사41754500,126.84237603801158,37.503565729834996
다사41505150,126.83903088592811,37.56213455131362
다사41505175,126.83901097781208,37.564387793451345
다사41505200,126.83899106747876,37.56664103471792
다사41505225,126.83897115492785,37.568894275113294
다사41505050,126.83911049622456,37.55312157405159
다사41505075,126.83909059697508,37.55537481967374
다사41505100,126.83907069550938,37.55762806442481
다사41505125,126.83905079182713,37.55988130830478
다사41505350,126.83887155890092,37.58016046402201
다사41505375,126.83885163303921,37.58241369918994
다사41754175,126.84263279017682,37.47427319186646
다사41754200,126.84261305320213,37.47652646924033
다사41505250,126.83895124015915,37.5711475146375
다사41505275,126.83893132317236,37.57340075329048
다사41505300,126.83891140396723,37.575653991072244
다사41505325,126.83889148254352,37.57790722798276
다사41254400,126.83679912326511,37.49452103979042
다사41254425,126.8367791965918,37.49677430677193
다사41254450,126.83675926769956,37.49902757288279
다사41254475,126.83673933658811,37.501280838122966
다사41254300,126.83687880777414,37.485507963158106
다사41254325,126.83685888997397,37.48776123362208
다사41254350,126.83683896995593,37.49001450321548
다사41254375,126.83681904771973,37.49226777193826
다사41254600,126.83663964773372,37.51254715126293
다사41254625,126.8366197033016,37.514800411278614
다사41254650,126.83659975664843,37.51705367042347
다사41254675,126.83657980777397,37.51930692869751
다사41254500,126.83671940325719,37.50353410249243
다사41254525,126.83669946770657,37.50578736599118
다사41254550,126.83667952993595,37.50804062861919
다사41254575,126.8366595899451,37.51029389037645
다사41005275,126.83326941449576,37.57336891077797
다사41005300,126.83324932471766,37.57562214598481
다사41005325,126.83322923270197,37.57787538032026
다사41005350,126.83320913844844,37.58012861378428
다사41005175,126.8333497512374,37.56435596123694
다사41005200,126.83332967040707,37.56660919992921
다사41005225,126.83330958734018,37.56886243775014
다사41005250,126.83328950203651,37.57111567469975
다사41254200,126.83695845680099,37.476494872596696
다사41254225,126.83693854786983,37.47874814654284
다사41254250,126.8369186367218,37.48100141961846
다사41254275,126.83689872335665,37.483254691823554
다사41005375,126.83318904195677,37.58238184637686
다사41005400,126.8331689432267,37.58463507809799
다사41005425,126.83314884225798,37.586888308947636
다사41254175,126.83697836351557,37.47424159778008
다사41255200,126.8361603678294,37.566625151256126
다사41255225,126.83614037002036,37.568878390367026
다사41255250,126.83612036998406,37.57113162860667
다사41255275,126.83610036772014,37.573384865975015
다사41255100,126.83624033679757,37.557612186100194
다사41255125,126.83622034789519,37.559865428695986
다사41255150,126.83620035676654,37.562118670420574
다사41255175,126.83618036341136,37.564371911273966
다사41255400,126.83600032297782,37.58465103974682
다사41504175,126.83980557574276,37.47425742864355
다사41504200,126.83978575389798,37.47651070474154
다사41504225,126.83976592984608,37.47876397996913
다사41255300,126.83608036322839,37.57563810247206
다사41255325,126.83606035650857,37.577891338097785
다사41255350,126.83604034756037,37.58014457285217
다사41255375,126.83602033638354,37.58239780673518
다사41254800,126.83648003007323,37.530573207004515
다사41254825,126.83646006786554,37.53282646005315
다사41254850,126.83644010343474,37.535079712230804
다사41254875,126.83642013678056,37.537332963537494
다사41254700,126.83655985667798,37.5215601861007
다사41254725,126.83653990336015,37.523813442633
다사41254750,126.83651994782028,37.526066698294414
다사41254775,126.83649999005804,37.52831995308493
다사41255000,126.83632027014978,37.548599207005466
다사41255025,126.83630029014981,37.55085245308584
다사41255050,126.83628030792464,37.5531056982951
다사41255075,126.83626032347398,37.55535894263322
다사41254900,126.83640016790274,37.53958621397317
다사41254925,126.836380196801,37.54183946353784
다사41254950,126.83636022347511,37.54409271223144
다사41254975,126.8363402479248,37.54634596005399
다사40755350,126.8303779315746,37.58011258681851
다사40755375,126.83035774976837,37.582365818115164
다사40755400,126.83033756571423,37.584619048540304
다사40755425,126.83031737941194,37.58687227809388
다사40755250,126.83045863632604,37.57109965291688
다사40755275,126.8304384635087,37.573352887699485
다사40755300,126.83041828844453,37.57560612161065
다사40755325,126.83039811113326,37.57785935465033
다사41004275,126.83407117381088,37.48323878817186
다사41004300,126.83405117332103,37.48549205821925
다사41004325,126.83403117060408,37.487745327396
다사41004350,126.83401116565976,37.4899985957021
다사41004175,126.83415115350472,37.4742256992762
다사41004200,126.83413116192058,37.476478972805985
다사41004225,126.83411116811043,37.4787322454652
다사41004250,126.83409117207395,37.48098551725382
다사40754950,126.8307005349778,37.54406076755853
다사40754975,126.83068038910174,37.546314012797176
다사40755000,126.8306602409821,37.5485672571646
다사40755025,126.83064009061849,37.55082050066077
다사40754850,126.83078109605057,37.53504777789194
다사40754875,126.83076095914655,37.537301026615346
다사40754900,126.83074081999992,37.53955427446759
다사40754925,126.83072067861042,37.54180752144866
다사40755150,126.83053930513243,37.5620867050722
다사40755175,126.83051914129975,37.564339943340464
다사40755200,126.8304989752213,37.56659318073735
다사40755225,126.83047880689683,37.56884641726282
다사40755050,126.83061993801068,37.55307374328568
다사40755075,126.83059978315846,37.555326985039294
다사40755100,126.83057962606152,37.55758022592159
다사40755125,126.8305594667196,37.55983346593256
다사41004875,126.83359054684699,37.53731702897325
다사41004900,126.83357049283462,37.539570278119946
다사41004925,126.83355043658888,37.54182352639555
다사41004950,126.83353037810949,37.544076773800036
다사41004775,126.83367074056784,37.52830402367582
다사41004800,126.8336506954864,37.53055727630674
다사41004825,126.83363064817262,37.53281052806661
다사41004850,126.83361059862624,37.535063778955454
다사41005075,126.83343005219861,37.55534299775502
다사41005100,126.8334099803118,37.55759623993239
다사41005125,126.83338990618951,37.55984948123852
다사41005150,126.83336982983145,37.56210272167337
다사41004975,126.83351031739619,37.54633002033338
다사41005000,126.8334902544487,37.54858326599557
다사41005025,126.8334701892668,37.55083651078659
다사41005050,126.83345012185018,37.553089754706406
다사41004475,126.83391110751877,37.50126492417196
다사41004500,126.83389108920485,37.50351818725367
다사41004525,126.83387106866175,37.50577144946459
다사41004550,126.8338510458892,37.50802471080469
다사41004375,126.83399115848783,37.49225186313751
다사41004400,126.83397114908804,37.49450512970222
다사41004425,126.8339511374601,37.496758395396206
다사41004450,126.83393112360378,37.49901166021946
다사41004675,126.83375089857557,37.51929100444233
다사41004700,126.83373086242082,37.52154426055714
다사41004725,126.83371082403478,37.52379751580101
다사41004750,126.83369078341721,37.52605077017391
다사41004575,126.83383102088693,37.510277971273965
다사41004600,126.8338109936547,37.512531230872376
다사41004625,126.83379096419225,37.514784489599926
다사41004650,126.83377093249929,37.51703774745658
다사40505025,126.82780999421436,37.55080442270858
다사40505050,126.82778975641565,37.55305766403307
다사40505075,126.82776951636303,37.555310904486205
다사40505100,126.82774927405622,37.55756414406794
다사40504925,126.82789092287507,37.54179144869732
다사40504950,126.82787069408947,37.54404469350708
다사40504975,126.82785046305098,37.54629793744556
다사40505000,126.82783022975937,37.548551180512746
다사40505225,126.82764802869976,37.568830328905214
다사40505250,126.82762777286214,37.57108356325825
다사40505275,126.82760751476847,37.57333679673976
다사40505300,126.82758725441848,37.575590029349755
다사40505125,126.82772902949492,37.55981738277829
다사40505150,126.82770878267888,37.5620706206172
다사40505175,126.82768853360785,37.56432385758467
다사40505200,126.82766828228156,37.566577093680685
다사40504625,126.82813349267451,37.514752443026225
다사40504650,126.82811329090273,37.51700569829002
다사40504675,126.82809308688127,37.51925895268275
다사40504700,126.82807288060982,37.521512206204385
다사40504525,126.82821427726992,37.50573941326083
다사40504550,126.8281940844943,37.507992672008676
다사40504575,126.82817388947004,37.510245929885535
다사40504600,126.82815369219684,37.512499186891404
다사40504825,126.82797181549401,37.53277846074569
다사40504850,126.82795159571727,37.53503170904043
다사40504875,126.8279313736887,37.53728495646396
다사40504900,126.82791114940804,37.539538203016264
다사40504725,126.82805267208818,37.52376545885492
다사40504750,126.82803246131603,37.52601871063435
다사40504775,126.82801224829313,37.52827196154262
다사40504800,126.82799203301921,37.53052521157975
다사40754550,126.83102256407216,37.50800872526781
다사40754575,126.83100245405875,37.5102619844436
다사40754600,126.83098234180594,37.512515242748485
다사40754625,126.83096222731339,37.514768500182406
다사40754450,126.83110298173665,37.49899567985566
다사40754475,126.83108288067837,37.50124894251499
다사40754500,126.83106277738169,37.50350220430348
다사40754525,126.83104267184638,37.50575546522108
다사40754750,126.83086162124599,37.526034774287155
다사40754775,126.83084149330972,37.528288026495005
다사40754800,126.8308213631319,37.53054127783176
다사40754825,126.83080123071228,37.53279452829741
다사40754650,126.83094211058089,37.51702175674537
다사40754675,126.83092199160818,37.51927501243734
다사40754700,126.83090187039494,37.52152826725832
다사40754725,126.83088174694097,37.52378152120826
다사40505425,126.82748591881429,37.58685617932592
다사40505450,126.82746564492074,37.58910940670629
다사40754200,126.83130386926624,37.47646300536953
다사40754225,126.83128379057733,37.47871627673636
다사40505325,126.82756699181188,37.57784326108816
다사40505350,126.82754672694843,37.58009649195502
다사40505375,126.82752645982787,37.582349721950266
다사40505400,126.8275061904499,37.58460295107392
다사40754350,126.83118336359121,37.489982620510155
다사40754375,126.83116327148382,37.492235886652715
다사40754400,126.83114317713913,37.4944891519245
다사40754425,126.8311230805568,37.49674241632548
다사40754250,126.83126370965267,37.480969547232526
다사40754275,126.83124362649197,37.483222816857996
다사40754300,126.83122354109501,37.485476085612774
다사40754325,126.8312034534615,37.48772935349684
다사40254700,126.82524389307494,37.52149607739552
다사40254725,126.82522359948587,37.52374932874116
다사40254750,126.82520330363683,37.52600257921562
다사40254800,126.82516270515781,37.53050907755087
다사40254600,126.82532504483693,37.512483063301296
다사40254625,126.82530476028504,37.514736318131554
다사40254650,126.82528447347427,37.51698957209068
다사40254675,126.8252641844043,37.51924282517869
다사40254925,126.82506116939231,37.54177530814169
다사40254950,126.825040855454,37.54402855164587
다사40254975,126.82502053925336,37.5462817942787
다사40255000,126.82500022079006,37.54853503604014
다사40254825,126.8251424025273,37.53276232541162
다사40254850,126.82512209763576,37.53501557240108
다사40254875,126.82510179048292,37.53726881851927
다사40254900,126.82508148106852,37.53952206376614
다사40254300,126.82556828336206,37.48544393739764
다사40254325,126.82554802589625,37.48769720267988
다사40254350,126.82552776617473,37.48995046709122
다사40254375,126.82550750419725,37.49220373063166
다사40254200,126.82564929067343,37.47643086756016
다사40254225,126.82562904222783,37.478684136325775
다사40254250,126.82560879152759,37.480937404220576
다사40254275,126.82558853857242,37.48319067124455
다사40254500,126.82540616046079,37.50347003526945
다사40254525,126.82538588494182,37.50572329358399
다사40254550,126.82536560716505,37.5079765510275
다사40254575,126.8253453271302,37.51022980759994
다사40254400,126.82548723996351,37.49445699330114
다사40254425,126.82546697347324,37.4967102550997
다사40254450,126.82544670472622,37.49896351602728
다사40254475,126.82542643372214,37.50121677608386
다사40504225,126.82845641527999,37.4787002403565
다사40504250,126.82843624946739,37.480953509554716
다사40504275,126.82841608140934,37.483206777882174
다사40504300,126.82839591110555,37.48546004533886
다사40255425,126.82465446047455,37.586840012643954
다사40255450,126.82463410123846,37.58909323871718
다사40255475,126.82461373973467,37.59134646391866
다사40504200,126.82847657884737,37.47644697028755
다사40504425,126.82829502589136,37.49672636955992
다사40504450,126.82827484210765,37.498979631791535
다사40504475,126.82825465607634,37.50123289315224
다사40504500,126.82823446779719,37.50348615364201
다사40504325,126.82837573855575,37.487713311924736
다사40504350,126.82835556375971,37.48996657763981
다사40504375,126.82833538671713,37.49221984248405
다사40504400,126.82831520742779,37.49447310645742
다사40255125,126.82489859452495,37.55980123177584
다사40255150,126.82487826248034,37.56205446830855
다사40255175,126.82485792817121,37.564307703969746
다사40255200,126.82483759159736,37.56656093875941
다사40255025,126.8249799000639,37.55078827693017
다사40255050,126.82495957707457,37.55304151694877
다사40255075,126.8249392518218,37.555294756095925
다사40255100,126.82491892430535,37.55754799437163
다사40255325,126.82473587474736,37.57782709963395
다사40255350,126.82471552457936,37.580080329193976
다사40255375,126.82469517214474,37.58233355788233
다사40255400,126.82467481744322,37.584586785698995
다사40255225,126.82481725275846,37.5688141726775
다사40255250,126.8247969116543,37.57106740572402
다사40255275,126.82477656828456,37.57332063789895
다사40255300,126.824756222649,37.57557386920226
다사40004225,126.82280167143037,37.47866796464438
다사40004250,126.8227813358427,37.480921231230276
다사40004275,126.82276099799068,37.48317449694527
다사40004300,126.82274065787404,37.485427761789325
다사39755500,126.81892995398528,37.59356714325036
다사39755525,126.81890941720395,37.595820364077106
다사40004175,126.82284233581362,37.4741614288599
다사40004200,126.8228220047539,37.47641469718757
다사40004425,126.82263892331189,37.49669407294496
다사40004450,126.82261856960184,37.49894733256303
다사40004475,126.82259821362528,37.50120059131002
다사40004500,126.82257785538195,37.503453849185945
다사40004325,126.82272031549246,37.48768102576242
다사40004350,126.82269997084575,37.48993428886457
다사40004375,126.8226796239336,37.49218755109571
다사40004400,126.82265927475574,37.49444081245585
다사39755200,126.81917621703352,37.56652842532364
다사39755225,126.81915570768129,37.56878165661242
다사39755250,126.81913519604477,37.571034887029455
다사39755275,126.81911468212373,37.57328811657473
다사39755100,126.819258231605,37.55751549145163
다사39755125,126.8192377313872,37.559768726227134
다사39755150,126.8192172288862,37.562021960130984
다사39755175,126.81919672410172,37.56427519316316
다사39755400,126.81901207824087,37.58455425122423
다사39755425,126.8189915506069,37.5868074755386
다사39755450,126.81897102068648,37.5890606989811
다사39755475,126.81895048847936,37.59131392155168
다사39755300,126.81909416591786,37.57554134524825
다사39755325,126.81907364742692,37.57779457304997
다사39755350,126.81905312665063,37.58004779997989
다사39755375,126.81903260358868,37.58230102603798
다사40005200,126.82200690317819,37.56654471597368
다사40005225,126.82198647908248,37.56879794857984
다사40005250,126.821966052712,37.57105118031437
다사40005275,126.82194562406649,37.57330441117722
다사40005100,126.82208857681846,37.557531776832796
다사40005125,126.82206816181923,37.5597850129254
다사40005150,126.82204774454628,37.56203824814642
다사40005175,126.82202732499935,37.56429148249586
다사40005400,126.82184344670372,37.58457055241571
다사40005425,126.82182300440225,37.586823778048114
다사40005450,126.82180255982388,37.58907700280873
다사40005475,126.8217821129683,37.59133022669751
다사40005300,126.82192519314565,37.57555764116838
다사40005325,126.82190475994922,37.57781087028782
다사40005350,126.82188432447693,37.58006409853555
다사40005375,126.82186388672854,37.582317325911504
다사40004650,126.82245565830496,37.51697337814755
다사40004825,126.8223129918216,37.532746122295364
다사40004850,126.82229260181555,37.53499936797408
다사40004875,126.82227220953871,37.53725261278143
다사40004525,126.82255749487159,37.50570710619074
다사40004550,126.82253713209394,37.50796036232442
다사40004575,126.8225167670487,37.51021361758696
다사40004625,126.82247603015448,37.51472012549854
다사40005000,126.82217021408366,37.54851882374696
다사40005025,126.82214980817658,37.5507720633257
다사40005050,126.82212939999688,37.55302530203292
다사40005075,126.82210898954426,37.555278539868624
다사40004900,126.82225181499085,37.5395058567174
다사40004925,126.82223141817167,37.54175909978195
다사40004950,126.82221101908092,37.54401234197507
다사40004975,126.82219061771833,37.54626558329675
다사39504950,126.81655135315974,37.543979719205346
다사39504975,126.81653078147411,37.54623295788828
다사39505000,126.81651020749742,37.5484861956996
다사39505025,126.81648963122937,37.55073943263929
다사39504425,126.81698282979738,37.496661505552666
다사39504450,126.81696230616205,37.49891476253527
다사39504900,126.81659248965885,37.53947323922468
다사39504925,126.81657192255457,37.541726479650805
다사39505150,126.8163867155096,37.5620056042624
다사39505175,126.81636612548785,37.56425883597182
다사39505200,126.81634553317285,37.5665120668095
다사39505225,126.81632493856435,37.56876529677537
다사39505050,126.81646905266972,37.5529926687073
다사39505075,126.81644847181819,37.55524590390364
다사39505100,126.8164278886745,37.55749913822829
다사39505125,126.81640730323839,37.55975237168121
다사39255400,126.81334934818317,37.58452144511734
다사39255425,126.81332864988495,37.586774666779185
다사39255450,126.8133079492813,37.589027887568975
다사39255475,126.81328724637194,37.591281107486715
다사39255300,126.81343211832707,37.57550854974995
다사39255325,126.81341142924789,37.57776177489976
다사39255350,126.81339073786435,37.580014999177614
다사39255375,126.8133700441762,37.58226822258347
다사39504200,126.8171674397158,37.47638215350738
다사39504225,126.81714693663716,37.478635418330136
다사39504375,126.81702387021285,37.492154988973866
다사39504400,126.81700335114755,37.49440824769885
다사39255500,126.81326654115658,37.59353432653238
다사39255525,126.813245833635,37.595787544705935
다사39255550,126.81322512380689,37.598040762007386
다사39504175,126.81718794051169,37.47412888781362
다사39754375,126.81985174593564,37.492171303876404
다사39754400,126.81983131181394,37.4944245639217
다사39754425,126.81981087541679,37.496677823095894
다사39754450,126.81979043674396,37.498931081398965
다사39754250,126.8199538824222,37.48090499058396
다사39754275,126.81993345967359,37.4831582549845
다사39754300,126.81991303465091,37.485411518514034
다사39754350,126.8198721777822,37.48991804296001
다사39755000,126.81934020964961,37.54850254363341
다사39755025,126.81931971856191,37.55075578189535
다사39755050,126.8192992251921,37.55300901928572
다사39755075,126.81927872953987,37.55526225580448
다사39754475,126.81976999579516,37.5011843388309
다사39754925,126.8194016692226,37.54174282361827
다사39754950,126.81938118497966,37.543996064494834
다사39754975,126.81936069845541,37.54624930449989
다사39505350,126.81622193110992,37.580031433527196
다사39505375,126.81620132273474,37.58228465826192
다사39505400,126.8161807120642,37.584537882124714
다사39505425,126.81616009909794,37.586791105115566
다사39505250,126.81630434166209,37.57101852586944
다사39505275,126.8162837424658,37.573271754091664
다사39505300,126.81626314097517,37.57552498144205
다사39505325,126.81624253718999,37.577778207920566
다사39505550,126.81605699982235,37.598057206990035
다사39754175,126.82001513702615,37.47414519215646
다사39754200,126.81999472109821,37.47639845916992
다사39754225,126.81997430289697,37.478651725312425
다사39505450,126.81613948383577,37.589044327234454
다사39505475,126.81611886627742,37.59129754848137
다사39505500,126.81609824642257,37.59355076885628
다사39505525,126.81607762427096,37.59580398835918
다사39005025,126.81082946344861,37.550706530650686
다사39005050,126.8108087145101,37.552959764057555
다사39005075,126.81078796326071,37.55521299659259
다사39005100,126.81076720970023,37.55746622825576
다사39004925,126.81091243609958,37.541693588305236
다사39004950,126.81089169640177,37.54394682519925
다사39004975,126.81087095439416,37.54620006122152
다사39005000,126.81085021007655,37.548453296372
다사39005225,126.81066340722133,37.56873237349316
다사39005250,126.81064263978834,37.570985599924796
다사39005275,126.81062187004235,37.57323882548445
다사39005300,126.81060109798302,37.575492050172116
다사39005125,126.81074645382833,37.559719459047066
다사39005150,126.81072569564475,37.56197268896647
다사39005175,126.81070493514925,37.56422591801397
다사39005200,126.81068417234152,37.566479146189536
다사38755325,126.80774922028627,37.577728705184676
다사38755350,126.80772835829659,37.5799819267885
다사38755375,126.80770749398329,37.58223514752019
다사38755400,126.8076866273461,37.584488367379706
다사38755225,126.80783264501417,37.56871581004832
다사38755250,126.80781179231627,37.57096903514053
다사38755275,126.80779093729582,37.57322225936066
다사38755300,126.80777007995256,37.575475482708725
다사38755525,126.80758225929216,37.59575445359422
다사38755550,126.80756137870584,37.59800766822037
다사38755575,126.80754049579372,37.60026088197423
다사38755600,126.8075196105555,37.602514094855785
다사38755425,126.80766575838474,37.58674158636704
다사38755450,126.80764488709896,37.588994804482184
다사38755475,126.80762401348842,37.59124802172511
다사38755500,126.80760313755292,37.59350123809579
다사39255000,126.81368020763655,37.54846977994575
다사39255025,126.81365954618845,37.55072301555768
다사39255050,126.81363888243924,37.55297625029785
다사39255075,126.81361821638863,37.55522948416629
다사39254450,126.81413417786554,37.49889837597209
다사39254925,126.81374217817705,37.54171006787974
다사39254950,126.8137215236306,37.54396330610676
다사39254975,126.81370086678388,37.546216543462094
다사39255200,126.81351485160567,37.5664956404314
다사39255225,126.8134941717412,37.5687488690689
다사39255250,126.81347348957347,37.5710020968345
다사39255275,126.81345280510216,37.57325532372818
다사39255100,126.81359754803641,37.557482717162934
다사39255125,126.81357687738226,37.559735949287806
다사39255150,126.81355620442595,37.561989180540834
다사39255175,126.81353552916718,37.56424241092205
다사39005425,126.81049720297739,37.58675816052962
다사39005450,126.81047641703252,37.58901137998483
다사39005475,126.81045562877244,37.5912645985679
다사39005500,126.81043483819688,37.593517816278826
다사39005325,126.81058032361014,37.577745273987745
다사39005350,126.81055954692341,37.579998496931324
다사39005375,126.81053876792255,37.58225171900284
다사39005400,126.81051798660731,37.584504940202294
다사39254200,126.81434016061611,37.47636578020013
다사39254375,126.81419599677466,37.492138606388295
다사39254400,126.81417539276606,37.494391863787484
다사39254425,126.81415478646309,37.496645120315435
다사39005525,126.81041404530556,37.595771033117565
다사39005550,126.81039325009822,37.59802424908411
다사39005575,126.81037245257455,37.60027746417843
다사39254175,126.81436074627972,37.47411251583152
다사38255550,126.80189764290803,37.5979743026722
다사38255575,126.8018765892198,37.600227513728626
다사38255600,126.80185553318644,37.6024807239126
다사38255625,126.8018344748077,37.60473393322406
다사38255450,126.80198183421547,37.58896144972209
다사38255475,126.8019607899049,37.591214664268236
다사38255500,126.80193974325032,37.59346787794197
다사38255525,126.80191869425146,37.595721090743304
다사38505050,126.80514838559388,37.55292658808504
다사38505075,126.80512746394776,37.55517981793683
다사38505100,126.80510653997153,37.55743304691661
다사38505125,126.80508561366496,37.55968627502433
다사38504950,126.80523204888286,37.54391365995814
다사38504975,126.80521113655439,37.5461668932978
다사38505000,126.80519022189694,37.54842012576551
다사38505025,126.8051693049102,37.55067335736127
다사38255150,126.8022341832108,37.56192280712825
다사38255175,126.8022131670067,37.56417603214168
다사38255200,126.80219214846193,37.566429256282966
다사38255225,126.80217112757617,37.56868247955203
다사38255050,126.80231822462576,37.552909898353185
다사38255075,126.80229721778169,37.55516312685511
다사38255100,126.80227620859802,37.55741635448495
다사38255125,126.80225519707449,37.559669581242666
다사38255350,126.8020659880233,37.57994858281393
다사38255375,126.80204495308597,37.58220180084947
다사38255400,126.80202391580575,37.58445501801269
다사38255425,126.80200287618234,37.586708234303565
다사38255250,126.8021501043492,37.570935701948905
다사38255275,126.80212907878068,37.573188923473545
다사38255300,126.80210805087039,37.575442144125944
다사38255325,126.80208702061802,37.577695363906074
다사38754925,126.80808269633161,37.541677040927446
다사38754950,126.80806187148269,37.54393027648298
다사38754975,126.80804104431454,37.54618351116668
다사38755000,126.80802021482684,37.54843674497853
다사38505550,126.80472950963929,37.59799101941635
다사38505575,126.80470854133895,37.600244231824234
다사38505600,126.80468757070304,37.60249744335974
다사38505625,126.80466659773124,37.60475065402283
다사38755125,126.80791603258606,37.559702900959195
다사38755150,126.80789518917553,37.56195612953947
다사38755175,126.80787434344353,37.56420935724776
다사38755200,126.80785349538985,37.56646258408406
다사38755025,126.80799938301936,37.550689977918495
다사38755050,126.80797854889182,37.55294320998656
다사38755075,126.80795771244394,37.55519644118271
다사38755100,126.80793687367543,37.55744967150692
다사38505250,126.80498094716671,37.570952402481836
다사38505275,126.80496000687211,37.57320562535697
다사38505300,126.8049390642452,37.57545884735994
다사38505325,126.80491811928572,37.57771206849072
다사38505150,126.80506468502769,37.56193950226001
다사38505175,126.80504375405954,37.56419272862362
다사38505200,126.80502282076016,37.56644595411514
다사38505225,126.80500188512931,37.56869917873455
다사38505450,126.80481335949011,37.58897816106121
다사38505475,126.80479240052941,37.59123137695848
다사38505500,126.80477143923423,37.59348459198345
다사38505525,126.80475047560428,37.59573780613607
다사38505350,126.80489717199337,37.57996528874931
다사38505375,126.80487622236794,37.58221850813567
다사38505400,126.80485527040909,37.58447172664979
다사38505425,126.80483431611655,37.58672494429163
다사37755300,126.79644603115648,37.575408534002996
다사37755325,126.79642483031915,37.57766175106536
다사37755350,126.7964036271205,37.57991496725526
다사37755375,126.79638242156022,37.582168182572715
다사37755200,126.79653081089788,37.5663956570295
다사37755225,126.79650961950314,37.56864887758144
다사37755250,126.7964884257482,37.570902097261026
다사37755275,126.79646722963271,37.57315531606822
다사37755575,126.79621269202632,37.60019387370128
다사38004875,126.79963564453853,37.53712052634572
다사38004900,126.79961456893254,37.539373759597
다사38004925,126.79959349097939,37.54162699197624
다사37755400,126.79636121363805,37.58442139701768
다사37755425,126.7963400033537,37.58667461059013
다사37755525,126.79625513858898,37.59568745615458
다사37755550,126.79623391648957,37.59794066536424
다사37754900,126.79678492363784,37.53935694236821
다사37754925,126.79676376054421,37.541610173387106
다사37754950,126.79674259509366,37.54386340353386
다사37754975,126.79672142728596,37.54611663280847
다사37505350,126.79357245020678,37.57989805763234
다사37505375,126.79355115933545,37.582151271582504
다사37505400,126.79352986609274,37.5844044846601
다사37754875,126.79680608437486,37.53710371047719
다사37755100,126.79661555288004,37.55738276609839
다사37755125,126.79659437092346,37.55963599013963
다사37755150,126.79657318660776,37.561889213308554
다사37755175,126.79655199993266,37.56414243560519
다사37755000,126.79670025712078,37.54836986121089
다사37755025,126.7966790845979,37.550623088741105
다사37755050,126.796657909717,37.55287631539911
다사37755075,126.79663673247781,37.555129541184876
다사38005450,126.79915031128458,37.58894467046498
다사38005475,126.79912918162437,37.59119788365449
다사38005500,126.79910804961068,37.59345109597154
다사38005525,126.79908691524318,37.59570430741608
다사38005350,126.79923480639584,37.57993180898252
다사38005375,126.79921368614691,37.58218502566175
다사38005400,126.79919256354555,37.58443824146859
다사38005425,126.79917143859154,37.58669145640301
다사38254950,126.80240222861174,37.543896975624904
다사38254975,126.80238123112325,37.54615020761502
다사38255000,126.80236023129629,37.54840343873312
다사38255025,126.80233922913055,37.55065666897918
다사38005550,126.79906577852164,37.59795751798809
다사38005575,126.79904463944575,37.60021072768759
다사38005600,126.79902349801525,37.60246393651452
다사38254925,126.80242322376203,37.54164374276279
다사38005050,126.79948806599698,37.55289314079115
다사38005075,126.7994669739552,37.55514636793774
다사38005100,126.79944587956435,37.55739959421215
다사38005125,126.79942478282416,37.55965281961437
다사38004950,126.79957241067886,37.54388022348341
다사38004975,126.79955132803062,37.546133454118525
다사38005000,126.7995302430344,37.54838668388152
다사38005025,126.79950915568995,37.550639912772404
다사38005250,126.79931926387317,37.57091893354191
다사38005275,126.79929815303106,37.57317215371057
다사38005300,126.79927703983766,37.5754253730069
다사38005325,126.79925592429265,37.577678591430896
다사38005150,126.79940368373433,37.56190604414438
다사38005175,126.79938258229458,37.564159267802154
다사38005200,126.79936147850468,37.56641249058769
다사38005225,126.79934037236428,37.568665712500945
다사37005225,126.78801737511904,37.568597965614266
다사37005250,126.78799592557422,37.57085118117674
다사37005275,126.78797447364042,37.5731043958666
다사37005300,126.78795301931731,37.5753576096838
다사37005125,126.78810314941404,37.559585094638386
다사37005150,126.78808170942236,37.561838313691204
다사37005175,126.78806026704285,37.564091531871476
다사37005200,126.78803882227514,37.566344749179166
다사37255000,126.7910402923762,37.54833601241324
다사37255025,126.79101894949726,37.55058923720568
다사37255050,126.79099760424133,37.552842461125735
다사37255075,126.79097625660816,37.5550956841734
다사37005325,126.7879315626047,37.57761082262833
다사37254925,126.79110430675395,37.541576332801824
다사37254950,126.79108297100427,37.54382956021129
다사37254975,126.79106163287845,37.546082786748435
다사36755200,126.7852081641651,37.566327644171054
다사36755225,126.78518663175576,37.56858085922291
다사36755250,126.78516509694823,37.57083407340205
다사36755275,126.78514355974218,37.57308728670848
다사36755100,126.7852942698261,37.55731477523712
다사36755125,126.78527274700673,37.559567993779545
다사36755150,126.7852512217903,37.56182121144936
다사36755175,126.78522969417654,37.56407442824653
다사37005025,126.78818888550765,37.55057220970189
다사37005050,126.78816745506464,37.55282543224475
다사37005075,126.7881460222349,37.55507865391514
다사37005100,126.78812458701812,37.55733187471301
다사36755300,126.7851220201374,37.57534049914217
다사37004950,126.78825316251903,37.54381253683861
다사37004975,126.78823173923458,37.5460657619988
다사37005000,126.78821031356419,37.54831898628657
다사37505050,126.79382775579528,37.55285942217725
다사37505075,126.79380649335896,37.555112646596704
다사37505100,126.79378522855458,37.557365870143826
다사37505125,126.79376396138188,37.5596190928186
다사37504950,126.79391278186563,37.543846515776444
다사37504975,126.79389152889873,37.54609974368505
다사37505000,126.79387027356489,37.548352970721396
다사37505025,126.79384901586383,37.55060619688548
다사37505250,126.7936575899837,37.57088519310642
다사37505275,126.79363630859518,37.573138410546655
다사37505300,126.79361502483636,37.5753916271144
다사37505325,126.79359373870699,37.577644842809626
다사37505150,126.79374269184058,37.56187231462097
다사37505175,126.79372141993038,37.56412553555098
다사37505200,126.79370014565103,37.56637875560857
다사37505225,126.79367886900224,37.56863197479372
다사37255200,126.79086948277363,37.56636178632506
다사37255225,126.79084812087102,37.56861500413793
다사37255250,126.79082675658921,37.57086822107827
다사37255275,126.79080538992791,37.57312143714605
다사37255100,126.79095490659742,37.55734890634864
다사37255125,126.7909335542089,37.55960212765146
다사37255150,126.79091219944227,37.56185534808179
다사37255175,126.79089084229727,37.56410856763968
다사37504850,126.79399777006952,37.53483359541976
다사37504875,126.79397652656756,37.53708682681722
다사37504900,126.79395528069976,37.53934005734251
다사37504925,126.79393403246588,37.54159328699558
다사37255300,126.79078402088683,37.575374652341274
다사37255325,126.79076264946566,37.577627866663896
다사37255350,126.7907412756642,37.57988108011392
다사37255375,126.79071989948208,37.58213429269131
다사35755150,126.7739292953306,37.56175212397313
다사35755200,126.7738855557991,37.566258545520014
다사35755225,126.77386368237967,37.56851175498395
다사36004975,126.7769121886129,37.545996984873575
다사35755050,126.77401674517206,37.55273927040388
다사35755075,126.77399488636367,37.554992485105586
다사35755100,126.77397302512082,37.55724569893438
다사35755125,126.77395116144322,37.55949891189024
다사36005100,126.77680333266875,37.55726306976957
다사36005125,126.77678155420529,37.55951628413031
다사36005150,126.77675977331629,37.56176949761816
다사36005175,126.77673799000144,37.56402271023313
다사36005000,126.77689042227287,37.548250203598364
다사36005025,126.77686865350873,37.550503421450365
다사36005050,126.77684688232017,37.552756638429585
다사36005075,126.77682510870694,37.55500985453599
다사35255025,126.76837850493253,37.550451118118545
다사35255050,126.76835647818781,37.552704330867435
다사35255075,126.76833444898998,37.554957542743274
다사35255100,126.76831241733869,37.55721075374603
다사35005050,126.76552634837068,37.55268675935705
다사35005075,126.76550423397853,37.55493996981173
다사35005100,126.76548211712347,37.55719317939323
다사35505100,126.77114272000765,37.55722826025979
다사35505125,126.7711207711162,37.55948147180529
다사35755000,126.77406045548662,37.54823283838182
다사35755025,126.77403860154628,37.550486054829285
다사35505000,126.77123049113396,37.54821540534784
다사35505025,126.77120855201773,37.55046862038528
다사35505050,126.77118661045812,37.55272183454977
다사35505075,126.77116466645485,37.55497504784129
다사36505125,126.78244234699652,37.55955082507515
다사36505150,126.78242073655564,37.56180404135645
다사36505175,126.78239912370788,37.564057256765054
다사36505200,126.782377508453,37.56631047130091
다사36505025,126.78252876469732,37.55053795122305
다사36505050,126.78250716388098,37.55279117099505
다사36505075,126.78248556065893,37.55504438989443
다사36505100,126.78246395503088,37.55729760792113
다사36755000,126.78538033713839,37.54830189234156
다사36755025,126.78535882390452,37.55055511437428
다사36755050,126.78533730827469,37.552808335534465
다사36755075,126.78531579024866,37.555061555822085
다사36505225,126.7823558907907,37.56856368496401
다사36505250,126.78233427072071,37.57081689775433
다사36505275,126.78231264824275,37.57307010967184
다사36754975,126.7854018479766,37.54604866943631
다사36255025,126.77969870789558,37.55052072024835
다사36255050,126.77967702189298,37.5527739386267
다사36255075,126.77965533347519,37.55502715613233
다사36255100,126.77963364264191,37.55728037276522
다사36005200,126.77671620426051,37.56627592197521
다사36005225,126.77669441609315,37.568529132844354
다사36254975,126.77974207265629,37.54601428087353
다사36255000,126.77972039148324,37.548267500997284
다사36255225,126.77952515223333,37.56854644283777
다사36255250,126.77950344690119,37.570799654233774
다사36504975,126.78257195911401,37.546031509061166
다사36505000,126.78255036310824,37.548284730578416
다사36255125,126.77961194939286,37.55953358852534
다사36255150,126.77959025372779,37.56178680341266
다사36255175,126.77956855564636,37.564040017427196
다사36255200,126.7795468551483,37.566293230568895
다사62506525,127.07609910362581,37.687158179028486
다사62506550,127.07608627808129,37.68941146180743
다사62506575,127.07607345110772,37.69166474371947
다사62506600,127.07606062270496,37.693918024764606
다사62506425,127.07615039151685,37.67814503924401
다사62506450,127.07613757168679,37.68039832549039
다사62506475,127.07612475042839,37.68265161086994
다사62506500,127.07611192774144,37.684904895382644
다사62753875,127.08027688972653,37.448315363033835
다사62753900,127.0802642994833,37.45056873841784
다사62753925,127.08025170783817,37.4528221129369
다사62753950,127.08023911479101,37.45507548659099
다사62506625,127.0760477928728,37.6961713049428
다사62753800,127.08031465204674,37.44155523169241
다사62753825,127.08030206600809,37.44380860967111
다사62753850,127.08028947856809,37.44606198678492
다사62506125,127.07630411812616,37.65110553668112
다사62506150,127.07629131542336,37.653358833328085
다사62506175,127.07627851129422,37.655612129108434
다사62506200,127.07626570573856,37.657865424022134
다사62506025,127.07635531467731,37.64209234142747
다사62506050,127.0763425176782,37.64434564154072
다사62506075,127.07632971925341,37.64659894078742
다사62506100,127.07631691940279,37.64885223916757
다사62506325,127.0762016565567,37.669131885590524
다사62506350,127.07618884243846,37.67138517530405
다사62506375,127.07617602689251,37.67363846415083
다사62506400,127.0761632099187,37.675891752130816
다사62506225,127.07625289875622,37.66011871806919
다사62506250,127.07624009034704,37.66237201124957
다사62506275,127.07622728051085,37.66462530356328
다사62506300,127.07621446924746,37.66687859501026
다사62754475,127.07997433663897,37.502396133489775
다사62754500,127.07996171270534,37.504649488110196
다사62754525,127.0799490873659,37.506902841865255
다사62754550,127.07993646062046,37.50915619475491
다사62754375,127.08002481831845,37.493382706354645
다사62754400,127.08001220000652,37.49563606443639
다사62754425,127.07999958028938,37.49788942165284
다사62754450,127.07998695916693,37.500142778003976
다사62754675,127.07987330579755,37.52042294622164
다사62754700,127.07986067061266,37.52267629391856
다사62754725,127.07984803402063,37.52492964074993
다사62754750,127.0798353960213,37.527182986715786
다사62754575,127.07992383246885,37.511409546779156
다사62754600,127.07991120291094,37.51366289793798
다사62754625,127.07989857194652,37.51591624823134
다사62754650,127.07988593957546,37.51816959765924
다사62754075,127.08017612851896,37.46634234188651
다사62754100,127.08016352705614,37.46859571035048
다사62754125,127.08015092419012,37.47084907794938
다사62754150,127.08013831992076,37.47310244468317
다사62753975,127.08022652034165,37.45732885938011
다사62754000,127.08021392448995,37.45958223130424
다사62754025,127.08020132723571,37.46183560236337
다사62754050,127.08018872857876,37.464088972557455
다사62754275,127.08007527751792,37.484369265374944
다사62754300,127.08006266482498,37.48662262691772
다사62754325,127.08005005072754,37.48887598759528
다사62754350,127.08003743522542,37.49112934740759
다사62754175,127.0801257142479,37.47535581055185
다사62754200,127.08011310717133,37.47760917555537
다사62754225,127.08010049869092,37.47986253969374
다사62754250,127.08008788880652,37.48211590296694
다사62504925,127.0769169737743,37.54294627883756
다사62504950,127.0769042393385,37.545199617060995
다사62504975,127.07689150348443,37.547452954418674
다사62505000,127.07687876621189,37.54970629091059
다사62504825,127.07696789733785,37.53393291728668
다사62504850,127.07695516857358,37.536186258972926
다사62504875,127.07694243839165,37.538439599793506
다사62504900,127.07692970679197,37.54069293974839
다사62505125,127.07681505856637,37.56097296038295
다사62505150,127.07680231277955,37.56322629167984
다사62505175,127.0767895655731,37.56547962211086
다사62505200,127.07677681694683,37.56773295167595
다사62505025,127.07686602752071,37.55195962653671
다사62505050,127.07685328741073,37.55421296129702
다사62505075,127.0768405458818,37.55646629519151
다사62505100,127.07682780293374,37.55871962822016
다사62504525,127.07712053199502,37.506892749535126
다사62504550,127.07710782022927,37.509146101608124
다사62504575,127.07709510704788,37.51139945281567
다사62504600,127.0770823924507,37.513652803157726
다사62504425,127.07717136490513,37.49787933258888
다사62504450,127.07715865880022,37.50013268812354
다사62504475,127.07714595128033,37.50238604279282
다사62504500,127.07713324234534,37.50463939659669
다사62504725,127.07701879822206,37.5249195418852
다사62504750,127.07700607512662,37.52717288703399
다사62504775,127.0769933506142,37.52942623131718
다사62504800,127.07698062468468,37.53167957473475
다사62504625,127.07706967643755,37.51590615263428
다사62504650,127.07705695900827,37.518159501245336
다사62504675,127.07704424016272,37.52041284899085
다사62504700,127.0770315199007,37.522666195870805
다사62505725,127.0765087675256,37.6150526724845
다사62505750,127.0764959876214,37.6173059829949
다사62505775,127.07648320629357,37.619559292638954
다사62505800,127.07647042354189,37.62181260141667
다사62505625,127.07655987290917,37.606039421780004
다사62505650,127.07654709869793,37.60829273575553
다사62505675,127.07653432306368,37.61054604886481
다사62505700,127.0765215460063,37.6127993611078
다사62505925,127.0764064884204,37.6330791323094
다사62505950,127.07639369712228,37.63533243588865
다사62505975,127.07638090439919,37.637585738601416
다사62506000,127.07636811025093,37.6398390404477
다사62505825,127.07645763936624,37.624065909328024
다사62505850,127.07644485376643,37.626319216372984
다사62505875,127.07643206674231,37.62857252255155
다사62505900,127.0764192782937,37.630825827863696
다사62505325,127.07671305251273,37.57899958651206
다사62505350,127.07670029536418,37.58125291088129
다사62505375,127.07668753679464,37.583506234384465
다사62505400,127.07667477680398,37.585759557021596
다사62505225,127.07676406690061,37.56998628037512
다사62505250,127.07675131543427,37.57223960820833
다사62505275,127.07673856254762,37.574492935175556
다사62505300,127.07672580824048,37.57674626127682
다사62505525,127.07661095552773,37.59702615721566
다사62505550,127.07659818700674,37.59927947465605
다사62505575,127.0765854170634,37.601532791230234
다사62505600,127.0765726456976,37.60378610693823
다사62505425,127.07666201539202,37.58801287879263
다사62505450,127.07664925255858,37.590266199697574
다사62505475,127.07663648830348,37.5925195197364
다사62505500,127.07662372262659,37.59477283890911
다사62256175,127.0734443256496,37.65560191468383
다사62256200,127.07343143444653,37.65785520877217
다사62256225,127.07341854180724,37.66010850199381
다사62256250,127.07340564773158,37.66236179434873
다사62256075,127.07349587610304,37.64658872966381
다사62256100,127.07348299064319,37.64884202721878
다사62256125,127.07347010374775,37.65109532390712
다사62256150,127.07345721541661,37.6533486197288
다사62256375,127.07334115580137,37.67362824312191
다사62256400,127.07332825310377,37.67588153027615
다사62256425,127.07331534896862,37.678134816563514
다사62256450,127.07330244339569,37.68038810198404
다사62256275,127.07339275221933,37.664615085836914
다사62256300,127.07337985527035,37.666868376458346
다사62256325,127.0733669568845,37.66912166621299
다사62256350,127.07335405706155,37.67137495510086
다사62255775,127.0736503897108,37.619549091413575
다사62255800,127.07363752146425,37.62180239936669
다사62255825,127.07362465178416,37.62405570645341
다사62255850,127.07361178067042,37.6263090126737
다사62255675,127.07370184836532,37.61053585093727
다사62255700,127.0736889858511,37.612789162355874
다사62255725,127.07367612190406,37.61504247290812
다사62255750,127.07366325652401,37.61729578259404
다사62255975,127.0735474035905,37.637575530778
다사62256000,127.0735345238711,37.639828831799306
다사62256025,127.07352164271684,37.642082131954055
다사62256050,127.07350876012754,37.644335431242226
다사62255875,127.0735989081228,37.628562318027534
다사62255900,127.07358603414119,37.6308156225149
다사62255925,127.07357315872537,37.63306892613577
다사62255950,127.0735602818752,37.635322228890146
다사62504125,127.07732372785769,37.470838998679234
다사62504150,127.07731103871934,37.473092364597136
다사62504175,127.07729834816803,37.475345729649874
다사62504200,127.07728565620359,37.47759909383742
다사62504025,127.07737447028474,37.46182552635628
다사62504050,127.07736178679659,37.46407889573469
다사62504075,127.07734910189615,37.46633226424799
다사62504100,127.07733641558325,37.468585631896175
다사62504325,127.0772221751785,37.48886590179669
다사62504350,127.07720947473177,37.49111926079273
다사62504375,127.07719677287076,37.49337261892346
다사62504400,127.07718406959526,37.49562597618884
다사62504225,127.07727296282582,37.479852457159765
다사62504250,127.07726026803462,37.48210581961687
다사62504275,127.07724757182977,37.48435918120875
다사62504300,127.07723487421111,37.486612541935365
다사62256575,127.07323789395892,37.691654516083105
다사62256600,127.07322497975593,37.69390779630207
다사62256625,127.07321206411402,37.696161075654054
다사62503800,127.07748855815173,37.441545163024394
다사62256475,127.07328953638486,37.68264138653768
다사62256500,127.07327662793593,37.68489467022444
다사62256525,127.07326371804872,37.68714795304427
다사62256550,127.07325080672312,37.689401234997156
다사62503925,127.07742519011758,37.45281204019211
다사62503950,127.07741251227701,37.4550654130307
다사62503975,127.07739983302478,37.45731878500427
다사62504000,127.07738715236074,37.459572156112806
다사62503825,127.07747588736687,37.443798540187835
다사62503850,127.07746321517116,37.44605191648635
다사62503875,127.07745054156452,37.448305291919894
다사62503900,127.0774378665467,37.4505586664885
다사62254575,127.07426638304268,37.5113892911127
다사62254600,127.0742535834064,37.513642640632526
다사62254625,127.0742407823447,37.51589598928679
다사62254650,127.0742279798574,37.518149337075506
다사62254475,127.07431756733682,37.50237588437832
다사62254500,127.0743047734006,37.50462923736014
다사62254525,127.0742919780396,37.50688258947649
다사62254550,127.07427918125369,37.50913594072734
다사62254775,127.07416394603109,37.52941606303496
다사62254800,127.07415113498666,37.53166940562989
다사62254825,127.07413832251548,37.53392274735914
다사62254850,127.07412550861737,37.53617608822267
다사62254675,127.07421517594435,37.52040268399864
다사62254700,127.07420237060533,37.52265603005617
다사62254725,127.07418956384025,37.52490937524807
다사62254750,127.07417675564889,37.527162719574335
다사62254175,127.0744709835013,37.47533558109608
다사62254200,127.07445820664911,37.477588944462155
다사62254225,127.07444542837418,37.47984230696299
다사62254250,127.07443264867635,37.482095668598554
다사62254075,127.07452207668582,37.46632211897954
다사62254100,127.074509305523,37.468575485806454
다사62254125,127.07449653293804,37.4708288517682
다사62254150,127.07448375893088,37.473082216864746
다사62254375,127.0743687288375,37.49336246379663
다사62254400,127.07435594059862,37.49561582024016
다사62254425,127.07434315093568,37.4978691758183
다사62254450,127.07433035984847,37.50012253053102
다사62254275,127.07441986755542,37.48434902936883
다사62254300,127.07440708501125,37.486602389273784
다사62254325,127.07439430104363,37.48885574831341
다사62254350,127.07438151565245,37.491109106487706
다사62255375,127.07385608683603,37.58349604634573
다사62255400,127.07384324150269,37.58574936815905
다사62255425,127.07383039473852,37.58800268910624
다사62255450,127.0738175465434,37.5902560091873
다사62255275,127.07390745386466,37.57448275043153
다사62255300,127.07389461425288,37.576736075709185
다사62255325,127.07388177321094,37.578989400120776
다사62255350,127.07386893073873,37.5812427236663
다사62255575,127.07375328409714,37.60152259659974
다사62255600,127.0737404273126,37.603775911483545
다사62255625,127.07372756909588,37.606029225501075
다사62255650,127.07371470944686,37.608282538652325
다사62255475,127.0738046969171,37.59250932840218
다사62255500,127.07379184585952,37.59476264675089
다사62255525,127.07377899337044,37.59701596423339
다사62255550,127.0737661394497,37.599269280849704
다사62254975,127.07406141771679,37.54744277955407
다사62255000,127.07404859525349,37.549696115222964
다사62255025,127.0740357713621,37.55194945002602
다사62255050,127.07402294604242,37.55420278396322
다사62254875,127.07411269329212,37.538429428220475
다사62254900,127.07409987653963,37.54068276735255
다사62254925,127.07408705835968,37.54293610561884
다사62254950,127.07407423875215,37.54518944301935
다사62255175,127.07395879801382,37.56546944066075
다사62255200,127.0739459641209,37.56772276940244
다사62255225,127.07393312879852,37.56997609727815
다사62255250,127.07392029204648,37.57222942428785
다사62255075,127.07401011929427,37.55645611703454
다사62255100,127.07399729111751,37.55870944923998
다사62255125,127.07398446151196,37.56096278057951
다사62255150,127.07397163047744,37.5632161110531
다사62005825,127.07079166563575,37.624045435564994
다사62005850,127.07077870900824,37.62629874095509
다사62005875,127.07076575093731,37.6285520454787
다사62005900,127.07075279142288,37.630805349135784
다사62005725,127.07084347771556,37.61503220533992
다사62005750,127.07083052685981,37.617285514195856
다사62005775,127.07081757456139,37.619538822185355
다사62005800,127.07080462082008,37.6217921293084
다사62006025,127.07068797219142,37.642071854422824
다사62006050,127.07067500401212,37.64432515288043
다사62006075,127.07066203438806,37.64657845047139
다사62006100,127.0706490633191,37.648831747195686
다사62005925,127.07073983046469,37.63305865192634
다사62005950,127.07072686806264,37.63531195385034
다사62005975,127.0707139042165,37.63756525490777
다사62006000,127.07070093892615,37.6398185550986
다사62005425,127.070998775516,37.587992431493944
다사62005450,127.07098584195934,37.59024575074561
다사62005475,127.07097290696204,37.59249906913106
다사62005500,127.0709599705239,37.594752386650285
다사62005325,127.07105049533948,37.578979145825535
다사62005350,127.07103756754374,37.581232468541884
다사62005375,127.07102463830803,37.583485790392075
다사62005400,127.07101170763218,37.5857391113761
다사62005625,127.07089526671491,37.6060189612523
다사62005650,127.07088232162826,37.60827227357376
다사62005675,127.07086937509959,37.61052558502887
다사62005700,127.07085642712876,37.612778895617595
다사62005525,127.0709470326448,37.59700570330325
다사62005550,127.07093409332448,37.59925901908996
다사62005575,127.07092115256287,37.60151233401038
다사62005600,127.07090821035973,37.6037656480645
다사62253750,127.07468797246922,37.43702827150638
다사62253800,127.07466246566737,37.44153502678666
다사62253825,127.07464971013643,37.44378840312937
다사62253850,127.07463695318523,37.44604177860711
다사62006525,127.0704283339101,37.687137658892176
다사62006550,127.07041533680356,37.68939094001351
다사62006575,127.07040233824885,37.69164422026783
다사62006600,127.07038933824583,37.693897499655144
다사62253975,127.07457314711971,37.4573086430204
다사62254000,127.07456038164351,37.45956201330787
다사62254025,127.07454761474592,37.46181538273022
다사62254050,127.07453484642674,37.46406875128746
다사62253875,127.07462419481362,37.448295153219824
다사62253900,127.07461143502144,37.450548526967545
다사62253925,127.0745986738085,37.45280189985023
다사62253950,127.07458591117464,37.45505527186785
다사62006225,127.07058418629465,37.66009821781662
다사62006250,127.07057120655266,37.662351509340574
다사62006275,127.07055822536454,37.66460479999773
다사62006300,127.07054524273016,37.6668580897881
다사62006125,127.07063609080504,37.6510850430533
다사62006150,127.07062311684575,37.653338338044215
다사62006175,127.07061014144102,37.65559163216844
다사62006200,127.07059716459074,37.657844925425906
다사62006425,127.07048030785812,37.678124525737196
다사62006450,127.07046731654249,37.680377810326355
다사62006475,127.0704543237794,37.68263109404858
다사62006500,127.07044132956867,37.68488437690387
다사62006325,127.07053225864932,37.66911137871163
다사62006350,127.07051927312186,37.671364666768326
다사62006375,127.07050628614763,37.673617953958164
다사62006400,127.07049329772646,37.67587124028113
다사62004225,127.07161789534547,37.47983208910355
다사62004250,127.07160503074117,37.482085449912084
다사62004275,127.0715921647043,37.484338809855274
다사62004300,127.07157929723476,37.4865921689331
다사62004125,127.07166933944067,37.47081863721641
다사62004150,127.07165648056484,37.473072001486116
다사62004175,127.07164362025713,37.47532536489056
다사62004200,127.0716307585174,37.47757872742971
다사62004425,127.0715149383905,37.49785895134124
다사62004450,127.07150206232113,37.50011230522654
다사62004475,127.0714891848179,37.50236565824635
다사62004500,127.07147630588062,37.50461901040066
다사62004325,127.07156642833235,37.48884552714556
다사62004350,127.07155355799686,37.49109888449262
다사62004375,127.07154068622818,37.49335224097427
다사62004400,127.0715278130261,37.49560559659048
다사62003825,127.07182353432623,37.4437781984958
다사62003850,127.07181069261969,37.44603157314728
다사62003875,127.0717978494833,37.448284946933704
다사62003900,127.07178500491688,37.45053831985507
다사62003725,127.07187488685729,37.434764691239785
다사62003750,127.07186205086846,37.437018069351275
다사62003775,127.07184921345045,37.43927144659777
다사62003800,127.0718363746031,37.44152482297929
다사62004025,127.07172076062868,37.46180517148528
다사62004050,127.07170790747863,37.46405853921587
다사62004075,127.0716950528974,37.46631190608128
다사62004100,127.07168219688481,37.468565272081456
다사62003925,127.0717721589203,37.45279169191136
다사62003950,127.07175931149334,37.455045063102546
다사62003975,127.07174646263587,37.45729843342859
다사62004000,127.0717336123477,37.45955180288952
다사62005025,127.07120551663179,37.55193920567726
다사62005050,127.07119260610254,37.55419253878585
다사62005075,127.07117969413537,37.55644587102852
다사62005100,127.07116678073005,37.55869920240526
다사62004925,127.0712571443727,37.54292586458399
다사62004950,127.07124423959354,37.54517920115609
다사62004975,127.07123133337711,37.54743253686235
다사62005000,127.07121842572325,37.54968587170274
다사62005225,127.071102192126,37.56996584629919
다사62005250,127.07108927008849,37.572219172479905
다사62005275,127.07107634661168,37.57447249779453
다사62005300,127.07106342169538,37.5767258222431
다사62005125,127.07115386588652,37.56095253291604
다사62005150,127.07114094960448,37.56320586256083
다사62005175,127.07112803188383,37.565459191339635
다사62005200,127.0711151127244,37.567712519252424
다사62004625,127.07141188967746,37.51588575818897
다사62004650,127.0713990021323,37.518139105149864
다사62004675,127.07138611315189,37.52039245124512
다사62004700,127.0713732227361,37.52264579647474
다사62004525,127.07146342550912,37.50687236168943
다사62004550,127.07145054370322,37.50912571211267
다사62004575,127.07143766046275,37.51137906167036
다사62004600,127.07142477578756,37.51363241036246
다사62004825,127.07130874912005,37.53391250963742
다사62004850,127.07129585008826,37.53616584967274
다사62004875,127.07128294961989,37.53841918884228
다사62004900,127.07127004771475,37.54067252714605
다사62004725,127.07136033088473,37.524899140838684
다사62004750,127.0713474375976,37.527152484336945
다사62004775,127.07133454287454,37.529405826969494
다사62004800,127.07132164671543,37.531659168736326
다사61755575,127.06808902247009,37.601502003462265
다사61755600,127.06807599484856,37.6037553166812
다사61755625,127.06806296577581,37.60600862903377
다사61755650,127.06804993525171,37.60826194051995
다사61755475,127.06814111844781,37.592488741923155
다사61755500,127.06812809662931,37.5947420586074
다사61755525,127.06811507336032,37.59699537442534
다사61755550,127.06810204864061,37.59924868937697
다사61755775,127.06798476085484,37.619528484954415
다사61755800,127.06797172161897,37.62178179124189
다사61755825,127.06795868093057,37.62403509666286
다사61755850,127.06794563878942,37.62628840121729
다사61755675,127.06803690327608,37.61051525113974
다사61755700,127.06802386984876,37.61276856089309
다사61755725,127.06801083496954,37.615021869779994
다사61755750,127.0679977986383,37.617275177800444
다사61755175,127.06829726719265,37.56544887414762
다사61755200,127.06828426276687,37.567702201226034
다사61755225,127.06827125689266,37.56995552743835
다사61755250,127.0682582495698,37.57220885278458
다사61755075,127.06834927041457,37.55643555717356
다사61755100,127.06833627178091,37.5586888877161
다사61755125,127.06832327169948,37.56094221739264
다사61755150,127.06831027017013,37.56319554620315
다사61755375,127.06819319122017,37.58347546652358
다사61755400,127.06818017520199,37.58572878667284
다사61755425,127.06816715773397,37.58798210595587
다사61755450,127.06815413881598,37.59023542437264
다사61755275,127.06824524079816,37.57446217726468
다사61755300,127.06823223057754,37.576715500878656
다사61755325,127.0682192189078,37.57896882362648
다사61755350,127.06820620578873,37.58122214550813
다사61756375,127.06767141794087,37.6736075966597
다사61756400,127.06765834379624,37.675860882145884
다사61756425,127.06764526819494,37.678114166765134
다사61756450,127.06763219113677,37.68036745051742
다사61756275,127.06772369995603,37.66459444604585
다사61756300,127.06771063163639,37.666847734999635
다사61756325,127.06769756186077,37.66910102308655
다사61756350,127.06768449062899,37.671354310306576
다사61756575,127.06756678398715,37.69163385627382
다사61756600,127.06755369818424,37.69388713482395
다사62003675,127.07190055454805,37.43025793242198
다사62003700,127.0718877214171,37.432511312263344
다사61756475,127.0676191126216,37.682620733402736
다사61756500,127.0676060326492,37.684874015421045
다사61756525,127.06759295121944,37.68712729657234
다사61756550,127.06757986833215,37.68938057685661
다사61755975,127.06788040628675,37.63755491099084
다사61756000,127.0678673554256,37.6398082103457
다사61756025,127.06785430311058,37.6420615088339
다사61756050,127.06784124934141,37.64431480645543
다사61755875,127.06793259519536,37.62854170490517
다사61755900,127.06791955014825,37.63079500772648
다사61755925,127.0679065036479,37.633048309681215
다사61755950,127.06789345569412,37.63530161076933
다사61756175,127.06777595867806,37.65558128156233
다사61756200,127.06776289618068,37.65783457398342
다사61756225,127.067749832228,37.66008786553772
다사61756250,127.06773676681983,37.66234115622521
다사61756075,127.06782819411798,37.646568103210264
다사61756100,127.06781513744008,37.648821399098395
다사61756125,127.06780207930758,37.65107469411978
다사61756150,127.0677890197203,37.653327988274434
다사61753975,127.06891977958271,37.45728815622897
다사61754000,127.06890684448274,37.45954152485787
다사61754025,127.06889390794247,37.46179489262158
다사61754050,127.06888096996174,37.46404825952005
다사61753875,127.068971505583,37.44827467306165
다사61753900,127.06895857624252,37.4505280451512
다사61753925,127.06894564546243,37.45278141637562
다사61753950,127.06893271324257,37.45503478673488
다사61754175,127.06881625844501,37.47531508103342
다사61754200,127.0688033118179,37.477568442740164
다사61754225,127.06879036374913,37.47982180358156
다사61754250,127.06877741423853,37.48207516355757
다사61754075,127.06886803054033,37.466301625553285
다사61754100,127.06885508967814,37.46855499072126
다사61754125,127.06884214737498,37.47080835502395
다사61754150,127.06882920363064,37.473061718461345
다사61506525,127.06475756998633,37.68711686608486
다사61506550,127.06474440131846,37.68937014552654
다사61506575,127.06473123118332,37.69162342410114
다사61506600,127.06471805958074,37.693876701808584
다사61506425,127.06481022998861,37.67810373964744
다사61506450,127.06479706718807,37.68035702255736
다사61506475,127.06478390292096,37.682610304600246
다사61506500,127.06477073718712,37.684863585776085
다사61753775,127.06902320855198,37.43926117605251
다사61753800,127.06901028496834,37.44151455160241
다사61753825,127.06899735994573,37.44376792628724
다사61753850,127.06898443348402,37.446021300107
다사61753675,127.06907488850051,37.430247665202714
다사61753700,127.06906197067094,37.432501044212664
다사61753725,127.06904905140314,37.43475442235763
다사61753750,127.06903613069687,37.437007799637584
다사61754775,127.0685051411541,37.52939552312092
다사61754800,127.06849215988045,37.53164886405415
다사61754825,127.06847917716104,37.53390220412159
다사61754850,127.06846619299576,37.536155543323225
다사61754675,127.06855705179485,37.52038215073042
다사61754700,127.06854407630243,37.52263549512666
다사61754725,127.06853109936493,37.52488883865714
다사61754750,127.06851812098222,37.52714218132191
다사61754975,127.06840125047486,37.54742222634364
다사61755000,127.0683882576306,37.549675560350046
다사61755025,127.06837526333923,37.55192889349051
다사61755050,127.06836226760062,37.55418222576501
다사61754875,127.06845320738441,37.53840888165904
다사61754900,127.06844022032679,37.540662219129004
다사61754925,127.0684272318228,37.54291555573311
다사61754950,127.0684142418722,37.54516889147131
다사61754375,127.06871264505222,37.49334195045647
다사61754400,127.06869968688713,37.49559530523987
다사61754425,127.068686727279,37.49784865915779
다사61754450,127.06867376622772,37.500102012210185
다사61754275,127.06876446328594,37.4843285226682
다사61754300,127.06875151089118,37.48658188091342
다사61754325,127.06873855705409,37.48883523829321
다사61754350,127.06872560177449,37.491088594807586
다사61754575,127.06860893931757,37.51136876448874
다사61754600,127.06859596960359,37.51362211234765
다사61754625,127.0685829984453,37.51587545934091
다사61754650,127.06857002584242,37.51812880546851
다사61754475,127.06866080373304,37.50235536439704
다사61754500,127.06864783979488,37.50460871571835
다사61754525,127.06863487441304,37.50686206617408
다사61754550,127.06862190758731,37.50911541576421
다사61505325,127.06538794392542,37.57895843352368
다사61505350,127.0653748454832,37.58121175456516
다사61505375,127.065361745582,37.58346507474039
다사61505400,127.06534864422164,37.58571839404937
다사61505225,127.06544032310791,37.56994514069575
다사61505250,127.0654272304999,37.57219846520201
다사61505275,127.0654141364336,37.57445178884208
다사61505300,127.06540104090882,37.576705111615986
다사61505525,127.06528311552651,37.59698497759976
다사61505550,127.06527000540761,37.59923829171082
다사61505575,127.06525689382833,37.601491604955484
다사61505600,127.06524378078855,37.603744917333756
다사61505425,127.06533554140194,37.58797171249207
다사61505450,127.06532243712277,37.59022503006849
다사61505475,127.06530933138392,37.59247834677857
다사61505500,127.06529622418522,37.594731662622344
다사61504925,127.06559732071945,37.542905179066295
다사61504950,127.0655842455976,37.545158513965134
다사61504975,127.0655711690195,37.54741184799803
다사61505000,127.06555809098504,37.54966518116496
다사61504825,127.06564960664794,37.53389183081179
다사61504850,127.06563653734932,37.53614516917424
다사61504875,127.06562346659514,37.53839850667083
다사61504900,127.06561039438525,37.54065184330152
다사61505125,127.06549267896044,37.56093183400944
다사61505150,127.06547959218388,37.56318516198017
다사61505175,127.06546650394972,37.56543848908481
다사61505200,127.0654534142578,37.56769181532334
다사61505025,127.06554501149394,37.55191851346591
다사61505050,127.06553193054613,37.55417184490083
다사61505075,127.0655188481414,37.55642517546975
다사61505100,127.06550576427952,37.55867850517262
다사61506125,127.06496806926494,37.65106427710668
다사61506150,127.06495492404981,37.653317570419546
다사61506175,127.06494177737021,37.65557086286561
다사61506200,127.06492862922593,37.65782415444485
다사61506025,127.06502063548382,37.642051095187384
다사61506050,127.06500749612496,37.644304391967346
다사61506075,127.06499435530235,37.64655768788056
다사61506100,127.0649812130157,37.64881098292702
다사61506325,127.0648628665284,37.66909059933785
다사61506350,127.06484970959244,37.67134388571571
다사61506375,127.06483655119061,37.673597171226604
다사61506400,127.06482339132272,37.67585045587054
다사61506225,127.06491547961681,37.66007744515722
다사61506250,127.06490232854267,37.662330735002726
다사61506275,127.06488917600332,37.66458402398135
다사61506300,127.06487602199863,37.666837312093065
다사61505725,127.0651781936756,37.61501146622843
다사61505750,127.065165071869,37.617264773407925
다사61505775,127.06515194860066,37.619518079720876
다사61505800,127.06513882387043,37.62177138516727
다사61505625,127.06523066628807,37.60599822884561
다사61505650,127.0652175503267,37.60825153949102
다사61505675,127.06520443290425,37.61050484926999
다사61505700,127.06519131402062,37.61275815818246
다사61505925,127.0650731782845,37.63303789940048
다사61505950,127.0650600447792,37.63529119964724
다사61505975,127.06504690981073,37.637544499027314
다사61506000,127.06503377337901,37.63979779754071
다사61505825,127.0651256976781,37.62402468974712
다사61505850,127.0651125700235,37.62627799346038
다사61505875,127.0650994409065,37.62853129630703
다사61505900,127.06508631032689,37.63078459828708
다사61503725,127.06622321738743,37.43474408592246
다사61503750,127.0662102119639,37.436997462365426
다사61503775,127.06619720509232,37.4392508379433
다사61503800,127.06618419677253,37.4415042126561
다사61256600,127.06188242244481,37.69386620060917
다사61503650,127.06626222497151,37.427983951403334
다사61503675,127.06624922389109,37.430237330441386
다사61503700,127.06623622136311,37.43249070861444
다사61503925,127.0661191334444,37.452771073243106
다사61503950,127.06610611643177,37.45502444276498
다사61503975,127.06609309796971,37.45727781142162
다사61504000,127.06608007805809,37.459531179213045
다사61503825,127.06617118700433,37.44375758650379
다사61503850,127.0661581757876,37.446010959486365
다사61503875,127.06614516312216,37.448264331603774
다사61503900,127.06613214900783,37.45051770285603
다사61256300,127.0620414138264,37.666826821068504
다사61256325,127.06202817266171,37.66908010746565
다사61256350,127.06201493002177,37.67133339299584
다사61256375,127.0620016859064,37.673586677659
다사61256200,127.06209436373604,37.657813666810284
다사61256225,127.06208112847064,37.66006695667522
다사61256250,127.0620678917307,37.662320245673264
다사61256275,127.06205465351601,37.664573533804365
다사61256500,127.06193544319196,37.68485308796908
다사61256525,127.06192219022033,37.68710636742983
다사61256550,127.06190893577204,37.689359646023426
다사61256575,127.06189567984691,37.69161292374989
다사61256400,127.06198844031543,37.67583996145515
다사61256425,127.06197519324866,37.67809324438424
다사61256450,127.06196194470594,37.68034652644627
다사61256475,127.06194869468709,37.682599807641225
다사61504525,127.06580632476079,37.50685170293051
다사61504550,127.06579327291543,37.50910505168207
다사61504575,127.06578021961656,37.511358399567975
다사61504600,127.06576716486401,37.513611746588204
다사61504425,127.06585851761069,37.49783829926805
다사61504450,127.0658454715776,37.500091651482066
다사61504475,127.06583242409172,37.502345002830495
다사61504500,127.06581937515283,37.50459835331331
다사61504725,127.06570186929036,37.52487846870355
다사61504750,127.06568880581221,37.527131810529326
다사61504775,127.06567574087923,37.52938515148932
다사61504800,127.06566267449118,37.53163849158348
다사61504625,127.06575410865766,37.51586509274273
다사61504650,127.06574105099727,37.51811843803156
다사61504675,127.06572799188271,37.52037178245464
다사61504700,127.06571493131379,37.52262512601198
다사61504125,127.06601495675044,37.47079800519092
다사61504150,127.06600192813778,37.47305136779053
다사61504175,127.0659888980744,37.47530472952478
다사61504200,127.06597586656005,37.47755809039363
다사61504025,127.06606705669672,37.4617845461392
다사61504050,127.06605403388545,37.46403791220009
다사61504075,127.06604100962409,37.46629127739568
다사61504100,127.06602798391248,37.46854464172597
다사61504325,127.06591068721832,37.488824881756514
다사61504350,127.06589764699478,37.49107823743269
다사61504375,127.06588460531911,37.49333159224335
다사61504400,127.06587156219115,37.495584946188465
다사61504225,127.0659628335946,37.47981145039708
다사61504250,127.06594979917787,37.48206480953511
다사61504275,127.06593676330971,37.48431816780771
다사61504300,127.06592372598992,37.48657152521485
다사61255100,127.06267525823542,37.55866805477491
다사61255125,127.06266208767882,37.56092138276652
다사61255150,127.06264891565526,37.56317470989198
다사61255175,127.06263574216459,37.565428036151324
다사61255000,127.06272792579604,37.549654734147595
다사61255025,127.06271476110541,37.55190806560353
다사61255050,127.06270159494856,37.5541613961934
다사61255075,127.06268842732528,37.5564147259172
다사61255300,127.06256985269876,37.576694654455174
다사61255325,127.06255667040186,37.57894797551726
다사61255350,127.06254348663666,37.58120129571308
다사61255375,127.06253030140296,37.5834546150426
다사61255200,127.06262256720669,37.567681361544494
다사61255225,127.06260939078132,37.569934686071484
다사61255250,127.06259621288831,37.572188009732265
다사61255275,127.06258303352752,37.57444133252684
다사61254700,127.0628857877797,37.52261468913085
다사61254725,127.06287264067046,37.524868030978006
다사61254750,127.06285949209709,37.52712137195933
다사61254775,127.06284634205939,37.5293747120748
다사61254600,127.06293836157828,37.513601313084216
다사61254625,127.06292522032402,37.51585465839454
다사61254650,127.0629120776063,37.5181080028391
다사61254675,127.0628989334249,37.520361346417864
다사61254900,127.06278056989962,37.54064139966369
다사61254925,127.0627674110722,37.54289473458366
다사61254950,127.06275425077926,37.545148068637644
다사61254975,127.0627410890206,37.547401401825624
다사61254800,127.06283319055714,37.531628051324404
다사61254825,127.06282003759023,37.533881389708114
다사61254850,127.06280688315844,37.53613472722591
다사61254875,127.06279372726162,37.53838806387777
다사61255900,127.0622530719683,37.63077412081768
다사61255925,127.06223985438409,37.633027421084265
다사61255950,127.06222663532738,37.63528072048415
다사61255975,127.06221341479802,37.63753401901731
다사61255800,127.06230592758395,37.62176091108466
다사61255825,127.06229271588789,37.624014214817876
다사61255850,127.06227950272005,37.62626751768447
다사61255875,127.06226628808022,37.62852081968441
다사61256100,127.06214729005549,37.648800498681645
다사61256125,127.06213406068659,37.65105379201409
다사61256150,127.06212082984383,37.65330708447969
다사61256175,127.06210759752703,37.655560376078434
다사61256000,127.06220019279587,37.63978731668372
다사61256025,127.0621869693207,37.64204061348338
다사61256050,127.06217374437236,37.64429390941627
다사61256075,127.06216051795069,37.64654720448237
다사61255500,127.06246435320114,37.594721198695225
다사61255525,127.06245115915287,37.59697451282663
다사61255550,127.06243796363495,37.59922782609162
다사61255575,127.06242476664711,37.601481138490165
다사61255400,127.06251711470061,37.58570793350581
다사61255425,127.06250392652943,37.58796125110269
다사61255450,127.06249073688923,37.59021456783324
다사61255475,127.06247754577986,37.592467883697424
다사61255700,127.0623587596539,37.61274768748581
다사61255725,127.06234555384322,37.61500099468538
다사61255750,127.06233234656145,37.61725430101839
다사61255775,127.06231913780842,37.61950760648482
다사61255600,127.06241156818925,37.60373445002227
다사61255625,127.06239836826119,37.60598776068791
다사61255650,127.06238516686271,37.60824107048706
다사61255675,127.06237196399368,37.6104943794197
다사61006450,127.05912682369997,37.68033596218427
다사61006475,127.05911348792954,37.6825892425258
다사61006500,127.05910015067327,37.68484252200016
다사61006525,127.05908681193097,37.687095800607366
다사61006350,127.05918015192654,37.67132283214707
다사61006375,127.05916682209781,37.673576115957005
다사61006400,127.05915349078391,37.675829398899864
다사61006425,127.05914015798469,37.67808268097563
다사61253700,127.06341047350297,37.432480305468786
다사61253725,127.06339738481962,37.43473368193438
다사61253750,127.06338429467898,37.436987057534886
다사61253775,127.06337120308086,37.43924043227026
다사61006550,127.05907347170245,37.68934907834738
다사61006575,127.05906012998754,37.6916023552202
다사61253650,127.06343664649843,37.427973549942365
다사61253675,127.06342356072918,37.430226928138104
다사61006050,127.0593399940931,37.64428335880232
다사61006075,127.05932668207254,37.646536653015794
다사61006100,127.05931336856895,37.648789946362406
다사61006125,127.05930005358213,37.651043238842114
다사61005950,127.05939322734821,37.63527017328018
다사61005975,127.05937992125814,37.63752347096093
다사61006000,127.05936661368571,37.639776767774876
다사61006025,127.05935330463075,37.64203006372201
다사61006250,127.05923345639347,37.66230968823692
다사61006275,127.0592201325036,37.66456297551498
다사61006300,127.05920680712926,37.666816261926044
다사61006325,127.05919348027032,37.66906954747006
다사61006150,127.0592867371119,37.65329653045495
다사61006175,127.05927341915809,37.655549821200864
다사61006200,127.05926009972053,37.65780311107984
다사61006225,127.05924677879905,37.66005640009186
다사61254300,127.06309594254044,37.486561101837495
다사61254325,127.06308281883454,37.48881445753555
다사61254350,127.06306969366723,37.49106781236806
다사61254375,127.0630565670383,37.49332116633501
다사61254200,127.06314842275332,37.47754767039021
다사61254225,127.06313530489135,37.479801029550266
다사61254250,127.06312218556866,37.482054387844826
다사61254275,127.06310906478508,37.48430774527392
다사61254500,127.06299091196394,37.504587923185674
다사61254525,127.06297777656187,37.50684127195886
다사61254550,127.06296463969703,37.50909461986635
다사61254575,127.06295150136923,37.51134796690815
다사61254400,127.06304343894764,37.49557451943637
다사61254425,127.06303030939505,37.497827871672136
다사61254450,127.06301717838035,37.50008122304229
다사61254475,127.06300404590334,37.502334573546804
다사61253900,127.06330572322216,37.45050729296966
다사61253925,127.06329262287558,37.452760662513924
다사61253950,127.06327952107034,37.45501403119294
다사61253975,127.06326641780629,37.45726739900666
다사61253800,127.06335811002509,37.441493806140485
다사61253825,127.06334501551152,37.44374717914557
다사61253850,127.06333191953993,37.44600055128547
다사61253875,127.0633188221102,37.44825392256018
다사61254100,127.06320087959722,37.4685342250957
다사61254125,127.06318776757648,37.47078758771744
다사61254150,127.06317465409569,37.4730409494738
다사61254175,127.06316153915469,37.475294310364724
다사61254000,127.0632533130832,37.459520765955126
다사61254025,127.0632402069009,37.46177413203828
다사61254050,127.06322709925925,37.4640274972561
다사61254075,127.06321399015809,37.46628086160858
다사61004850,127.05997723043258,37.53612421747831
다사61004875,127.0599639893933,37.53837755327998
다사61004900,127.05995074687931,37.54063088821567
다사61004925,127.05993750289049,37.54288422228534
다사61004750,127.06003017984632,37.52711086561201
다사61004775,127.06001694470405,37.52936420487749
다사61004800,127.06000370808778,37.531617543277044
다사61004825,127.05999046999736,37.533870880810646
다사61005050,127.0598712608174,37.55415087964283
다사61005075,127.05985800797578,37.55640420851603
다사61005100,127.05984475365806,37.5586575365231
다사61005125,127.05983149786411,37.560910863664006
다사61004950,127.05992425742663,37.54513755548898
다사61004975,127.05991101048758,37.54739088782656
다사61005000,127.05989776207312,37.549644219298074
다사61005025,127.05988451218313,37.5518975499035
다사61004450,127.06018888664534,37.50007072689096
다사61004475,127.06017566917745,37.5023240765461
다사61004500,127.06016245023766,37.504577425335526
다사61004525,127.06014922982575,37.50683077325921
다사61004350,127.06024174180125,37.491057319613795
다사61004375,127.06022853021928,37.49331067273155
다사61004400,127.06021531716608,37.49556402498368
다사61004425,127.06020210264151,37.49781737637015
다사61004650,127.06008310567897,37.51809749989125
다사61004675,127.06006987643093,37.52035084262023
다사61004700,127.06005664570958,37.52260418448337
다사61004725,127.06004341351478,37.52485752548063
다사61004550,127.06013600794161,37.50908412031717
다사61004575,127.06012278458503,37.511337466509374
다사61004600,127.06010955975586,37.5135908118358
다사61004625,127.06009633345388,37.51584415629642
다사61005650,127.05955278486928,37.60823053350818
다사61005675,127.05953949655381,37.61048384158901
다사61005700,127.05952620675808,37.612737148803255
다사61005725,127.05951291548192,37.6149904551509
다사61005550,127.05960592333214,37.59921729251948
다사61005575,127.05959264093593,37.60147060406642
다사61005600,127.05957935706019,37.603723914746865
다사61005625,127.0595660717047,37.60597722456079
다사61005850,127.0594464368885,37.62625697388968
다사61005875,127.0594331367261,37.6285102750374
다사61005900,127.05941983508201,37.6307635753184
다사61005925,127.05940653195611,37.633016874732675
다사61005750,127.05949962272514,37.61724376063195
다사61005775,127.0594863284876,37.61949706524638
다사61005800,127.05947303276909,37.62175036899414
다사61005825,127.05945973556946,37.62400367187525
다사61005250,127.05976519674451,37.5721774863755
다사61005275,127.0597519320894,37.57443080831907
다사61005300,127.05973866595684,37.57668412939635
다사61005325,127.05972539834663,37.57893744960734
다사61005150,127.05981824059373,37.56316418993872
다사61005175,127.05980498184674,37.56541751534726
다사61005200,127.059791721623,37.56767083988957
다사61005225,127.05977845992233,37.569924163565666
다사61005450,127.05965903812486,37.59020403766702
다사61005475,127.05964576164514,37.5924573526798
다사61005500,127.05963248368657,37.59471066682614
다사61005525,127.05961920424896,37.596963980106054
다사61005350,127.0597121292586,37.58119076895199
다사61005375,127.05969885869257,37.5834440874303
다사61005400,127.05968558664841,37.58569740504226
다사61005425,127.0596723131259,37.58795072178785
다사60756150,127.05645264586353,37.65328590834544
다사60756175,127.0564392422729,37.655539198233015
다사60756200,127.05642583718895,37.657792487253616
다사60756225,127.05641243061156,37.66004577540721
다사60756050,127.05650624529667,37.64427274012561
다사60756075,127.05649284767745,37.64652603348095
다사60756100,127.05647944856564,37.648779325969386
다사60756125,127.05646604796107,37.651032617590886
다사60756350,127.0563453753163,37.671312203169514
다사60756375,127.05633195977437,37.67356548612071
다사60756400,127.05631854273774,37.67581876820478
다사60756425,127.05630512420622,37.6780720494217
다사60756250,127.0563990225405,37.66229906269379
다사60756275,127.05638561297562,37.66455234911332
다사60756300,127.05637220191674,37.666805634665806
다사60756325,127.05635878936371,37.6690589193512
다사60755750,127.05666690036962,37.61723315224874
다사60755775,127.05665352064773,37.61948645600564
다사60755800,127.05664013943534,37.621739758895856
다사60755825,127.05662675673233,37.62399306091935
다사60755650,127.05672040435597,37.60821992855448
다사60755675,127.05670703059421,37.61047323577801
다사60755700,127.0566936553427,37.612726542134894
다사60755725,127.0566802786012,37.61497984762514
다사60755950,127.05655982085123,37.63525955803545
다사60755975,127.05654642920061,37.63751285485827
다사60756000,127.05653303605808,37.63976615081425
다사60756025,127.05651964142349,37.642019445903365
다사60755850,127.05661337253848,37.6262463620761
다사60755875,127.0565999868536,37.62849966236612
다사60755900,127.05658659967757,37.630752961789355
다사60755925,127.05657321101016,37.6330062603458
다사61004050,127.0604001660926,37.46401701468819
다사61004075,127.06038697215179,37.46627037819208
다사61004100,127.06037377674184,37.468523740830555
다사61004125,127.06036057986258,37.47077710260362
다사61003950,127.06045292716779,37.455003552018866
다사61003975,127.06043973910184,37.45725691898421
다사61004000,127.06042654956745,37.45951028508423
다사61004025,127.06041335856443,37.4617636503189
다사61004250,127.06029457342038,37.48204389848682
다사61004275,127.06028136772156,37.48429725506692
다사61004300,127.06026816055221,37.48655061078146
다사61004325,127.06025495191217,37.48880396563042
다사61004150,127.06034738151381,37.47303046351123
다사61004175,127.06033418169538,37.475283823553376
다사61004200,127.0603209804071,37.477537182730025
다사61004225,127.06030777764883,37.47979054104119
다사60756550,127.05623800911923,37.689338442498496
다사61003675,127.06059789902424,37.43021645829297
다사61003700,127.06058472709994,37.43246983477582
다사61003725,127.06057155370911,37.43472321039353
다사60756450,127.05629170417964,37.68032532977146
다사60756475,127.05627828265783,37.682578609254044
다사60756500,127.05626485964062,37.68483188786942
다사60756525,127.05625143512782,37.68708516561759
다사61003850,127.06050566475042,37.44599007550443
다사61003875,127.06049248255658,37.44824344593096
다사61003900,127.06047929889499,37.45049681549221
다사61003925,127.06046611376543,37.45275018418819
다사61003750,127.06055837885152,37.4369765851461
다사61003775,127.06054520252704,37.43922995903348
다사61003800,127.06053202473548,37.44148333205568
다사61003825,127.06051884547666,37.44373670421267
다사60754550,127.05730737765863,37.50907355303463
다사60754575,127.05729406927344,37.51132689837176
다사60754600,127.05728075940617,37.51358024284307
다사60754625,127.05726744805669,37.51583358644852
다사60754450,127.0573605963821,37.50006016302822
다사60754475,127.05734729392346,37.50231351182847
다사60754500,127.05733398998345,37.504566859762974
다사60754525,127.0573206845619,37.5068202068317
다사60754750,127.05720086906935,37.527100291487486
다사60754775,127.05718754882271,37.52935362989748
다사60754800,127.05717422709257,37.53160696744151
다사60754825,127.05716090387881,37.53386030411954
다사60754650,127.05725413522475,37.51808692918811
다사60754675,127.05724082091024,37.52034027106183
다사60754700,127.05722750511296,37.522593612069635
다사60754725,127.05721418783271,37.524846952211526
다사60754150,127.05752011040158,37.47301990990296
다사60754175,127.05750682570591,37.475273269090835
다사60754200,127.05749353953095,37.477526627413184
다사60754225,127.05748025187651,37.47977998486998
다사60754050,127.05757323439492,37.46400646449645
다사60754075,127.05755995561465,37.466259827146295
다사60754100,127.0575466753558,37.468513188930665
다사60754125,127.05753339361817,37.47076654984956
다사60754350,127.05741379140632,37.491046759170004
다사60754375,127.05740049487144,37.4933001114331
다사60754400,127.05738719685591,37.4955534628305
다사60754425,127.05737389735951,37.49780681336221
다사60754250,127.05746696274244,37.4820333414612
다사60754275,127.05745367212855,37.48428669718683
다사60754300,127.05744038003469,37.48654005204685
다사60754325,127.05742708646068,37.488793406041246
다사60755350,127.05688077335853,37.581180174282004
다사60755375,127.05686741746035,37.58343349190362
다사60755400,127.05685406007453,37.58568680865884
다사60755425,127.05684070120087,37.58794012454763
다사60755250,127.056934182078,37.572166895131794
다사60755275,127.05692083212874,37.57442021621887
다사60755300,127.05690748069254,37.57667353643961
다사60755325,127.05689412776918,37.578926855793995
다사60755550,127.05677388450874,37.599206690994514
다사60755575,127.05676051670433,37.601460001684345
다사60755600,127.05674714741085,37.60371331150764
다사60755625,127.05673377662812,37.605966620464365
다사60755450,127.05682734083919,37.590193439569966
다사60755475,127.05681397898931,37.59244675372584
다사60755500,127.05680061565104,37.59470006701523
다사60755525,127.05678725082424,37.596953379438126
다사60754950,127.05709426554921,37.54512697451919
다사60754975,127.05708093342992,37.5473803060009
다사60755000,127.05706759982576,37.5496336366165
다사60755025,127.05705426473656,37.55188696636594
다사60754850,127.05714757918122,37.536113639931564
다사60754875,127.05713425299966,37.53836697487756
다사60754900,127.0571209253339,37.540620308957514
다사60754925,127.05710759618383,37.542873642171394
다사60755150,127.05698756700879,37.56315360212048
다사60755175,127.05697422300567,37.565406926672715
다사60755200,127.05696087751629,37.56766025035869
다사60755225,127.05694753054044,37.5699135731784
다사60755050,127.05704092816215,37.55414029524923
다사60755075,127.05702759010234,37.556393623266345
다사60755100,127.05701425055696,37.55864695041728
다사60755125,127.05700090952583,37.56090027670199
다사60505850,127.05378030967944,37.62623568224386
다사60505875,127.0537668384723,37.62848898167067
다사60505900,127.05375336576446,37.63074228023064
다사60505925,127.05373989155575,37.63299557792378
다사60505750,127.0538341795044,37.61722247586883
다사60505775,127.05382071429834,37.619475778762734
다사60505800,127.05380724759226,37.62172908078988
다사60505825,127.05379377938601,37.62398238195027
다사60506050,127.05367249799271,37.64426205338624
다사60506075,127.05365901477495,37.646515345877965
다사60506100,127.0536455300551,37.64876863750273
다사60506125,127.05363204383292,37.6510219282605
다사60505950,127.05372641584596,37.63524887475006
다사60505975,127.05371293863494,37.63750217070947
다사60506000,127.05369945992251,37.63975546580197
다사60506025,127.0536859797085,37.64200876002757
다사60505450,127.05399564504171,37.59018277354214
다사60505475,127.05398219782182,37.59243608683562
다사60505500,127.05396874910406,37.59468939926258
다사60505525,127.05395529888827,37.59694271082298
다사60505350,127.05404941894597,37.581169511703244
다사60505375,127.05403597771583,37.58342282846267
다사60505400,127.05402253498852,37.585676144355645
다사60505425,127.05400909076388,37.587929459382146
다사60505650,127.05388802533224,37.60820925562609
다사60505675,127.05387456612439,37.61046256198683
다사60505700,127.05386110541725,37.61271586748086
다사60505725,127.05384764321066,37.614969172108204
다사60505550,127.05394184717422,37.59919602151682
다사60505575,127.0539283939618,37.60144933134406
다사60505600,127.05391493925075,37.6037026403047
다사60505625,127.05390148304096,37.60595594839872
다사60753750,127.05773246449098,37.436966045199156
다사60753775,127.05771920344031,37.43921941823309
다사60753800,127.05770594091311,37.44147279040178
다사60753825,127.05769267690923,37.44372616170522
다사60506550,127.05340254803197,37.6893277384769
다사60753675,127.05777223878567,37.43020592090608
다사60753700,127.0577589821635,37.43245929653563
다사60753725,127.05774572406533,37.4347126713
다사60753950,127.05762633473353,37.45499300524287
다사60753975,127.0576130618659,37.45724637135436
다사60754000,127.05759978752036,37.45949973660047
다사60754025,127.05758651169675,37.46175310098118
다사60753850,127.05767941142851,37.44597953214337
다사60753875,127.05766614447073,37.44823290171624
다사60753900,127.05765287603576,37.450486270423795
다사60753925,127.0576396061234,37.452739638266
다사60506250,127.05356459018137,37.662288369044
다사60506275,127.05355109494165,37.6645416545995
다사60506300,127.05353759819842,37.66679493928789
다사60506325,127.05352409995145,37.66904822310915
다사60506150,127.05361855610828,37.653275218151265
다사60506175,127.05360506688098,37.65552850717503
다사60506200,127.05359157615085,37.65778179533174
다사60506225,127.0535780839177,37.660035082621405
다사60506450,127.05345658615457,37.68031462920796
다사60506475,127.05344307888153,37.6825679078261
다사60506500,127.05342957010355,37.68482118557697
다사60506525,127.0534160598204,37.687074462460586
다사60506350,127.05351060020058,37.67130150606327
다사60506375,127.05349709894563,37.67355478815024
다사60506400,127.05348359618644,37.675808069370014
다사60506425,127.0534700919228,37.67806134972258
다사60504250,127.0546393535443,37.482022716768064
다사60504275,127.05462597801554,37.48427607163376
다사60504300,127.05461260099733,37.48652942563378
다사60504325,127.0545992224895,37.48878277876813
다사60504150,127.0546928407685,37.47300928864908
다사60504175,127.05467947119573,37.47526264697723
다사60504200,127.05466610013423,37.477516004439785
다사60504225,127.0546527275838,37.47976936103672
다사60504450,127.05453230760004,37.500049531454124
다사60504475,127.05451892015084,37.50230287939403
다사60504500,127.05450553121081,37.50455622646813
다사60504525,127.05449214077976,37.50680957267641
다사60504350,127.05458584249189,37.4910361310368
다사60504375,127.0545724610043,37.49328948243975
다사60504400,127.05455907802659,37.49554283297695
다사60504425,127.05454569355857,37.497796182648415
다사60503850,127.0548531595836,37.44596892120239
다사60503875,127.0548398078621,37.44822228991612
다사60503900,127.05482645465392,37.4504756577645
다사60503925,127.05481309995893,37.45272902474748
다사60503750,127.05490655160678,37.43695543769418
다사60503775,127.05489320583007,37.43920880986918
다사60503800,127.05487985856745,37.4414621811789
다사60503825,127.05486650981868,37.44371555162331
다사60504050,127.05474630417565,37.46399584668102
다사60504075,127.0547329405561,37.46624920847132
다사60504100,127.05471957544849,37.46850256939611
다사60504125,127.05470620885269,37.47075592945537
다사60503950,127.05479974377697,37.45498239086508
다사60503975,127.05478638610782,37.457235756117235
다사60504000,127.05477302695134,37.45948912050395
다사60504025,127.05475966630735,37.46174248402522
다사60505050,127.05421059699226,37.55412964301271
다사60505075,127.05419717371446,37.55638297016825
다사60505100,127.05418374894158,37.55863629645756
다사60505125,127.05417032267347,37.5608896218806
다사60504950,127.0542642751565,37.54511632572846
다사60504975,127.05425085785714,37.54736965634879
다사60505000,127.05423743906343,37.54962298610296
다사60505025,127.05422401877522,37.55187631499094
다사60505250,127.05410316889827,37.572156236001256
다사60505275,127.05408973365506,37.57440955622634
다사60505300,127.05407629691541,37.57666287558506
다사60505325,127.05406285867909,37.578916194077365
다사60505150,127.05415689490995,37.56314294643735
다사60505175,127.05414346565084,37.56539627012781
다사60505200,127.05413003489598,37.56764959295197
다사60505225,127.0541166026452,37.56990291490979
다사60504650,127.05442516625317,37.51807629072981
다사60504675,127.05441176687233,37.52032963174277
다사60504700,127.05439836599928,37.522582971889776
다사60504725,127.05438496363377,37.5248363111708
다사60504550,127.05447874885753,37.50906291801885
다사60504575,127.05446535544391,37.51131626249543
다사60504600,127.05445196053878,37.513569606106124
다사60504625,127.0544385641419,37.51582294885093
다사60504850,127.05431792941388,37.53610299458578
다사60504875,127.05430451809018,37.53835632867062
다사60504900,127.05429110527282,37.54060966188936
다사60504925,127.05427769096167,37.54286299424198
다사60504750,127.05437155977567,37.527089649585854
다사60504775,127.05435815442483,37.529342987134896
다사60504800,127.05434474758101,37.531596323817915
다사60504825,127.0543313392441,37.53384965963488
다사60255600,127.0510827325894,37.60369190113817
다사60255625,127.05106919095273,37.60594520836399
다사60255650,127.0510556478076,37.60819851472313
다사60255675,127.05104210315385,37.610451820215545
다사60255500,127.05113688405514,37.594678663568295
다사60255525,127.0511233484505,37.59693197426072
다사60255550,127.05110981133812,37.59918528408651
다사60255575,127.05109627271783,37.601438593045664
다사60255800,127.05097435724936,37.62171833467636
다사60255825,127.05096080354008,37.62397163496814
다사60255850,127.05094724832091,37.62622493439308
다사60255875,127.05093369159171,37.628478232951174
다사60255700,127.05102855699128,37.61270512484125
다사60255725,127.05101500931971,37.61495842860018
다사60255750,127.05100146013902,37.61721173149237
다사60255775,127.05098790944895,37.61946503351777
다사60255200,127.05129919377164,37.567638867669515
다사60255225,127.05128567624605,37.56989218875996
다사60255250,127.05127215721484,37.57214550898401
다사60255275,127.05125863667786,37.57439882834163
다사60255100,127.05135324882146,37.55862557464406
다사60255125,127.05133973731652,37.560878899199935
다사60255150,127.05132622430669,37.56313222288947
다사60255175,127.0513127097918,37.56538554571268
다사60255400,127.05119101139987,37.5856654121328
다사60255425,127.0511774818244,37.58791872629151
다사60255450,127.05116395074192,37.59017203958368
다사60255475,127.05115041815223,37.59242535200927
다사60255300,127.0512451146349,37.576652146832814
다사60255325,127.0512315910858,37.57890546445754
다사60255350,127.05121806603037,37.58115878121579
다사60255375,127.05120453946844,37.583412097107555
다사60256400,127.05064865113957,37.67579730239567
다사60256425,127.050635061144,37.6780505818784
다사60256450,127.0506214696343,37.68030386049387
다사60256475,127.05060787661023,37.68255713824205
다사60256300,127.05070299598378,37.66678417579242
다사60256325,127.05068941204308,37.66903745874404
다사60256350,127.05067582658894,37.67129074082848
다사60256375,127.05066223962116,37.67354402204569
다사60503650,127.05495991985761,37.427941940341604
다사60503675,127.05494658002294,37.43019531597758
다사60503700,127.05493323870304,37.43244869074835
다사60503725,127.0549198958977,37.43470206465389
다사60256500,127.05059428207163,37.684810415122925
다사60256525,127.05058068601835,37.68706369113649
다사60256550,127.0505670884502,37.689316966282696
다사60256575,127.05055348936698,37.69157024056155
다사60256000,127.05086588528853,37.63974471273815
다사60256025,127.05085231949526,37.64199800609473
다사60256050,127.05083875219067,37.64425129858433
다사60256075,127.05082518337458,37.64650459020693
다사60255900,127.05092013335225,37.63073153064238
다사60255925,127.05090657360238,37.63298482746671
다사60255950,127.05089301234193,37.63523812342413
다사60255975,127.05087944957071,37.637491418514614
다사60256200,127.05075731661574,37.657771035314326
다사60256225,127.05074373872702,37.660024321734554
다사60256250,127.05073015932558,37.662277607287656
다사60256275,127.05071657841124,37.66453089197363
다사60256100,127.05081161304686,37.64875788096252
다사60256125,127.05079804120727,37.651011170851056
다사60256150,127.05078446785568,37.65326445987256
다사60256175,127.05077089299189,37.65551774802698
다사60254000,127.05194626786982,37.45947843679479
다사60254025,127.0519328224056,37.46173179945115
다사60254050,127.05191937544424,37.463985161241986
다사60254075,127.05190592698557,37.46623852216728
다사60253900,127.05200003475889,37.450464977514436
다사60253925,127.05198659528145,37.452718343632725
다사60253950,127.05197315430759,37.454971708885566
다사60253975,127.05195971183709,37.457225073272916
다사60254200,127.05183866222642,37.477505313809935
다사60254225,127.05182520478019,37.47975866954157
다사60254250,127.05181174583544,37.48201202440753
다사60254275,127.05179828539195,37.484265378407805
다사60254100,127.05189247702943,37.468491882227
다사60254125,127.05187902557562,37.470745241421156
다사60254150,127.05186557262397,37.47299859974971
다사60254175,127.05185211817428,37.47525195721265
다사60006575,127.04771794551117,37.69155939931918
다사60006600,127.04770425911408,37.69381267185495
다사60253650,127.05213434726825,37.427931268735755
다사60253675,127.05212092274547,37.430184643507545
다사60006475,127.0477726758534,37.68254630050203
다사60006500,127.0477589955544,37.6847995765074
다사60006525,127.04774531373116,37.6870528516454
다사60006550,127.04773163038347,37.689306125916
다사60253800,127.05205377770787,37.44145150438714
다사60253825,127.05204034421439,37.44370487396706
다사60253850,127.0520269092252,37.44595824268159
다사60253875,127.05201347274007,37.44821161053071
다사60253700,127.05210749672801,37.43243801741407
다사60253725,127.05209406921568,37.43469139045532
다사60253750,127.05208064020835,37.436944762631256
다사60253775,127.0520672097058,37.439198133941865
다사60254800,127.05151526956259,37.53158561240635
다사60254825,127.05150177610268,37.53383894735677
다사60254850,127.05148828114001,37.53609228144109
다사60254875,127.05147478467435,37.538345614659264
다사60254700,127.051569228378,37.522572263943886
다사60254725,127.05155574092741,37.524825602358575
다사60254750,127.0515422519748,37.52707893990723
다사60254775,127.0515287615199,37.52933227658984
다사60255000,127.05140727979565,37.5496122677576
다사60255025,127.05139377430855,37.55186559577862
다사60255050,127.0513802673173,37.55411892293338
다사60255075,127.05136675882164,37.556372249221866
다사60254900,127.05146128670559,37.54059894701131
다사60254925,127.05144778723353,37.542852278497186
다사60254950,127.05143428625794,37.54510560911685
다사60254975,127.05142078377872,37.54735893887034
다사60254400,127.05173096068759,37.49553213542316
다사60254425,127.0517174912481,37.49778548422889
다사60254450,127.05170402030863,37.50003883216882
다사60254475,127.05169054786907,37.5022921792429
다사60254300,127.05178482344957,37.486518731542375
다사60254325,127.05177136000812,37.488772083811206
다사60254350,127.05175789506744,37.4910254352143
다사60254375,127.05174442862732,37.49327878575163
다사60254600,127.05162316316309,37.51355890162508
다사60254625,127.05160968171903,37.51581224350375
다사60254650,127.05159619877361,37.51806558451645
다사60254675,127.05158271432666,37.52031892466317
다사60254500,127.0516770739292,37.50454552545112
다사60254525,127.05166359848882,37.506798870793475
다사60254550,127.0516501215478,37.50905221526992
다사60254575,127.05163664310597,37.511305558880466
다사60005375,127.04837310272775,37.58340129783838
다사60005400,127.04835948931805,37.58565461199041
다사60005425,127.04834587439197,37.587907925275836
다사60005450,127.04833225794935,37.590161237694694
다사60005275,127.04842754120659,37.57438803256482
다사60005300,127.04841393386054,37.57664135018299
다사60005325,127.04840032499882,37.57889466693465
다사60005350,127.04838671462129,37.58114798281979
다사60005575,127.04826415298194,37.60142778678928
다사60005600,127.04825052743635,37.60368109400814
다사60005625,127.04823690037298,37.60593440036028
다사60005650,127.04822327179161,37.60818770584568
다사60005475,127.04831863999001,37.59241454924691
다사60005500,127.0483050205138,37.5946678599325
다사60005525,127.0482913995205,37.59692116975144
다사60005550,127.04827777700993,37.5991744787037
다사60004975,127.04859071120411,37.547348153565636
다사60005000,127.04857712203189,37.54960148158051
다사60005025,127.04856353134612,37.55185480872909
다사60005050,127.04854993914668,37.55410813501135
다사60004875,127.04864505276169,37.53833483284362
다사60004900,127.04863146964166,37.54058816432347
다사60004925,127.04861788500884,37.542841494937115
다사60004950,127.04860429886304,37.54509482468449
다사60005175,127.04848195543799,37.5653747534274
다사60005200,127.04846835415273,37.567628074511425
다사60005225,127.04845475135251,37.56988139472902
다사60005250,127.0484411470372,37.572134714080164
다사60005075,127.04853634543338,37.55636146042729
다사60005100,127.04852275020603,37.55861478497689
다사60005125,127.04850915346448,37.56086810866012
다사60005150,127.04849555520853,37.56312143147695
다사60006175,127.04793672061521,37.655506920788994
다사60006200,127.04792305859318,37.65776020720146
다사60006225,127.0479093950491,37.66001349274675
다사60006250,127.04789572998273,37.66226677742487
다사60006075,127.04799135348588,37.64649376646796
다사60006100,127.04797769755045,37.64874705634887
다사60006125,127.04796404009365,37.65100034536269
다사60006150,127.0479503811153,37.653253633509415
다사60006375,127.04782738181046,37.67353318780719
다사60006400,127.0478137076067,37.675786467281874
다사60006425,127.04780003187938,37.67803974588925
다사60006450,127.04778635462834,37.68029302362931
다사60006275,127.04788206339391,37.6645200612358
다사60006300,127.04786839528245,37.66677334417951
다사60006325,127.04785472564818,37.669026626255985
다사60006350,127.04784105449092,37.67127990746522
다사60005775,127.04815510610908,37.619454220270846
다사60005800,127.04814146841615,37.62170752055538
다사60005825,127.04812782920399,37.623960819973064
다사60005850,127.04811418847245,37.626214118523855
다사60005675,127.04820964169213,37.61044101046431
다사60005700,127.04819601007429,37.61269431421616
다사60005725,127.04818237693796,37.614947617101194
다사60005750,127.04816874228295,37.61720091911943
다사60005975,127.04804596201743,37.63748059827383
다사60006000,127.0480323121657,37.6397338916229
다사60006025,127.04801866079332,37.641987184104956
다사60006050,127.0480050079001,37.64424047571999
다사60005875,127.04810054622132,37.62846741620773
다사60005900,127.04808690245044,37.63072071302468
다사60005925,127.0480732571596,37.6329740089747
다사60005950,127.04805961034867,37.63522730405775
다사60003775,127.04924121507688,37.439187390451266
다사60003800,127.04922769834387,37.441440760026616
다사60003825,127.04921418010586,37.44369412873657
다사60003850,127.04920066036267,37.445947496581084
다사60003675,127.04929526696266,37.43017390349609
다사60003700,127.04928175624781,37.43242727653292
다사60003725,127.04926824402868,37.43468064870439
다사60003750,127.04925473030511,37.43693402001052
다사60003975,127.04913303906315,37.45721432282153
다사60004000,127.04911951028528,37.45946768547308
다사60004025,127.04910598000102,37.46172104725906
다사60004050,127.04909244821016,37.463974408179475
다사60003875,127.04918713911415,37.44820086356014
다사60003900,127.04917361636012,37.450454229673745
다사60003925,127.0491600921004,37.452707594921854
다사60003950,127.0491465663348,37.45496095930446
다사59756325,127.04502004077625,37.66901572564508
다사59756350,127.04500628391607,37.67126900597362
다사59756375,127.04499252552316,37.673522285434835
다사59756400,127.04497876559735,37.67577556402872
다사59756225,127.04507505289344,37.66000259565813
다사59756250,127.04506130216231,37.662255879455756
다사59756275,127.0450475498992,37.66450916238614
다사59756300,127.04503379610392,37.66676244444925
다사59756525,127.04490994296839,37.68704194398744
다사59756550,127.04489617384137,37.689295217376916
다사59756575,127.04488240318017,37.691548489898935
다사59756600,127.04486863098462,37.69380176155347
다사59756425,127.04496500413843,37.67802884175523
다사59756450,127.0449512411463,37.680282118614386
다사59756475,127.04493747662066,37.682535394606155
다사59756500,127.04492371056145,37.6847886697305
다사60004575,127.048807932269,37.511294787527
다사60004600,127.04879436728856,37.51354812940006
다사60004625,127.04878080079753,37.51580147040711
다사60004650,127.04876723279563,37.518054810548136
다사60004475,127.0488621770876,37.50228141137518
다사60004500,127.04884861814804,37.50453475671205
다사60004525,127.04883505769853,37.506788101182984
다사60004550,127.04882149573892,37.509041444787975
다사60004775,127.04869937011742,37.5293214982624
다사60004800,127.04868579304676,37.531574833206946
다사60004825,127.04867221446406,37.533828167285336
다사60004850,127.04865863436908,37.536081500497566
다사60004675,127.04875366328271,37.520308149823144
다사60004700,127.04874009225863,37.522561488232085
다사60004725,127.04872651972316,37.52481482577495
다사60004750,127.04871294567614,37.52706816245173
다사60004175,127.04902476665104,37.475241199797196
다사60004200,127.04901122581701,37.47749455552375
다사60004225,127.04899768347514,37.47974791038459
다사60004250,127.04898413962529,37.48200126437972
다사60004075,127.04907891491256,37.46622776823428
다사60004100,127.04906538010802,37.46848112742348
다사60004125,127.04905184379638,37.470734485747045
다사60004150,127.04903830597742,37.47298784320496
다사60004375,127.04891639774992,37.49326802136881
다사60004400,127.04890284484837,37.4955213701692
다사60004425,127.04888929043759,37.49777471810374
다사60004450,127.0488757345174,37.5000280651724
다사60004275,127.04897059426726,37.484254617509094
다사60004300,127.04895704740089,37.48650796977271
다사60004325,127.04894349902598,37.48876132117056
다사60004350,127.04892994914238,37.49101467170259
다사59755125,127.04567857112683,37.56085725026125
다사59755150,127.04566488762491,37.56311057219989
다사59755175,127.04565120259896,37.5653638932721
다사59755200,127.04563751604874,37.567617213477824
다사59755025,127.04573328989734,37.55184395384246
다사59755050,127.04571961248993,37.55409727924673
다사59755075,127.04570593355916,37.55635060378464
다사59755100,127.04569225310485,37.55860392745615
다사59755325,127.04556906042768,37.57888380150881
다사59755350,127.04555536472822,37.58113711651533
다사59755375,127.04554166750323,37.58339043065525
다사59755400,127.04552796875257,37.58564374392857
다사59755225,127.04562382797411,37.56987053281708
다사59755250,127.04561013837484,37.57212385128982
다사59755275,127.04559644725082,37.57437716889602
다사59755300,127.04558275460181,37.5766304856357
다사59754725,127.04589730003042,37.52480398142004
다사59754750,127.04588364088922,37.52705731721946
다사59754775,127.04586998022681,37.529310652152716
다사59754800,127.04585631804301,37.5315639862198
다사59754625,127.04595192138684,37.5157906295611
다사59754650,127.04593826832864,37.51804396882499
다사59754675,127.04592461374996,37.52029730722279
다사59754700,127.0459109576506,37.522550644754475
다사59754925,127.04578798429714,37.542830643561885
다사59754950,127.04577431298131,37.54508397243149
다사59754975,127.04576064014287,37.54733730043481
다사59755000,127.04574696578159,37.5495906275718
다사59754825,127.04584265433769,37.533817319420685
다사59754850,127.0458289891106,37.536070651755345
다사59754875,127.04581532236159,37.53832398322378
다사59754900,127.04580165409051,37.54057731382597
다사59755925,127.04523994223695,37.63296312244787
다사59755950,127.04522620987568,37.635216416651055
다사59755975,127.0452124759846,37.637469709987215
다사59756000,127.0451987405635,37.63972300245632
다사59755825,127.04529485638733,37.62394993696515
다사59755850,127.04528113014356,37.62620323463629
다사59755875,127.04526740237073,37.62845653144047
다사59755900,127.04525367306857,37.630709827377665
다사59756125,127.04513004050158,37.6509894517955
다사59756150,127.04511629589663,37.65324273906194
다사59756175,127.04510254976041,37.6554960254612
다사59756200,127.04508880209274,37.657749310993275
다사59756025,127.04518500361222,37.64197629405836
다사59756050,127.04517126513055,37.64422958479332
다사59756075,127.04515752511836,37.64648287466118
다사59756100,127.04514378357541,37.648736163661916
다사59755525,127.04545945210772,37.59691029729526
다사59755550,127.04544574419917,37.5991636053685
다사59755575,127.0454320347637,37.601416912575004
다사59755600,127.04541832380109,37.603670218914736
다사59755425,127.04551426847605,37.58789705633526
다사59755450,127.04550056667348,37.59015036787528
다사59755475,127.04548686334469,37.592403678548635
다사59755500,127.0454731584895,37.594656988355304
다사59755725,127.04534974607489,37.61493673761137
다사59755750,127.04533602594576,37.61719003875017
다사59755775,127.04532230428823,37.61944333902207
다사59755800,127.04530858110216,37.62169663842706
다사59755625,127.04540461131118,37.6059235243877
다사59755650,127.04539089729379,37.60817682899386
다사59755675,127.04537718174872,37.61043013273321
다사59755700,127.04536346467583,37.61268343560572
다사59506500,127.04208842710229,37.684777694792345
다사59506525,127.04207457373964,37.68703096816271
다사59506550,127.04206071883344,37.689284240665565
다사59506575,127.04204686238351,37.6915375123009
다사59506400,127.04214382512106,37.67576459263633
다사59506425,127.04212997793078,37.678017869476484
다사59506450,127.04211612919768,37.68027114544922
다사59506475,127.04210227892158,37.682524420554515
다사59753725,127.04644242034614,37.43466983940123
다사59753750,127.0464288219065,37.436923209832074
다사59753775,127.0464152219528,37.439176579397476
다사59753800,127.04640162048484,37.44142994809746
다사59506600,127.04203300438968,37.693790783068714
다사59506625,127.04201914485178,37.696044052968965
다사59753675,127.04646961268395,37.43016309594335
다사59753700,127.04645601727191,37.432416468104975
다사59506100,127.04230987113131,37.648725202901744
다사59506125,127.04229604244058,37.650978490149605
다사59506150,127.04228221220923,37.65323177653026
다사59506175,127.04226838043708,37.65548506204369
다사59506000,127.0423651704915,37.63971204523854
다사59506025,127.04235134796149,37.64196533595506
다사59506050,127.04233752389156,37.644218625804456
다사59506075,127.04232369828158,37.64647191478669
다사59506300,127.04219919845774,37.66675147660179
다사59506325,127.04218535743689,37.66900475691146
다사59506350,127.04217151487394,37.6712580363538
다사59506375,127.04215767076872,37.673511314928746
다사59506200,127.04225454712392,37.65773834668988
다사59506225,127.04224071226959,37.65999163046879
다사59506250,127.04222687587391,37.66224491338043
다사59506275,127.04221303793668,37.66449819542476
다사59754325,127.04611563955257,37.488750490846286
다사59754350,127.04610200472622,37.491003840501804
다사59754375,127.04608836838155,37.493257189291455
다사59754400,127.04607473051836,37.49551053721521
다사59754225,127.04617016367807,37.47973708356592
다사59754250,127.04615653492333,37.481990436684725
다사59754275,127.04614290465092,37.48424378893773
다사59754300,127.04612927286075,37.486497140324936
다사59754525,127.04600651841837,37.50677726384506
다사59754550,127.04599287144032,37.509030606573106
다사59754575,127.04597922294249,37.51128394843515
다사59754600,127.04596557292474,37.51353728943115
다사59754425,127.04606109113648,37.49776388427306
다사59754450,127.0460474502357,37.500017230465
다사59754475,127.0460338078159,37.50227057579099
다사59754500,127.04602016387683,37.50452392025102
다사59753925,127.0463335904252,37.452696778614964
다사59753950,127.04631997986807,37.45495014212188
다사59753975,127.04630636779544,37.4572035047632
다사59754000,127.04629275420713,37.45945686653894
다사59753825,127.04638801750247,37.443683315931956
다사59753850,127.04637441300551,37.44593668290098
다사59753875,127.04636080699376,37.448190049004495
다사59753900,127.04634719946705,37.4504434142425
다사59754125,127.04622466352441,37.47072366243313
다사59754150,127.04621104083836,37.472977019014934
다사59754175,127.04619741663542,37.47523037473101
다사59754200,127.04618379091538,37.477483729581344
다사59754025,127.04627913910299,37.46171022744909
다사59754050,127.04626552248283,37.46396358749359
다사59754075,127.04625190434645,37.46621694667244
다사59754100,127.04623828469371,37.468470304985615
다사59504900,127.04297184006161,37.54056639551891
다사59504925,127.04295808510788,37.54281972437162
다사59504950,127.04294432862221,37.54507305235797
다사59504975,127.0429305706044,37.54732637947797
다사59504800,127.04302684456081,37.531553071445046
다사59504825,127.04301309573303,37.53380640376293
다사59504850,127.04299934537403,37.536059735214536
다사59504875,127.04298559348362,37.53831306579987
다사59505100,127.04286175752736,37.55859300208197
다사59505125,127.04284799031308,37.56084632400344
다사59505150,127.0428342215654,37.5630996450584
다사59505175,127.04282045128416,37.56535296524687
다사59505000,127.04291681105431,37.54957970573161
다사59505025,127.04290304997174,37.55183303111884
다사59505050,127.04288928735652,37.554086355639654
다사59505075,127.04287552320845,37.556339679294034
다사59504500,127.04319171112506,37.50451301606813
다사59504525,127.0431779806578,37.506766358779814
다사59504550,127.04316424866151,37.50901970062544
다사59504575,127.04315051513596,37.511273041605
다사59504400,127.04324661770707,37.495499636561284
다사59504425,127.04323289335424,37.49775298273698
다사59504450,127.0432191674731,37.5000063280467
다사59504475,127.04320544006342,37.50225967249041
다사59504700,127.04308182456344,37.52253973351118
다사59504725,127.0430680818587,37.52479306929395
다사59504750,127.04305433762349,37.52704640421054
다사59504775,127.04304059185759,37.52929973826091
다사59504600,127.04313678008103,37.513526381718485
다사59504625,127.04312304349646,37.51577972096585
다사59504650,127.04310930538215,37.51803305934711
다사59504675,127.04309556573787,37.520286396862225
다사59505700,127.04253092080535,37.61267248901004
다사59505725,127.04251711674002,37.614925790130805
다사59505750,127.04250331113695,37.61717909038467
다사59505775,127.04248950399597,37.61943238977158
다사59505600,127.04258612169312,37.60365927585807
다사59505625,127.04257232377685,37.60591258044636
다사59505650,127.0425585243236,37.608165884167796
다사59505675,127.04254472333317,37.610419187022366
다사59505900,127.04242044521617,37.63069887370142
다사59505925,127.04240662884393,37.63295216788632
다사59505950,127.04239281093254,37.63520546120415
다사59505975,127.0423789914818,37.6374587536549
다사59505800,127.04247569531691,37.621685688291535
다사59505825,127.04246188509958,37.62393898594451
다사59505850,127.04244807334382,37.62619228273051
다사59505875,127.04243426004939,37.62844557864948
다사59505300,127.04275157686824,37.57661955319104
다사59505325,127.04273779738185,37.578872868180106
다사59505350,127.04272401636064,37.58112618230254
다사59505375,127.0427102338044,37.583379495558304
다사59505200,127.04280667946918,37.567606284568825
다사59505225,127.0427929061203,37.56985960302424
다사59505250,127.04277913123728,37.572112920613094
다사59505275,127.04276535482,37.574366237335354
다사59505500,127.04264129799179,37.59464604883682
다사59505525,127.04262750622173,37.596899356892315
다사59505550,127.04261371291537,37.599152664081046
다사59505575,127.04259991807257,37.60140597040297
다사59505400,127.04269644971299,37.58563280794743
다사59505425,127.04268266408619,37.58788611946986
다사59505450,127.04266887692386,37.590139430125575
다사59505475,127.04265508822579,37.59239273991456
다사59256225,127.0394063731871,37.65998059717885
다사59256250,127.03939245112706,37.66223387919899
다사59256275,127.03937852751588,37.66448716035178
다사59256300,127.03936460235346,37.666740440637206
다사59256125,127.03946204592023,37.6509674604251
다사59256150,127.03944813006267,37.65322074591449
다사59256175,127.03943421265475,37.65547403053658
다사59256200,127.0394202936963,37.65772731429138
다사59256425,127.03929495326592,37.6780068290531
다사59256450,127.03928101879205,37.68026010413392
다사59256475,127.03926708276563,37.682513378347245
다사59256500,127.03925314518648,37.684766651693046
다사59256325,127.0393506756396,37.66899372005523
다사59256350,127.03933674737408,37.671246998605845
다사59256375,127.03932281755675,37.67350027628905
다사59256400,127.03930888618744,37.67575355310481
다사59255825,127.03962891535029,37.623927966911275
다사59255850,127.03961501808267,37.626181262806604
다사59255875,127.03960111926689,37.62843455783489
다사59255900,127.03958721890275,37.63068785199608
다사59255725,127.03968448894287,37.61491477465962
다사59255750,127.03967059786605,37.61716807402304
다사59255775,127.0396567052418,37.619421372519476
다사59255800,127.03964281106994,37.62167467014888
다사59256025,127.03951769385066,37.64195430979516
다사59256050,127.03950378419268,37.64420759875349
다사59256075,127.03948987298506,37.64646088684459
다사59256100,127.03947596022765,37.64871417406849
다사59255925,127.03957331699011,37.63294114529017
다사59255950,127.03955941352878,37.635194437717146
다사59255975,127.03954550851853,37.63744772927699
다사59256000,127.03953160195923,37.639701019969664
다사59504100,127.04341119079596,37.46845941491357
다사59504125,127.04339748476919,37.47071277147953
다사59504150,127.04338377721622,37.472966127179745
다사59504175,127.0433700681369,37.47521948201418
다사59504000,127.04346599964482,37.4594459799925
다사59504025,127.043452299721,37.461699340021305
다사59504050,127.04343859827169,37.46395269918443
다사59504075,127.04342489529674,37.466206057481855
다사59504300,127.04330149983855,37.48648624319912
다사59504325,127.0432877815973,37.48873959283854
다사59504350,127.04327406182841,37.49099294161205
다사59504375,127.04326034053173,37.49324628951963
다사59504200,127.04335635753104,37.47747283598283
다사59504225,127.04334264539845,37.47972618908566
다사59504250,127.04332893173896,37.48197954132267
다사59504275,127.0433152165524,37.48423289269383
다사59256625,127.03918343399329,37.696033005408744
다사59503725,127.0436165981775,37.43465896254593
다사59503750,127.04360291502198,37.43691233209602
다사59503775,127.04358923034295,37.43916570078063
다사59256525,127.0392392060544,37.68701992417133
다사59256550,127.03922526536925,37.68927319578204
다사59256575,127.03921132313079,37.691526466525204
다사59256600,127.03919737933887,37.69377973640078
다사59503900,127.0435207840891,37.45043253122084
다사59503925,127.04350709026535,37.4526858947122
다사59503950,127.04349339491684,37.45493925733793
다사59503975,127.04347969804338,37.45719261909803
다사59503800,127.04357554414024,37.44141906859974
다사59503825,127.04356185641367,37.44367243555333
다사59503850,127.04354816716311,37.4459258016414
다사59503875,127.0435344763883,37.44817916686391
다사59254625,127.04029416713585,37.515768744621475
다사59254650,127.04028034396559,37.51802208211462
다사59254675,127.0402665192559,37.52027541874157
다사59254700,127.0402526930066,37.5225287545023
다사59254525,127.0403494444263,37.506755385987354
다사59254550,127.04033562741193,37.50900872694508
다사59254575,127.04032180885885,37.51126206703668
다사59254600,127.0403079887669,37.513515406262165
다사59254825,127.0401835386596,37.533795420312174
다사59254850,127.04016970316886,37.53604875087525
다사59254875,127.04015586613721,37.538302080572
다사59254900,127.0401420275645,37.540555409402394
다사59254725,127.04023886521749,37.52478208939681
다사59254750,127.04022503588845,37.52703542342507
다사59254775,127.04021120501922,37.529288756587064
다사59254800,127.04019737260967,37.53154208888277
다사59254225,127.04051512864574,37.47971522694394
다사59254250,127.04050133008168,37.48196857829367
다사59254275,127.04048752998112,37.484221928777515
다사59254300,127.04047372834384,37.48647527839542
다사59254125,127.04057030754015,37.47070181288636
다사59254150,127.04055651512044,37.47295516769951
다사59254175,127.04054272116491,37.47520852164684
다사59254200,127.0405289256734,37.47746187472832
다사59254425,127.04040469710037,37.49774201349561
다사59254450,127.040390886239,37.49999535791763
다사59254475,127.04037707383965,37.50224870147361
다사59254500,127.04036325990215,37.50450204416352
다사59254325,127.04045992516966,37.48872862714741
다사59254350,127.04044612045838,37.49098197503344
다사59254375,127.04043231420988,37.49323532205349
다사59254400,127.04041850642393,37.49548866820755
다사59255425,127.03985106123187,37.58787511467974
다사59255450,127.03983718870994,37.59012842444566
다사59255475,127.03982331464279,37.59238173334481
다사59255500,127.0398094390302,37.59463504137715
다사59255325,127.03990653587087,37.57886186694867
다사59255350,127.03989266952804,37.58111518018151
다사59255375,127.03987880164075,37.58336849254764
다사59255400,127.03986493220876,37.585621804047065
다사59255625,127.03974003777955,37.605901568536375
다사59255650,127.03972615289061,37.60815487136759
다사59255675,127.03971226645498,37.610408173331884
다사59255700,127.03969837847245,37.61266147442923
다사59255525,127.039795561872,37.5968883485427
다사59255550,127.03978168316802,37.59914165484141
다사59255575,127.03976780291808,37.601394960273275
다사59255600,127.03975392112197,37.60364826483827
다사59255025,127.0400728115788,37.55182204055835
다사59255050,127.04005896375594,37.5540753641902
다사59255075,127.04004511439078,37.556328686955574
다사59255100,127.04003126348306,37.55858200885445
다사59254925,127.04012818745058,37.5428087373664
다사59254950,127.04011434579523,37.54506206446402
다사59254975,127.04010050259825,37.54731539069523
다사59255000,127.04008665785952,37.549568716060016
다사59255225,127.03996198580057,37.569848605350636
다사59255250,127.03994812563401,37.57210192205011
다사59255275,127.03993426392366,37.57435523788294
다사59255300,127.03992040066933,37.576608552849144
다사59255125,127.04001741103268,37.56083532988681
다사59255150,127.04000355703941,37.563088650052606
다사59255175,127.0399897015031,37.56534196935186
다사59255200,127.03997584442354,37.56759528778454
다사59005900,127.03675399413788,37.63067676226175
다사59005925,127.036740006685,37.632930054659546
다사59005950,127.03672601767387,37.63518334619016
다사59005975,127.03671202710434,37.63743663685359
다사59005800,127.03680992837074,37.621663583999236
다사59005825,127.03679594714896,37.623916879865526
다사59005850,127.03678196436968,37.62617017486473
다사59005875,127.0367679800327,37.628423468996814
다사59006100,127.03664205087395,37.64870307716224
다사59006125,127.03662805095006,37.65095636262214
다사59006150,127.03661404946644,37.65320964721473
다사59006175,127.03660004642295,37.65546293093998
다사59006000,127.03669803497621,37.6396899266498
다사59006025,127.03668404128928,37.6419432155788
다사59006050,127.03667004604338,37.64419650364054
다사59006075,127.03665604923835,37.64644979083503
다사59005500,127.03697758161418,37.59462396597643
다사59005525,127.03696361906806,37.59687727224653
다사59005550,127.03694965496662,37.59913057764973
다사59005575,127.03693568930974,37.60138388218603
다사59005400,127.0370334162494,37.58561073222761
다사59005425,127.03701945992262,37.58786404196505
다사59005450,127.0370055020413,37.590117350835676
다사59005475,127.0369915426052,37.592370658839485
다사59005700,127.0368658376866,37.612650391863404
다사59005725,127.03685186269297,37.61490369119792
다사59005750,127.03683788614258,37.61715698966542
다사59005775,127.03682390803523,37.619410287265865
다사59005600,127.03692172209715,37.60363718585542
다사59005625,127.03690775332875,37.60589048865787
다사59005650,127.03689378300432,37.60814379059336
다사59005675,127.03687981112367,37.61039709166188
다사59253825,127.04073569684894,37.443661487600814
다사59253850,127.04072192284492,37.445914852802446
다사59253875,127.04070814730724,37.44816821713847
다사59253900,127.04069437023573,37.45042158060887
다사59006600,127.03636175584167,37.693768621549786
다사59253750,127.04077700966093,37.4369013868025
다사59253775,127.04076324025677,37.43915475460082
다사59253800,127.0407494693195,37.441408121533605
다사59254025,127.04062546186447,37.461688384975865
다사59254050,127.0406116755862,37.463941743252136
다사59254075,127.04059788777283,37.46619510066266
다사59254100,127.04058409842423,37.4684484572074
다사59253925,127.04068059163022,37.45267494321363
다사59253950,127.04066681149051,37.45492830495272
다사59253975,127.04065302981645,37.45718166582613
다사59254000,127.04063924660781,37.459435025833855
다사59006300,127.03653000780064,37.666729336555626
다사59006325,127.03651599539393,37.668982615076494
다사59006350,127.03650198142604,37.67123589272991
다사59006375,127.03648796589678,37.67348916951585
다사59006200,127.03658604181936,37.65771621379789
다사59006225,127.03657203565554,37.659969495788424
다사59006250,127.03655802793126,37.66222277691157
다사59006275,127.03654401864635,37.664476057167306
다사59006500,127.03641786482359,37.684755540432725
다사59006525,127.03640383992229,37.68700881201341
다사59006550,127.03638981345831,37.6892620827265
다사59006575,127.03637578543152,37.69151535257196
다사59006400,127.03647394880598,37.67574244543428
다사59006425,127.03645993015346,37.67799572048521
다사59006450,127.03644590993899,37.680248994668595
다사59006475,127.03643188816244,37.68250226798445
다사59004300,127.037645958386,37.48646424591393
다사59004325,127.03763207027907,37.48871759377301
다사59004350,127.03761818062564,37.490970940766076
다사59004375,127.03760428942546,37.493224286893124
다사59004200,127.03770149535195,37.47745084581792
다사59004225,127.03768761342936,37.47970419714084
다사59004250,127.03767372996096,37.48195754759783
다사59004275,127.03765984494656,37.48421089718886
다사59004500,127.03753481021758,37.5044910045373
다사59004525,127.03752090973329,37.506744345467794
다사59004550,127.03750700770104,37.508997685532144
다사59004575,127.03749310412061,37.51125102473033
다사59004400,127.03759039667843,37.49547763215411
다사59004425,127.03757650238428,37.49773097654905
다사59004450,127.03756260654289,37.49998432007791
다사59004475,127.03754870915404,37.50223766274066
다사59003900,127.03786795791638,37.4504105624067
다사59003925,127.0378540945293,37.452663924119385
다사59003950,127.03784022959856,37.45491728496638
다사59003975,127.03782636312404,37.45717064494762
다사59003800,127.03792339603206,37.44139710689915
다사59003825,127.03790953881766,37.443650472074516
다사59003850,127.03789568006039,37.44590383638424
다사59003875,127.03788181976,37.4481571998283
다사59004100,127.03775700758794,37.46843743186726
다사59004125,127.03774313184674,37.470690786653726
다사59004150,127.03772925456046,37.47294414057435
다사59004175,127.03771537572894,37.47519749362909
다사59004000,127.03781249510553,37.459424004063116
다사59004025,127.03779862554285,37.461677362312855
다사59004050,127.03778475443582,37.463930719696805
다사59004075,127.03777088178423,37.46618407621495
다사59005100,127.03720077098147,37.55857094777371
다사59005125,127.03718683329518,37.560824267911464
다사59005150,127.03717289405651,37.56307758718261
다사59005175,127.03715895326529,37.56533090558717
다사59005000,127.03725650620667,37.54955765855714
다사59005025,127.03724257472801,37.551810982161086
다사59005050,127.03722864169771,37.554064304898496
다사59005075,127.03721470711558,37.55631762676939
다사59005300,127.03708922601454,37.576597484610105
다사59005325,127.03707527590419,37.57885079781461
다사59005350,127.03706132424001,37.581104110152374
다사59005375,127.0370473710218,37.58335742162338
다사59005200,127.03714501092134,37.56758422312509
다사59005225,127.03713106702446,37.56983753979636
다사59005250,127.0371171215745,37.57209085560097
다사59005275,127.03710317457126,37.57434417053888
다사59004700,127.03742356298953,37.522517707727964
다사59004725,127.03740965011626,37.52477104172871
다사59004750,127.03739573569354,37.52702437486317
다사59004775,127.03738181972119,37.52927770713131
다사59004600,127.03747919899183,37.5135043630623
다사59004625,127.03746529231451,37.51575770052807
다사59004650,127.03745138408847,37.51801103712762
다사59004675,127.03743747431355,37.52026437286092
다사59004900,127.03731221660864,37.54054435547655
다사59004925,127.03729829133468,37.54279768254639
다사59004950,127.03728436450982,37.54505100874977
다사59004975,127.0372704361339,37.54730433408669
다사59004800,127.03736790219902,37.5315310385331
다사59004825,127.03735398312688,37.533784369068535
다사59004850,127.03734006250454,37.5360376987376
다사59004875,127.03732614033187,37.53829102754028
다사58755550,127.03411762832071,37.599119432506114
다사58755575,127.03410357725704,37.60137273614138
다사58755600,127.03408952462819,37.603626038909646
다사58755625,127.03407547043398,37.60587934081095
다사58755450,127.03417381692738,37.59010620929573
다사58755475,127.03415977212254,37.592359516398695
다사58755500,127.03414572575328,37.59461282263476
다사58755525,127.03413167781942,37.5968661280039
다사58755750,127.03400517597603,37.6171458373119
다사58755775,127.0339911123858,37.619399134010855
다사58755800,127.03397704722889,37.62165242984271
다사58755825,127.03396298050514,37.623905724807415
다사58755650,127.03406141467421,37.60813264184523
다사58755675,127.03404735734874,37.610385942012485
다사58755700,127.03403329845733,37.61263924131269
다사58755725,127.03401923799984,37.61489253974583
다사58755150,127.03434223262613,37.56306645644854
다사58755175,127.03432820658021,37.565319773952886
다사58755200,127.03431417897202,37.567573090590564
다사58755225,127.03430014980144,37.56982640636153
다사58755050,127.03439832119129,37.55405317776467
다사58755075,127.03438430139244,37.55630649873557
다사58755100,127.03437028003208,37.55855981883987
다사58755125,127.03435625711002,37.56081313807753
다사58755350,127.03422998050594,37.58109297221524
다사58755375,127.03421594195706,37.58334628278563
다사58755400,127.03420190184443,37.58559959248918
다사58755425,127.03418786016793,37.58785290132589
다사58755250,127.03428611906827,37.57207972126579
다사58755275,127.03427208677233,37.5743330353033
다사58755300,127.03425805291342,37.57658634847406
다사58755325,127.03424401749135,37.578839660778044
다사58756350,127.03366721703935,37.67122471872607
다사58756375,127.03365311579834,37.67347799460925
다사58756400,127.03363901298626,37.67573126962487
다사58756425,127.03362490860289,37.677984543772915
다사58756250,127.03372360629609,37.66221160651828
다사58756275,127.03370951133762,37.66446488587147
다사58756300,127.0336954148088,37.66671816435718
다사58756325,127.03368131670945,37.66897144197538
다사58756550,127.03355436311023,37.689250901499015
다사58756575,127.03354024929524,37.69150417044129
다사58756600,127.0335261339077,37.69375743851586
다사59003775,127.0379372517037,37.43914374085817
다사58756450,127.03361080264804,37.68023781705338
다사58756475,127.03359669512153,37.68249108946624
다사58756500,127.03358258602319,37.684744361011475
다사58756525,127.03356847535282,37.68699763168909
다사58755950,127.0338926233774,37.63517218662331
다사58755975,127.03387854724873,37.637425476384834
다사58756000,127.03386446955196,37.639678765279086
다사58756025,127.03385039028684,37.641932053306064
다사58755850,127.03394891221438,37.62615901890498
다사58755875,127.03393484235642,37.62841231213537
다사58755900,127.03392077093105,37.63066560449855
다사58755925,127.03390669793811,37.63291889599455
다사58756150,127.0337799704301,37.65319848043111
다사58756175,127.0337658817512,37.655451763254035
다사58756200,127.0337517915027,37.657705045209546
다사58756225,127.03373769968438,37.65995832629763
다사58756050,127.03383630945325,37.64418534046573
다사58756075,127.03382222705095,37.64643862675809
다사58756100,127.0338081430798,37.648691912183125
다사58756125,127.03379405753957,37.6509451967408
다사58753950,127.03501364925043,37.454906197378996
다사58753975,127.03499969797564,37.4571595564626
다사58754000,127.03498574514742,37.45941291468041
다사58754025,127.03497179076558,37.46166627203239
다사58753775,127.03511126469319,37.439132659552776
다사58753800,127.0350973242873,37.4413860246965
다사58753900,127.03504154714047,37.45039947661443
다사58753925,127.03502759897196,37.452652837429596
다사58754150,127.03490199554575,37.47293304580436
다사58754175,127.03488803183839,37.47518639796103
다사58754200,127.03487406657614,37.47743974925175
다사58754225,127.0348600997588,37.47969309967651
다사58754050,127.03495783482995,37.463919628518546
다사58754075,127.03494387734033,37.46617298413884
다사58754100,127.03492991829656,37.468426338893245
다사58754125,127.0349159576984,37.47067969278176
다사58506375,127.03081826727103,37.67346675156938
다사58506400,127.03080407873782,37.67572002567667
다사58506425,127.0307898886238,37.677973298916335
다사58506450,127.03077569692874,37.68022657128837
다사58506275,127.03087500559926,37.664453646464366
다사58506300,127.03086082338751,37.66670692404196
다사58506325,127.03084663959571,37.668960200752
다사58506350,127.03083245422359,37.67121347659449
다사58506575,127.0307047147316,37.6914929201333
다사58506600,127.0306905135465,37.69374618729911
다사58506625,127.03067631077906,37.69599945359716
다사58506650,127.0306621064291,37.69825271902742
다사58506475,127.03076150365246,37.682479842792745
다사58506500,127.0307473087948,37.684733113429445
다사58506525,127.03073311235558,37.68698638319845
다사58506550,127.03071891433456,37.68923965209974
다사58754750,127.03456643704827,37.52701325852495
다사58754775,127.03455243597298,37.52926658989375
다사58754800,127.03453843333838,37.53151992039616
다사58754825,127.03452442914431,37.53377325003215
다사58754650,127.03462242576026,37.51799992438625
다사58754675,127.03460843092029,37.52025325922041
다사58754700,127.03459443452174,37.522506593188275
다사58754725,127.03458043656447,37.52475992628979
다사58754950,127.03445438477553,37.54503988521534
다사58754975,127.0344403712208,37.547293209652494
다사58755000,127.03442635610529,37.54954653322312
다사58755025,127.03441233942885,37.55179985592718
다사58754850,127.03451042339061,37.5360265788017
다사58754875,127.03449641607706,37.53827990670484
다사58754900,127.03448240720348,37.54053323374149
다사58754925,127.03446839676968,37.54278655991167
다사58754350,127.03479024233958,37.490959838810085
다사58754375,127.03477626618796,37.49321318403864
다사58754400,127.03476228847998,37.49546652840109
다사58754425,127.03474830921544,37.49771987189743
다사58754250,127.0348461313862,37.48194644923527
다사58754275,127.03483216145817,37.48419979792802
다사58754300,127.03481818997452,37.48645314575476
다사58754325,127.03480421693504,37.48870649271545
다사58754550,127.03467838953834,37.50898657638674
다사58754575,127.03466440093072,37.511239914686
다사58754600,127.03465041076531,37.51349325211902
다사58754625,127.03463641904187,37.51574658868577
다사58754450,127.03473432839421,37.49997321452763
다사58754475,127.03472034601606,37.502226556291696
다사58754500,127.0347063620808,37.504479897189576
다사58754525,127.0346923765883,37.50673323722127
다사58505175,127.03149746145735,37.56530857444917
다사58505200,127.03148334858516,37.5675618901811
다사58505225,127.03146923414103,37.56981520504628
다사58505250,127.03145511812485,37.572068519044684
다사58505075,127.03155389723075,37.55629530285426
다사58505100,127.03153979064433,37.558548622053024
다사58505125,127.03152568248674,37.56080194038512
다사58505150,127.03151157275781,37.5630552578505
다사58505375,127.03138451445598,37.583335076034494
다사58505400,127.03137038900334,37.585588384831894
다사58505425,127.03135626197731,37.58784169276237
다사58505450,127.0313421333777,37.59009499982595
다사58505275,127.03144100053638,37.574321832176295
다사58505300,127.03142688137544,37.57657514444111
다사58505325,127.03141276064184,37.578828455839094
다사58505350,127.03139863833543,37.581081766370225
다사58504775,127.03172305378402,37.52925540487452
다사58504800,127.0317089660372,37.53150873447204
다사58504825,127.03169487672142,37.5337620632031
다사58504850,127.0316807858365,37.53601539106767
다사58504675,127.03177938908557,37.520242077820164
다사58504700,127.03176530761269,37.52249541088336
다사58504725,127.03175122457158,37.52474874308015
다사58504750,127.0317371399621,37.52700207441055
다사58504975,127.03161030786845,37.54728201739274
다사58505000,127.03159620756485,37.54953534005804
다사58505025,127.03158210569083,37.55178866185675
다사58505050,127.03156800224619,37.554041982788824
다사58504875,127.03166669338228,37.53826871806576
다사58504900,127.03165259935854,37.540522044197324
다사58504925,127.03163850376511,37.54277536946236
다사58504950,127.03162440660181,37.54502869386083
다사58505975,127.03104506896129,37.63741424787082
다사58506000,127.03103090569604,37.63966753585761
다사58506025,127.03101674085295,37.64192082297707
다사58506050,127.03100257443182,37.64417410922918
다사58505875,127.0311017062475,37.62840108725066
다사58505900,127.03108754929178,37.63065437870661
다사58505925,127.03107339075899,37.63290766929529
다사58505950,127.03105923064886,37.63516095901671
다사58506175,127.03093171864909,37.65544052747882
다사58506200,127.03091754275583,37.65769380852644
다사58506225,127.03090336528324,37.65994708870658
다사58506250,127.03088918623111,37.662200368019214
다사58506075,127.03098840643244,37.646427394613916
다사58506100,127.03097423685468,37.648680679131274
다사58506125,127.03096006569834,37.65093396278122
다사58506150,127.0309458929632,37.653187245563736
다사58505575,127.03127146676952,37.6013615221394
다사58505600,127.03125732872459,37.60361482400108
다사58505625,127.03124318910476,37.60586812499572
다사58505650,127.03122904790987,37.608121425123294
다사58505475,127.03132800320434,37.59234830602258
다사58505500,127.031313871457,37.59460161135226
다사58505525,127.03129973813559,37.59685491581497
다사58505550,127.03128560323981,37.59910821941069
다사58505775,127.031158318303,37.61938791275459
다사58505800,127.03114416765386,37.62164120767942
다사58505825,127.03113001542833,37.62389450173704
다사58505850,127.0311158616263,37.62614779492746
다사58505675,127.03121490513973,37.610374724383796
다사58505700,127.03120076079415,37.61262802277719
다사58505725,127.03118661487296,37.61488132030346
다사58505750,127.03117246737598,37.6171346169626
다사58256225,127.02806903246159,37.65993578301539
다사58256250,127.02805476774583,37.66218906141454
다사58256275,127.0280405014408,37.66444233894611
다사58256300,127.02802623354631,37.666695615610095
다사58256125,127.02812607543586,37.65092266074349
다사58256150,127.02811181707526,37.653175942612734
다사58256175,127.02809755712613,37.655429223614476
다사58256200,127.0280832955883,37.6576825037487
다사58256425,127.02795487022573,37.6779619859156
다사58256450,127.02794059279061,37.68021525737369
다사58256475,127.02792631376478,37.68246852796407
다사58256500,127.027912033148,37.68472179768672
다사58256325,127.02801196406222,37.66894889140647
다사58256350,127.0279976929883,37.671202166335235
다사58256375,127.02798342032435,37.67345544039635
다사58256400,127.02796914607023,37.67570871358982
다사58255825,127.02829705192809,37.62388321065451
다사58255850,127.02828281261495,37.62613650293231
다사58255875,127.0282685717155,37.62838979434281
다사58255900,127.02825432922963,37.63064308488602
다사58255725,127.02835399332191,37.614870032870925
다사58255750,127.02833976035191,37.61712332861766
다사58255775,127.0283255257964,37.619376623497175
다사58255800,127.0283112896552,37.621629917509466
다사58256025,127.02818309299705,37.64190952459195
다사58256050,127.02816884098857,37.64416280993099
다사58256075,127.02815458739236,37.64641609440262
다사58256100,127.02814033220818,37.64866937800679
다사58255925,127.02824008515714,37.6328963745619
다사58255950,127.02822583949781,37.63514966337047
다사58255975,127.02821159225148,37.637402951311685
다사58256000,127.02819734341796,37.639656238385506
다사58504375,127.0319482445068,37.49320201349016
다사58504400,127.03193418183807,37.4954553569486
다사58504425,127.03192011760335,37.49770869954086
다사58504450,127.03190605180242,37.49996204126694
다사58504275,127.03200447952541,37.48418863099509
다사58504300,127.03199042311883,37.48644197791803
다사58504325,127.031976365147,37.48869532397486
다사58504350,127.03196230560971,37.49094866916558
다사58504575,127.03183569929868,37.51122873690387
다사58504600,127.03182162409679,37.513482073432435
다사58504625,127.03180754732743,37.51573540909468
다사58504650,127.03179346899043,37.51798874389059
다사58504475,127.03189198443513,37.50221538212681
다사58504500,127.03187791550133,37.50446872212046
다사58504525,127.03186384500076,37.50672206124785
다사58504550,127.03184977293326,37.508975399509005
다사58256625,127.02784060619327,37.695988133283386
다사58256650,127.02782631602685,37.698241397799286
다사58256675,127.02781202426816,37.700494661447316
다사58504050,127.03213091677806,37.463908469717474
다사58256525,127.02789775094007,37.68697506654163
다사58256550,127.02788346714082,37.689228334528764
다사58256575,127.02786918175006,37.691481601648114
다사58256600,127.02785489476761,37.69373486789966
다사58504175,127.03206068950274,37.475175234642805
다사58504200,127.03204663935539,37.47742858502993
다사58504225,127.03203258764349,37.47968193455104
다사58504250,127.0320185343669,37.48193528320609
다사58504075,127.0321168744506,37.46616182443445
다사58504100,127.0321028305595,37.46841517828547
다사58504125,127.0320887851046,37.47066853127056
다사58504150,127.03207473808577,37.47292188338967
다사58254625,127.02897867718065,37.51572416175492
다사58254650,127.02896451378842,37.517977495640785
다사58254675,127.02895034881887,37.52023082866027
다사58254700,127.02893618227183,37.522484160813306
다사58254525,127.02903531498012,37.5067108175477
다사58254550,127.02902115789529,37.50896415489901
다사58254575,127.0290069992339,37.511217491384016
다사58254600,127.02899283899575,37.51347082700264
다사58254825,127.02886532586766,37.53375080858152
다사58254850,127.0288511498517,37.53600413553563
다사58254875,127.02883697225698,37.53825746162319
다사58254900,127.02882279308328,37.54051078684417
다사58254725,127.0289220141471,37.5247374920999
다사58254750,127.0289078444445,37.526990822520055
다사58254775,127.02889367316385,37.529244152073716
다사58254800,127.02887950030497,37.531497480760876
다사58254225,127.0292050770929,37.479670701764555
다사58254250,127.02919093891248,37.481924049510425
다사58254275,127.02917679915772,37.48417739639021
다사58254300,127.02916265782844,37.48643074240385
다사58254125,127.0292616140748,37.47065730212024
다사58254150,127.02924748218992,37.472910653330395
다사58254175,127.02923334873144,37.475164003674514
다사58254200,127.02921921369915,37.47741735315257
다사58254425,127.02909192755743,37.497697459479454
다사58254450,127.02907777677703,37.49995080029592
다사58254475,127.02906362442079,37.50220414024614
다사58254500,127.02904947048856,37.50445747933008
다사58254325,127.0291485149244,37.48868408755134
다사58254350,127.02913437044549,37.49093743183268
다사58254375,127.02912022439146,37.493190775247804
다사58254400,127.02910607676216,37.495444117796744
다사58255425,127.02852466536027,37.58783041627462
다사58255450,127.0285104514018,37.59008372242643
다사58255475,127.02849623586006,37.59233702771123
다사58255500,127.02848201873488,37.594590332129044
다사58255325,127.02858150536518,37.57881718299786
다사58255350,127.02856729773792,37.58107049261744
다사58255375,127.02855308852813,37.58332380137011
다사58255400,127.02853887773564,37.58557710925584
다사58255625,127.0284109093506,37.605856841212315
다사58255650,127.02839668272075,37.60811014042769
다사58255675,127.02838245450614,37.61036343877594
다사58255700,127.02836822470661,37.61261673625701
다사58255525,127.02846780002605,37.59684363567982
다사58255550,127.0284535797334,37.59909693836356
다사58255575,127.02843935785673,37.601350240180224
다사58255600,127.02842513439586,37.60360354112982
다사58255025,127.0287518735234,37.551777399949906
다사58255050,127.02873768487187,37.554030719971074
다사58255075,127.02872349464006,37.55628403912556
다사58255100,127.02870930282776,37.558537357413314
다사58254925,127.02880861233037,37.54276411119857
다사58254950,127.02879442999814,37.54501743468636
다사58254975,127.02878024608636,37.54727075730752
다사58255000,127.02876606059482,37.54952407906205
다사58255225,127.02863832005272,37.56980393585071
다사58255250,127.02862411875368,37.57205724893779
다사58255275,127.02860991587286,37.57431056115801
다사58255300,127.02859571141009,37.57656387251138
다사58255125,127.0286951094348,37.560790674834344
다사58255150,127.02868091446103,37.563043991388604
다사58255175,127.0286667179062,37.5652973070761
다사58255200,127.02865251977016,37.567550621896814
다사58005725,127.02552137335618,37.61485867744835
다사58005750,127.02550705491335,37.61711197227717
다사58005775,127.0254927348755,37.61936526623872
다사58005800,127.02547841324241,37.62161855933298
다사58005625,127.025578631181,37.60584548946084
다사58005650,127.0255643191164,37.60809878775853
다사58005675,127.02555000545752,37.61035208518902
다사58005700,127.0255356902042,37.6126053817523
다사58005925,127.02540678114211,37.63288501179451
다사58005950,127.02539244993376,37.63513829968472
다사58005975,127.02537811712887,37.63739158670751
다사58006000,127.02536378272728,37.63964487286289
다사58005825,127.02546409001391,37.623871851559954
다사58005850,127.02544976518983,37.62612514291962
다사58005875,127.02543543876996,37.62837843341194
다사58005900,127.02542111075411,37.6306317230369
다사58005325,127.02575025167083,37.578805842254475
다사58005350,127.02573595872293,37.58105915095702
다사58005375,127.02572166418298,37.58331245879258
다사58005400,127.02570736805085,37.58556576576117
다사58005225,127.025807407546,37.569792598774946
다사58005250,127.0257931209643,37.572045910945185
다사58005275,127.02577883279133,37.57429922224854
다사58005300,127.02576454302692,37.576552532684964
다사58005525,127.02563586350034,37.596832287598595
다사58005550,127.025621557811,37.59908558936484
다사58005575,127.02560725052811,37.60133889026398
다사58005600,127.0255929416515,37.60359219029599
다사58005425,127.0256930703263,37.58781907186274
다사58005450,127.02567877100917,37.590072377097286
다사58005475,127.02566447009926,37.59232568146479
다사58005500,127.0256501675964,37.594578984965224
다사58006525,127.02506239111591,37.68696368171874
다사58006550,127.02504802153861,37.689216948786196
다사58006575,127.02503365036024,37.691470214985834
다사58006600,127.02501927758063,37.693723480317615
다사58006425,127.02511985341822,37.67795060477082
다사58006450,127.02510549024329,37.68020387530946
다사58006475,127.02509112546807,37.68245714498034
다사58006500,127.02507675909233,37.684710413783435
다사58254025,127.02931812588189,37.46164388861959
다사58254050,127.02930400028959,37.46389724329372
다사58254075,127.02928987312444,37.46615059710189
다사58254100,127.02927574438625,37.46840395004406
다사58006625,127.02500490319954,37.69597674478152
다사58006650,127.02499052721683,37.69823000837752
다사58006675,127.02497614963232,37.700483271105625
다사58254000,127.02933224990149,37.459390533079514
다사58006125,127.02529208676174,37.65091129062777
다사58006150,127.02527774277581,37.653164571578216
다사58006175,127.02526339719185,37.655417851661106
다사58006200,127.02524905000965,37.657671130876444
다사58006025,127.02534944672874,37.64189815815082
다사58006050,127.02533510913311,37.6441514425713
다사58006075,127.02532076994021,37.64640472612429
다사58006100,127.02530642914981,37.64865800880978
다사58006325,127.02517729011855,37.668937513938914
다사58006350,127.025162933343,37.67119078794844
다사58006375,127.02514857496786,37.673444061090294
다사58006400,127.02513421499302,37.67569733336442
다사58006225,127.02523470122902,37.65992440922418
다사58006250,127.0252203508498,37.662177686704325
다사58006275,127.02520599887178,37.66443096331683
다사58006300,127.02519164529475,37.666684239061716
다사58004125,127.0264344446184,37.47064600533092
다사58004150,127.02642022786769,37.47289935562664
다사58004175,127.02640600953393,37.47515270505627
다사58004200,127.02639178961691,37.47740605361978
다사58004025,127.02649129579434,37.46163259548747
다사58004050,127.02647708537403,37.46388594924739
다사58004075,127.02646287337137,37.46613930214127
다사58004100,127.02644865978624,37.46839265416912
다사58004325,127.0263206662767,37.488672783445026
다사58004350,127.02630643685632,37.49092612681149
다사58004375,127.02629220585138,37.4931794693117
다사58004400,127.02627797326171,37.49543281094566
다사58004225,127.02637756811649,37.479659401317164
다사58004250,127.02636334503244,37.481912748148396
다사58004275,127.02634912036456,37.484166094113455
다사58004300,127.02633489411272,37.48641943921234
다사57756450,127.02227038929627,37.6801924250958
다사57756475,127.02225593877183,37.68244569384168
다사57756500,127.02224148663736,37.68469896171971
다사57756525,127.02222703289263,37.68695222872989
다사57756350,127.02232817529725,37.671179341434254
다사57756375,127.02231373121113,37.67343261365131
다사57756400,127.02229928551571,37.6756858850006
다사57756425,127.02228483821082,37.6779391554821
다사57756650,127.02215474000867,37.69821855076228
다사57756675,127.02214027659849,37.70047181256495
다사58003975,127.02651971188881,37.457125885369685
다사58004000,127.02650550463254,37.45937924086157
다사57756550,127.02221257753746,37.68920549487219
다사57756575,127.02219812057167,37.6914587601466
다사57756600,127.02218366199507,37.69371202455311
다사57756625,127.02216920180749,37.695965288091664
다사58004925,127.02597872247502,37.542752785120435
다사58004950,127.025964454974,37.545006107692046
다사58004975,127.02595018588399,37.547259429396995
다사58005000,127.02593591520473,37.54951275023523
다사58004825,127.02603577659248,37.53373948616752
다사58004850,127.02602151544573,37.53599281220567
다사58004875,127.02600725271068,37.53824613737723
다사58004900,127.02599298838717,37.54049946168215
다사58005125,127.02586453796374,37.56077934142532
다사58005150,127.02585025774528,37.563032657062976
다사58005175,127.02583597593629,37.56528597183381
다사58005200,127.02582169253657,37.56753928573781
다사58005025,127.0259216429361,37.55176607020676
다사58005050,127.02590736907784,37.55401938931155
다사58005075,127.02589309362983,37.55627270754958
다사58005100,127.02587881659187,37.558526024920845
다사58004525,127.02620678653588,37.50669950612091
다사58004550,127.02619254443388,37.50895284255693
다사58004575,127.02617830074588,37.51120617812656
다사58004600,127.02616405547163,37.51345951282979
다사58004425,127.02626373908714,37.49768615171334
다사58004450,127.02624950332745,37.49993949161472
다사58004475,127.02623526598246,37.5021928306498
다사58004500,127.026221027052,37.50444616881853
다사58004725,127.0260928053005,37.52472617334918
다사58004750,127.02607855050498,37.526979502853585
다사58004775,127.02606429412194,37.529232831491456
다사58004800,127.02605003615116,37.531486159262776
다사58004625,127.02614980861097,37.51571284666659
다사58004650,127.02613556016371,37.51796617963694
다사58004675,127.02612131012967,37.52021951174084
다사58004700,127.02610705850866,37.52247284297826
다사57755250,127.02296212476618,37.57203450506702
다사57755275,127.02294775130125,37.57428781544801
다사57755300,127.02293337623537,37.57654112496202
다사57755325,127.02291899956833,37.57879443360904
다사57755150,127.02301960262004,37.563021254873725
다사57755175,127.02300523555708,37.565274568722415
다사57755200,127.02299086689389,37.567527881704216
다사57755225,127.02297649663033,37.5697811938191
다사57755450,127.02284709220929,37.59006096383865
다사57755475,127.0228327059314,37.59231426728335
다사57755500,127.02281831805102,37.59456756986093
다사57755525,127.02280392856801,37.596820871571374
다사57755350,127.02290462129996,37.581047741389064
다사57755375,127.02289024143006,37.58330104830204
다사57755400,127.02287585995843,37.58555435434798
다사57755425,127.02286147688491,37.58780765952685
다사57754850,127.02319188262803,37.53598142107794
다사57754875,127.02317753475285,37.538234745328
다사57754900,127.02316318527973,37.54048806871138
다사57754925,127.0231488342085,37.54274139122806
다사57754750,127.02324925815299,37.52696811541128
다사57754775,127.02323491666772,37.52922144312787
다사57754800,127.02322057358528,37.53147476997786
다사57754825,127.02320622890542,37.53372809596122
다사57755050,127.0230770548736,37.55400799081034
다사57755075,127.02306269420957,37.55626130812645
다사57755100,127.0230483319461,37.558514624575736
다사57755125,127.02303396808298,37.560767940158165
다사57754950,127.02313448153892,37.54499471287802
다사57754975,127.02312012727081,37.54724803366125
다사57755000,127.02310577140402,37.54950135357773
다사57755025,127.02309141393835,37.55175467262743
다사57756050,127.02250137887494,37.644140007150185
다사57756075,127.02248695408551,37.64639328977907
다사57756100,127.0224725276891,37.64864657154039
다사57756125,127.02245809968547,37.65089985243414
다사57755950,127.02255906196625,37.635126867959556
다사57755975,127.022544643603,37.63738015405845
다사57756000,127.0225302236335,37.639633439289874
다사57756025,127.02251580205753,37.64188672365379
다사57756250,127.02238593555258,37.6621662438887
다사57756275,127.02237149790174,37.66441951957665
다사57756300,127.02235705864234,37.66667279439691
다사57756325,127.02234261777426,37.668926068349435
다사57756150,127.02244367007442,37.6531531324603
다사57756175,127.0224292388558,37.65540641161885
다사57756200,127.02241480602945,37.657659689909785
다사57756225,127.02240037159508,37.65991296733307
다사57755650,127.02273195710633,37.60808736711593
다사57755675,127.02271755800338,37.61034066362316
다사57755700,127.02270315729643,37.61259395926315
다사57755725,127.02268875498532,37.614847254035844
다사57755550,127.02278953748211,37.599074172414674
다사57755575,127.02277514479319,37.60132747239078
다사57755600,127.02276075050106,37.60358077149971
다사57755625,127.02274635460549,37.60583406974143
다사57755850,127.0226167193605,37.62611371488953
다사57755875,127.02260230742037,37.62836700445816
다사57755900,127.02258789387476,37.63062029315939
다사57755925,127.02257347872343,37.6328735809932
다사57755750,127.02267435106982,37.61710054794126
다사57755775,127.02265994554979,37.61935384097934
다사57755800,127.02264553842502,37.62160713315009
다사57755825,127.02263112969531,37.62386042445349
다사57506375,127.01947888906369,37.673421098079515
다사57506400,127.0194643576479,37.67567436849847
다사57506425,127.01944982461312,37.67792763804957
다사57506450,127.0194352899591,37.680180906732815
다사57506275,127.01953699854025,37.66440800772568
다사57506300,127.0195224735987,37.666661281615816
다사57506325,127.01950794703887,37.66891455463817
다사57506350,127.01949341886059,37.671167826792754
다사57506575,127.01936259239392,37.691447237130525
다사57506600,127.01934804802053,37.693700500606234
다사57506625,127.01933350202658,37.69595376321396
다사57506650,127.01931895441189,37.698207024953675
다사57506475,127.01942075368567,37.68243417454819
다사57506500,127.01940621579263,37.68468744149566
다사57506525,127.01939167627977,37.686940707575225
다사57506550,127.01937713514695,37.689193972786846
다사57505975,127.01971117168338,37.637368653364625
다사57506000,127.01969666614615,37.63962193766658
다사57506025,127.01968215899295,37.64187522110098
다사57506050,127.01966765022358,37.64412850366782
다사57505875,127.01976917767631,37.628355507481594
다사57505900,127.01975467860109,37.630608795253586
다사57505925,127.01974017791063,37.632862082158105
다사57505950,127.01972567560482,37.635115368195116
다사57506175,127.01959508212757,37.65539490348781
다사57506200,127.01958056365717,37.65764818084885
다사57506225,127.01956604356927,37.65990145734218
다사57506250,127.0195515218637,37.6621547329678
다사57506075,127.01965313983786,37.64638178536707
다사57506100,127.01963862783559,37.64863506619872
다사57506125,127.01962411421657,37.65088834616273
다사57506150,127.01960959898062,37.6531416252591
다사57754450,127.02342123146316,37.499928115223426
다사57754475,127.02340690912962,37.50218145333789
다사57754500,127.02339258520111,37.504434790585954
다사57754525,127.02337825967749,37.5066881269676
다사57754350,127.02347850485171,37.49091475410212
다사57754375,127.02346418889606,37.493168095681945
다사57754400,127.0234498713462,37.495421436395446
다사57754425,127.02343555220199,37.49767477624261
다사57754650,127.02330660812581,37.517954795879184
다사57754675,127.02329227302747,37.52020812706203
다사57754700,127.02327793633268,37.522461457378334
다사57754725,127.02326359804124,37.524714786828085
다사57754550,127.02336393255854,37.50894146248284
다사57754575,127.02334960384408,37.51119479713163
다사57754600,127.02333527353393,37.51344813091397
다사57754625,127.0233209416279,37.51570146382982
다사57754050,127.02365017204075,37.463874587578594
다사57754075,127.0236358752008,37.46612793955274
다사57754100,127.02362157676889,37.46838129066079
다사57754125,127.02360727674487,37.47063464090272
다사57506675,127.01930440517621,37.700460285825386
다사57753975,127.02369305301077,37.457114526459804
다사57754000,127.02367876094554,37.45936788103211
다사57754025,127.02366446728892,37.46162123473839
다사57754250,127.02353575273617,37.4819013791201
다사57754275,127.0235214431554,37.48415472416499
다사57754300,127.0235071319812,37.486408068343614
다사57754325,127.02349281921336,37.48866141165601
다사57754150,127.02359297512852,37.47288799027854
다사57754175,127.02357867191967,37.4751413387882
다사57754200,127.0235643671181,37.47739468643168
다사57754225,127.02355006072366,37.47964803320899
다사57504775,127.02040554081071,37.52920998698307
다사57504800,127.02039111261675,37.53146331290625
다사57504825,127.02037668281595,37.53371663796274
다사57504850,127.02036225140809,37.53596996215254
다사57504675,127.02046323752167,37.520196674623925
다사57504700,127.0204488157533,37.522450004013635
다사57504725,127.02043439237879,37.52470333253674
다사57504750,127.02041996739798,37.52695666019322
다사57504975,127.02029007025635,37.54723657010042
다사57505000,127.02027562920222,37.54948988908965
다사57505025,127.02026118653968,37.55174320721205
다사57505050,127.02024674226861,37.55399652446759
다사57504875,127.02034781839296,37.538223285475624
다사57504900,127.02033338377043,37.54047660793198
다사57504925,127.02031894754029,37.54272992952156
다사57504950,127.02030450970233,37.544983250244385
다사57504375,127.02063617353491,37.49315665435865
다사57504400,127.02062177102505,37.495409994146215
다사57504425,127.02060736691138,37.49766333306741
다사57504450,127.02059296119364,37.49991667112219
다사57504275,127.02069376753968,37.48414328654489
다사57504300,127.02067937144332,37.48639662979781
다사57504325,127.02066497374385,37.488649972184426
다사57504350,127.0206505744411,37.49090331370471
다사57504575,127.020520908538,37.51118334839935
다사57504600,127.02050649319213,37.51343668125531
다사57504625,127.02049207624093,37.515690013244736
다사57504650,127.02047765768417,37.51794334436761
다사57504475,127.0205785538717,37.50217000831054
다사57504500,127.02056414494535,37.50442334463246
다사57504525,127.02054973441442,37.5066766800879
다사57504550,127.02053532227868,37.50893001467687
다사57505575,127.01994304066153,37.601315986560735
다사57505600,127.01992856095403,37.603569284741084
다사57505625,127.01991407963361,37.60582258205418
다사57505650,127.01989959670004,37.60807587849999
다사57505475,127.02000094336601,37.592302785167035
다사57505500,127.01998647010835,37.59455608681626
다사57505525,127.0199719952385,37.596809387598306
다사57505550,127.0199575187563,37.59906268751313
다사57505775,127.01982715782886,37.619342347719176
다사57505800,127.01981266521258,37.621595638960905
다사57505825,127.01979817098186,37.62384892933524
다사57505850,127.0197836751365,37.626102218842135
다사57505675,127.01988511215319,37.6103291740785
다사57505700,127.01987062599284,37.61258246878968
다사57505725,127.0198561382188,37.61483576263354
다사57505750,127.01984164883086,37.61708905561004
다사57505175,127.02017449677807,37.56526309774204
다사57505200,127.02016004285163,37.56751640979615
다사57505225,127.02014558731527,37.569769720983274
다사57505250,127.02013113016885,37.57202303130342
다사57505075,127.02023229638878,37.55624984085629
다사57505100,127.0202178489,37.558503156378094
다사57505125,127.02020339980206,37.56075647103301
다사57505150,127.02018894909483,37.56300978482099
다사57505375,127.02005882027886,37.5832895698986
다사57505400,127.02004435346795,37.58554287501641
다사57505425,127.02002988504562,37.58779617926709
다사57505450,127.02001541501173,37.59004948265065
다사57505275,127.02011667141215,37.57427634075654
다사57505300,127.02010221104497,37.57652964934263
다사57505325,127.02008774906716,37.57878295706169
다사57505350,127.02007328547852,37.58103626391369
다사57255925,127.01690687871326,37.63285051528935
다사57255950,127.01689229085896,37.63510380039152
다사57255975,127.01687770137954,37.637357084626125
다사57256000,127.0168631102748,37.63961036799313
다사57255825,127.01696521388304,37.623837366205294
다사57255850,127.01695063252733,37.626090654777585
다사57255875,127.01693604954725,37.62834394248237
다사57255900,127.01692146494261,37.63059722931962
다사57256125,127.01679013036461,37.65087677181367
다사57256150,127.01677552950395,37.65313004997474
다사57256175,127.0167609270166,37.65538332726811
다사57256200,127.01674632290242,37.657636603693746
다사57256025,127.01684851754456,37.64186365049251
다사57256050,127.0168339231886,37.64411693212429
다사57256075,127.01681932720675,37.64637021288843
다사57256100,127.0168047295988,37.648623492784886
다사57255525,127.01714006352135,37.596797835679496
다사57255550,127.01712550164301,37.599051134660385
다사57255575,127.01711093814261,37.60130443277396
다사57255600,127.01709637301994,37.60355773002025
다사57255425,127.01719829481796,37.58778463108355
다사57255450,127.01718373942593,37.59003793353338
다사57255475,127.01716918241263,37.59229123511598
다사57255500,127.01715462377781,37.59454453583137
다사57255725,127.01702352306613,37.61482420324153
다사57255750,127.01700894820596,37.617077495283645
다사57255775,127.01699437172215,37.61933078645831
다사57255800,127.01697979361458,37.62158407676554
다사57255625,127.01708180627483,37.60581102639922
다사57255650,127.01706723790709,37.60806432191085
다사57255675,127.01705266791652,37.61031761655513
다사57255700,127.01703809630293,37.61257091033203
다사57503975,127.02086639572396,37.457103099944
다사57504000,127.02085201884995,37.45935645359126
다사57504025,127.02083764037508,37.46160980637242
다사57504050,127.02082326029922,37.463863158287474
다사57256625,127.01649780386644,37.69594217014852
다사57256650,127.01648317043603,37.698195430951834
다사57256675,127.0164685353751,37.70044869088707
다사57503950,127.02088077099732,37.4548497454307
다사57504175,127.02075133589808,37.4751299048704
다사57504200,127.02073694621217,37.4773832515884
다사57504225,127.02072255492394,37.47963659744016
다사57504250,127.02070816203317,37.48188994242566
다사57504075,127.02080887862215,37.46611650933639
다사57504100,127.02079449534371,37.46836985951915
다사57504125,127.02078011046366,37.47062320883577
다사57504150,127.02076572398185,37.47287655728619
다사57256325,127.01667327792197,37.66890297280523
다사57256350,127.01665866404262,37.67115624402406
다사57256375,127.01664404853508,37.67340951437506
다사57256400,127.01662943139915,37.67566278385815
다사57256225,127.01673171716118,37.659889879251615
다사57256250,127.01671710979271,37.66214315394172
다사57256275,127.01670250079681,37.66439642776403
다사57256300,127.0166878901733,37.66664970071855
다사57256525,127.01655632128691,37.686929118254845
다사57256550,127.01654169437658,37.689182382530284
다사57256575,127.01652706583654,37.69143564593773
다사57256600,127.01651243566657,37.69368890847713
다사57256425,127.01661481263463,37.67791605247335
다사57256450,127.01660019224136,37.68016932022065
다사57256475,127.0165855702191,37.68242258709999
다사57256500,127.01657094656768,37.68467585311141
다사57254325,127.0178371298776,37.48863846503039
다사57254350,127.01782264563397,37.490891805619384
다사57254375,127.01780815977743,37.49314514534196
다사57254400,127.01779367230775,37.49539848419811
다사57254225,127.01789505072671,37.47962509401078
다사57254250,127.01788057293288,37.481878438065195
다사57254275,127.01786609352688,37.48413178125329
다사57254300,127.01785161250851,37.48638512357502
다사57254525,127.01772121075614,37.506665165481905
다사57254550,127.0177067136038,37.508918499139135
다사57254575,127.01769221483706,37.51117183192983
다사57254600,127.01767771445567,37.51342516385393
다사57254425,127.01777918322479,37.497651822187834
다사57254450,127.01776469252833,37.49990515931109
다사57254475,127.0177502002182,37.50215849556787
다사57254500,127.01773570629419,37.50441183095815
다사57006675,127.0136326672047,37.700437027750134
다사57253950,127.0180542001103,37.454838252239576
다사57253975,127.01803974003776,37.457091605822406
다사57254000,127.01802527835517,37.459344958539134
다사57006575,127.0136915409091,37.69142398656832
다사57006600,127.0136768249427,37.693677248165926
다사57006625,127.01366210733664,37.69593050889546
다사57006650,127.0136473880907,37.69818376875686
다사57254125,127.01795294578423,37.470611709130154
다사57254150,127.01793847443713,37.472865056649724
다사57254175,127.01792400147865,37.47511840330302
다사57254200,127.0179095269086,37.47737174909005
다사57254025,127.01801081506225,37.461598310389704
다사57254050,127.01799635015892,37.46385166137411
다사57254075,127.01798188364492,37.46610501149234
다사57254100,127.01796741552009,37.468358360744354
다사57255125,127.01737283313048,37.56074493404995
다사57255150,127.01735829717911,37.56299824690486
다사57255175,127.01734375960879,37.565251558892804
다사57255200,127.01732922041921,37.56750487001372
다사57255025,127.01743096074959,37.55173167396072
다사57255050,127.01741643127238,37.55398499028342
다사57255075,127.0174019001769,37.55623830573921
다사57255100,127.017387367463,37.558491620328056
다사57255325,127.01725650017686,37.57877141261253
다사57255350,127.01724195126812,37.581024718531026
다사57255375,127.01722740073886,37.58327802358236
다사57255400,127.01721284858887,37.585531327766546
다사57255225,127.0173146796103,37.56975818026762
다사57255250,127.01730013718178,37.572011489654464
다사57255275,127.0172855931335,37.574264798174234
다사57255300,127.01727104746526,37.57651810582695
다사57254725,127.01760518832263,37.52469181047527
다사57254750,127.01759067824949,37.52694513719957
다사57254775,127.01757616656037,37.52919846305717
다사57254800,127.0175616532551,37.53145178804806
다사57254625,127.01766321245945,37.51567849491144
다사57254650,127.01764870884824,37.51793182510235
다사57254675,127.01763420362182,37.52018515442665
다사57254700,127.01761969678003,37.52243848288429
다사57254925,127.0174890624799,37.54271840000108
다사57254950,127.01747453947372,37.54497171979126
다사57254975,127.01746001485009,37.54722503871462
다사57255000,127.01744548860879,37.54947835677112
다사57254825,127.0175471383335,37.5337051121722
다사57254850,127.01753262179535,37.53595843542959
다사57254875,127.01751810364051,37.538211757820214
다사57254900,127.01750358386876,37.540465079344045
다사57005475,127.0143374230807,37.592279617130295
다사57005500,127.01432277906899,37.59453291690635
다사57005525,127.01430813342607,37.59678621581509
다사57005550,127.0142934861518,37.59903951385651
다사57005375,127.01439598281958,37.58326640935346
다사57005400,127.01438134533069,37.58551971259854
다사57005425,127.01436670621138,37.58777301497637
다사57005450,127.01435206546144,37.59002631648697
다사57005675,127.01422022530286,37.61030599105319
다사57005700,127.01420556823625,37.6125592838903
다사57005725,127.01419090953691,37.614812575859965
다사57005750,127.01417624920464,37.617065866962164
다사57005575,127.01427883724591,37.601292811030596
다사57005600,127.01426418670829,37.603546107337316
다사57005625,127.01424953453869,37.605799402776675
다사57005650,127.01423488073695,37.60805269734865
다사57005075,127.01457150558349,37.55622670277533
다사57005100,127.01455688764466,37.55848001642573
다사57005125,127.01454226807769,37.56073332920913
다사57005150,127.01452764688243,37.56298664112548
다사57004975,127.01462996106149,37.54721343950396
다사57005000,127.0146153496332,37.54946675662223
다사57005025,127.01460073657756,37.55172007287357
다사57005050,127.01458612189438,37.55397338825793
다사57005275,127.0144545164748,37.57425318770124
다사57005300,127.01443988550567,37.57650649441505
다사57005325,127.01442525290688,37.5787598002617
다사57005350,127.01441061867824,37.58101310524118
다사57005175,127.01451302405867,37.5652399521748
다사57005200,127.01449839960623,37.567493262357054
다사57005225,127.0144837735249,37.569746571672226
다사57005250,127.01446914581449,37.571999880120295
다사57006275,127.013868004681,37.66438477969186
다사57006300,127.0138533083757,37.66663805170524
다사57006325,127.01383861043304,37.668891322850726
다사57006350,127.01382391085284,37.67114459312833
다사57006175,127.01392677353252,37.65537168295987
다사57006200,127.0139120837747,37.65762495844461
다사57006225,127.01389739238033,37.65987823306152
다사57006250,127.01388269934917,37.66213150681061
다사57006475,127.01375038838168,37.68241093149722
다사57006500,127.01373567897208,37.684664196567056
다사57006525,127.01372096792359,37.68691746076886
다사57006550,127.01370625523599,37.68917072410262
다사57006375,127.01380920963487,37.673397862538025
다사57006400,127.01379450677898,37.67565113107977
다사57006425,127.01377980228494,37.67790439875357
다사57006450,127.01376509615255,37.68015766555939
다사57005875,127.01410292304274,37.62833230946058
다사57005900,127.0140882529089,37.630585595357616
다사57005925,127.0140735811408,37.632838880387055
다사57005950,127.01405890773825,37.63509216454889
다사57005775,127.01416158723924,37.6193191571969
다사57005800,127.01414692364055,37.621572446564116
다사57005825,127.01413225840838,37.623825735063804
다사57005850,127.01411759154249,37.626079022695976
다사57006075,127.01398551620173,37.646358572343225
다사57006100,127.01397083298832,37.648611851299016
다사57006125,127.01395614813913,37.65086512938706
다사57006150,127.01394146165393,37.65311840660734
다사57005975,127.01404423270101,37.63734544784309
다사57006000,127.01402955602893,37.63959873026963
다사57006025,127.01401487772183,37.64185201182851
다사57006050,127.01400019777948,37.64410529251972
다사56756600,127.01084121585855,37.693665519672734
다사56756625,127.01082641244672,37.6959187794549
다사56756650,127.01081160738542,37.698172038368874
다사57003950,127.01522763083317,37.454826691448254
다사56756500,127.01090041301542,37.68465247186275
다사56756525,127.01088561619937,37.686905735117406
다사56756550,127.01087081773467,37.689158997503974
다사56756575,127.01085601762112,37.69141225902243
다사57004075,127.01515489027851,37.4660934460207
다사57004100,127.0151403373075,37.46834679433649
다사57004125,127.01512578271601,37.470600141786015
다사57004150,127.01511122650386,37.472853488369246
다사57003975,127.01521308596168,37.457080044095136
다사57004000,127.01519853947066,37.45933339587584
다사57004025,127.0151839913599,37.46158674679035
다사57004050,127.01516944162925,37.463840096838645
다사56756200,127.01107784628358,37.65761324510153
다사56756225,127.01106306923624,37.659866518771985
다사56756250,127.01104829054256,37.66211979157457
다사56756275,127.01103351020237,37.66437306350924
다사56756100,127.01113693801366,37.64860014174123
다사56756125,127.01112216754966,37.65085341888303
다사56756150,127.01110739544008,37.653106695157035
다사56756175,127.01109262168481,37.655359970563204
다사56756400,127.0109595837969,37.67563941016344
다사56756425,127.01094479357354,37.67789267689033
다사56756450,127.0109300017023,37.68014594274918
다사56756475,127.010915208183,37.68239920774
다사56756300,127.01101872821546,37.666626334575994
다사56756325,127.01100394458167,37.6688796047748
다사56756350,127.01098915930078,37.67113287410566
다사56756375,127.0109743723726,37.67338614256855
다사57004675,127.01480517133736,37.520173566470326
다사57004700,127.01479057942232,37.52242689399041
다사57004725,127.01477598588225,37.52468022064377
다사57004750,127.01476139071693,37.52693354643042
다사57004575,127.01486352275073,37.51116024772316
다사57004600,127.01484893733401,37.513413578709944
다사57004625,127.014834350293,37.51566690883006
다사57004650,127.01481976162752,37.51792023808354
다사57004875,127.01468839050497,37.5382001623619
다사57004900,127.01467378558418,37.540453482947726
다사57004925,127.0146591790368,37.54270680266671
다사57004950,127.01464457086263,37.54496012151877
다사57004775,127.01474679392616,37.5291868713503
다사57004800,127.0147321955098,37.531440195403405
다사57004825,127.0147175954676,37.533693518589715
다사57004850,127.01470299379938,37.53594684090921
다사57004275,127.01503842112639,37.48412020829031
다사57004300,127.01502385518624,37.48637354967538
다사57004325,127.0150092876241,37.48862689019402
다사57004350,127.01499471843977,37.49088022984624
다사57004175,127.01509666867082,37.47510683408616
다사57004200,127.01508210921676,37.477360178936735
다사57004225,127.01506754814147,37.47961352292097
다사57004250,127.01505298544473,37.481866866038835
다사57004475,127.01492184817857,37.502146915109996
다사57004500,127.01490726925708,37.50440024956317
다사57004525,127.01489268871208,37.506653583149756
다사57004550,127.01487810654335,37.50890691586976
다사57004375,127.01498014763304,37.49313356863198
다사57004400,127.01496557520375,37.495386906551246
다사57004425,127.01495100115172,37.49764024360401
다사57004450,127.0149364254767,37.49989357979027
다사56755000,127.01178521228498,37.549455088643136
다사56755025,127.01177051403307,37.5517084039507
다사56755050,127.01175581414414,37.55396171839125
다사56755075,127.01174111261797,37.55621503196477
다사56754900,127.01184398892617,37.54044181874313
다사56754925,127.01182929722046,37.54269513751856
다사56754950,127.01181460387846,37.54494845542705
다사56754975,127.01179990890006,37.54720177246858
다사56755200,127.01166758042211,37.56748158682628
다사56755225,127.01165286906856,37.569734895197236
다사56755250,127.01163815607646,37.571988202701036
다사56755275,127.01162344144556,37.574241509337654
다사56755100,127.0117264094544,37.55846834467124
다사56755125,127.01171170465322,37.560721656510644
다사56755150,127.01169699821423,37.56297496748296
다사56755175,127.01168229013727,37.56522827758818
다사56754600,127.01202016183666,37.51340192582347
다사56754625,127.01200548975105,37.51565525500072
다사56754650,127.01199081603147,37.517908583311275
다사56754675,127.01197614067776,37.52016191075507
다사56754500,127.01207883384352,37.50438860044762
다사56754525,127.01206416829176,37.50664193309156
다사56754550,127.01204950110682,37.50889526486887
다사56754575,127.01203483228853,37.5111485957795
다사56754800,127.0119027393903,37.53142853497242
다사56754825,127.0118880542277,37.533681857215406
다사56754850,127.0118733674296,37.53593517859153
다사56754875,127.01185867899581,37.538188499100784
다사56754700,127.01196146368969,37.52241523733213
다사56754725,127.01194678506712,37.5246685630424
다사56754750,127.01193210480983,37.52692188788589
다사56754775,127.0119174229176,37.529175211862565
다사56755800,127.01131405530005,37.62156074835674
다사56755825,127.0112993045674,37.62381403591089
다사56755850,127.01128455219157,37.62606732259744
다사56755875,127.01126979817232,37.62832060841638
다사56755700,127.01137304180229,37.61254758946462
다사56755725,127.01135829764057,37.61480088048894
다사56755750,127.01134355183642,37.617054170645766
다사56755775,127.01132880438965,37.61930745993503
다사56756000,127.01119600341814,37.63958702449622
다사56756025,127.01118123953437,37.64184030510909
다사56756050,127.01116647400582,37.64409358485423
다사56756075,127.01115170683231,37.64634686373161
다사56755900,127.01125504250948,37.630573893367675
다사56755925,127.01124028520282,37.632827177451325
다사56755950,127.01122552625218,37.63508046066732
다사56755975,127.01121076565734,37.63733374301562
다사56755400,127.01154984370292,37.58550802951248
다사56755425,127.0115351192354,37.58776133094565
다사56755450,127.01152039312775,37.590014631511536
다사56755475,127.01150566537981,37.5922679312101
다사56755300,127.01160872517573,37.57649481510708
다사56755325,127.01159400726674,37.5787481200093
다사56755350,127.01157928771842,37.58100142404428
다사56755375,127.01156456653054,37.583254727212015
다사56755600,127.01143200202858,37.603534416692405
다사56755625,127.0114172644347,37.60578771118665
다사56755650,127.01140252519914,37.60804100481345
다사56755675,127.01138778432173,37.61029429757278
다사56755500,127.01149093599135,37.59452123004131
다사56755525,127.0114762049622,37.59677452800517
다사56755550,127.01146147229213,37.59902782510165
다사56755575,127.011446737981,37.601281121330736
다사56506075,127.00831789910805,37.64633508705371
다사56506100,127.00830304468433,37.64858836411164
다사56506125,127.0082881886057,37.65084164030171
다사56506150,127.00827333087202,37.65309491562392
다사56505975,127.00837730025806,37.63732197014386
다사56506000,127.00836245245192,37.639575250673
다사56506025,127.00834760299166,37.64182853033437
다사56506050,127.0083327518771,37.64408180912795
다사56506275,127.00819901737044,37.664361279216315
다사56506300,127.00818414970215,37.66661454933093
다사56506325,127.00816928037742,37.66886781857755
다사56506350,127.00815440939603,37.67112108695617
다사56506175,127.00825847148303,37.65534819007824
다사56506200,127.00824361043858,37.65760146366467
다사56506225,127.00822874773846,37.65985473638317
다사56506250,127.0082138833825,37.662108008233716
다사56505675,127.00855534498268,37.61028253611404
다사56505700,127.00854051701056,37.6125358270551
다사56505725,127.00852568738671,37.6147891171286
다사56505750,127.00851085611087,37.617042406334534
다사56505575,127.00861464035737,37.60126936367452
다사56505600,127.00859981899036,37.60352265808565
다사56505625,127.00858499597237,37.60577595162929
다사56505650,127.0085701713032,37.60802924430543
다사56505875,127.0084366749455,37.62830883934986
다사56505900,127.00842183375381,37.63056212334993
다사56505925,127.00840699090881,37.632815406482315
다사56505950,127.00839214641029,37.63506868874696
다사56505775,127.00849602318289,37.619295694672864
다사56505800,127.00848118860253,37.62154898214358
다사56505825,127.00846635236967,37.623802268746665
다사56505850,127.00845151448405,37.62605555448209
다사56754200,127.01225469314619,37.4773485411286
다사56754225,127.01224004717764,37.479601884170854
다사56754250,127.01222539957823,37.48185522634668
다사56754275,127.01221075034773,37.48410856765606
다사56754100,127.01231326071539,37.46833516029571
다사56754125,127.01229862126844,37.47058850680348
다사56754150,127.01228398019138,37.472841852444894
다사56754175,127.01226933748406,37.47509519721994
다사56754400,127.01213747972251,37.49537526120572
다사56754425,127.01212282070158,37.497628597316066
다사56754450,127.01210816004824,37.49988193255985
다사56754475,127.01209349776227,37.50213526693704
다사56754300,127.01219609948599,37.48636190809899
다사56754325,127.01218144699277,37.48861524767544
다사56754350,127.01216679286793,37.490868586385396
다사56754375,127.01215213711124,37.49312192422883
다사56506475,127.00808002963257,37.68238741582844
다사56506500,127.00806514870722,37.6846406789986
다사56506525,127.00805026612382,37.68689394130062
다사56506550,127.00803538188224,37.689147202734475
다사56506375,127.0081395367578,37.67337435446676
다사56506400,127.00812466246255,37.67562762110929
다사56506425,127.00810978651005,37.67788088688376
다사56506450,127.00809490890012,37.68013415179014
다사56754000,127.01237180220583,37.45932176560152
다사56754025,127.01235716927744,37.461575115574504
다사56754050,127.01234253471969,37.4638284646812
다사56754075,127.0123278985324,37.46608181292162
다사56506575,127.00802049598224,37.69140046330018
다사56506600,127.00800560842362,37.693653722997674
다사56753950,127.01240106317537,37.45481506305682
다사56753975,127.01238643350509,37.45706841476228
다사56504475,127.00926514897877,37.50212355104911
다사56504500,127.00925040006291,37.50437688361162
다사56504525,127.00923564950462,37.50663021530744
다사56504550,127.00922089730366,37.508883546136566
다사56504375,127.00932412822145,37.493110212132635
다사56504400,127.0093093858735,37.49536354816168
다사56504425,127.00929464188387,37.49761688332413
다사56504450,127.00927989625235,37.49987021761994
다사56504675,127.00914711165248,37.520150187281025
다사56504700,127.0091323495916,37.522403512909555
다사56504725,127.0091175858867,37.52465683767125
다사56504750,127.0091028205376,37.52691016156611
다사56504575,127.00920614345989,37.511136876098966
다사56504600,127.00919138797306,37.51339020519463
다사56504625,127.00917663084303,37.51564353342355
다사56504650,127.00916187206955,37.517896860785676
다사56504075,127.00950090841603,37.46607011219519
다사56504100,127.00948618575319,37.468323458622116
다사56504125,127.00947146145101,37.470576804182656
다사56504150,127.00945673550925,37.472830148876774
다사56503975,127.00955978267748,37.45705671782398
다사56504000,127.0095450665702,37.45931006771629
다사56504025,127.00953034882431,37.46156341674226
다사56504050,127.00951562943966,37.46381676490189
다사56504275,127.00938308120034,37.484096859350686
다사56504300,127.00936834541717,37.48635019884599
다사56504325,127.0093536079931,37.488603537474766
다사56504350,127.00933886892794,37.49085687523697
다사56504175,127.00944200792775,37.475083492704485
다사56504200,127.0094272787063,37.47733683566574
다사56504225,127.00941254784472,37.47959017776055
다사56504250,127.0093978153428,37.48184351898886
다사56505275,127.00879236805528,37.57422976308361
다사56505300,127.00877756648494,37.57648306790317
다사56505325,127.00876276326595,37.57873637185545
다사56505350,127.00874795839812,37.580989674940454
다사56505175,127.00885155785404,37.565216535133054
다사56505200,127.00883676287636,37.567469843421506
다사56505225,127.00882196625082,37.569723150842755
다사56505250,127.00880716797718,37.5719764573968
다사56505475,127.0086739093194,37.59225617735551
다사56505500,127.00865909455439,37.5945094752364
다사56505525,127.00864427813917,37.596762772249875
다사56505550,127.00862946007355,37.59901606839593
다사56505375,127.00873315188122,37.58324297715816
다사56505400,127.0087183437151,37.585496278508515
다사56505425,127.00870353389956,37.58774957899155
다사56505450,127.00868872243439,37.590002878607216
다사56504875,127.00902896912255,37.538176768037
다사56504900,127.00901419390422,37.540430086730375
다사56504925,127.00899941704039,37.54268340455678
다사56504950,127.00898463853079,37.54493672151618
다사56504775,127.00908805354415,37.52916348459409
다사56504800,127.00907328490611,37.531416806755196
다사56504825,127.00905851462329,37.53367012804939
다사56504850,127.0090437426955,37.53592344847666
다사56505075,127.00891072128988,37.55620329330766
다사56505100,127.00889593290177,37.558456605064706
다사56505125,127.00888114286656,37.56070991595464
다사56505150,127.00886635118403,37.56296322597743
다사56504975,127.00896985837525,37.54719003760859
다사56505000,127.00895507657359,37.54944335283394
다사56505025,127.00894029312562,37.55169666719226
다사56505050,127.00892550803111,37.55394998068349
다사56255450,127.00585705339081,37.58999105777412
다사56255475,127.005842154909,37.59224435556665
다사56255500,127.00582725476765,37.594497652491725
다사56255525,127.00581235296657,37.59675094854935
다사56255350,127.00591663072684,37.58097785792982
다사56255375,127.00590173888114,37.58323115919198
다사56255400,127.00588684537671,37.585484459586766
다사56255425,127.00587195021333,37.587737759114155
다사56255650,127.00573781905865,37.608017415824676
다사56255675,127.00572290729518,37.61027070667708
다사56255700,127.0057079938706,37.61252399666187
다사56255725,127.00569307878476,37.61477728577904
다사56255550,127.0057974495056,37.599004243739465
다사56255575,127.0057825443845,37.60125753806207
다사56255600,127.00576763760311,37.60351083151715
다사56255625,127.00575272916123,37.60576412410469
다사56255050,127.00609520356478,37.553938175134796
다사56255075,127.00608033160871,37.5561914868041
다사56255100,127.00606545799624,37.558444797606256
다사56255125,127.00605058272717,37.56069810754122
다사56254950,127.00615467482905,37.54492491978632
다사56254975,127.0061398094966,37.54717823492409
다사56255000,127.00612494250854,37.549431549194765
다사56255025,127.00611007386466,37.55168486259835
다사56255250,127.0059761815262,37.57196464420772
다사56255275,127.00596129631347,37.574217948939214
다사56255300,127.00594640944281,37.576471252803415
다사56255325,127.005931520914,37.57872455580029
다사56255150,127.00603570580132,37.56295141660898
다사56255175,127.0060208272185,37.56520472480954
다사56255200,127.00600594697849,37.56745803214286
다사56255225,127.00599106508113,37.56971133860892
다사56256250,127.00537947787848,37.66209615678819
다사56256275,127.00536452619478,37.66434942681321
다사56256300,127.00534957284528,37.6666026959702
다사56256325,127.0053346178298,37.668855964259116
다사56256150,127.0054392679592,37.65308306800814
다사56256175,127.00542432293673,37.655336341505105
다사56256200,127.00540937624923,37.657589614134125
다사56256225,127.00539442789655,37.65984288589516
다사56256450,127.00525981775556,37.6801222926824
다사56256475,127.00524485273995,37.68237555576264
다사56256500,127.005229886057,37.68462881797472
다사56503950,127.00957449714635,37.454803367065416
다사56256350,127.0053196611481,37.671109231679985
다사56256375,127.00530470280006,37.67336249823277
다사56256400,127.00528974278541,37.67561576391744
다사56256425,127.00527478110395,37.67786902873399
다사56255850,127.00561847842945,37.62604371835006
다사56255875,127.00560355337178,37.628297002261164
다사56255900,127.00558862665149,37.63055028530452
다사56255925,127.00557369826832,37.6328035674801
다사56255750,127.00567816203746,37.61703057402859
다사56255775,127.00566324362845,37.61928386141049
다사56255800,127.00564832355758,37.621537147924705
다사56255825,127.00563340182465,37.623790433571244
다사56256050,127.00549903140289,37.64406996534098
다사56256075,127.00548409303849,37.646323242309634
다사56256100,127.00546915300988,37.64857651841038
다사56256125,127.00545421131685,37.65082979364322
다사56255950,127.00555876822213,37.63505684878792
다사56255975,127.00554383651267,37.63731012922794
다사56256000,127.00552890313979,37.63956340880012
다사56256025,127.00551396810324,37.64181668750448
다사56006375,127.00246987050889,37.67335057386672
다사56006400,127.00245482477506,37.67560383858802
다사56006425,127.00243977736488,37.67785710244113
다사56006450,127.00242472827817,37.68011036542607
다사56006275,127.00253003668489,37.66433750630005
다사56006300,127.00251499765442,37.66659077449389
다사56006325,127.00249995694837,37.668844041819625
다사56006350,127.00248491456661,37.67109730827725
다사56254050,127.00668872579863,37.46380499750085
다사56254075,127.00667391993882,37.46605834384155
다사56254100,127.00665911243038,37.46831168931581
다사56254125,127.00664430327312,37.47056503392366
다사56006475,127.00240967751473,37.68236362754277
다사56006500,127.00239462507437,37.68461688879124
다사56254000,127.00671833257316,37.45929830222024
다사56254025,127.00670353001,37.461551650293735
다사56005975,127.00271037443072,37.63729822026795
다사56006000,127.0026953554913,37.63955149887769
다사56006025,127.00268033487868,37.64180477661954
다사56006050,127.0026653125927,37.64405805349348
다사56005875,127.00277043346075,37.6282850971504
다사56005900,127.00275542121202,37.63053837923154
다사56005925,127.0027404072909,37.632791660444845
다사56005950,127.0027253916972,37.63504494079032
다사56006175,127.00259017605543,37.65532442484392
다사56006200,127.00257514372514,37.657577696510025
다사56006225,127.00256010972006,37.659830967308096
다사56006250,127.00254507404006,37.66208423723811
다사56006075,127.00265028863316,37.6463113294995
다사56006100,127.00263526299986,37.64856460463758
다사56006125,127.0026202356926,37.650817878907674
다사56006150,127.00260520671121,37.653071152309806
다사56254650,127.00633292975125,37.51788507050688
다사56254675,127.00631808427102,37.52013839604828
다사56254700,127.00630323713747,37.522391720722815
다사56254725,127.00628838835047,37.52464504453045
다사56254550,127.00639229514336,37.50887175967298
다사56254575,127.00637745627427,37.51112508868167
다사56254600,127.00636261575269,37.51337841682356
다사56254625,127.00634777357843,37.515631744098634
다사56254850,127.00621411960654,37.53591165056473
다사56254875,127.00619926089462,37.538164969170666
다사56254900,127.00618440052784,37.540418286909585
다사56254925,127.00616953850606,37.54267160378149
다사56254750,127.00627353790982,37.52689836747118
다사56254775,127.00625868581527,37.52915168954502
다사56254800,127.00624383206669,37.53140501075188
다사56254825,127.00622897666385,37.53365833109179
다사56254250,127.00657023274786,37.48183174396551
다사56254275,127.00655541369366,37.48408508337429
다사56254300,127.00654059298928,37.48633842191649
다사56254325,127.00652577063454,37.48859175959211
다사56254150,127.00662949246687,37.47281837766503
다사56254175,127.00661468001141,37.475071720539916
다사56254200,127.00659986590655,37.4773250625483
다사56254225,127.0065850501521,37.479578403690184
다사56254450,127.00645163409854,37.49985843497067
다사56254475,127.00643680183752,37.502111767446344
다사56254500,127.00642196792478,37.504365099055306
다사56254525,127.00640713236014,37.50661842979752
다사56254350,127.00651094662923,37.490845096401124
다사56254375,127.00649612097318,37.493098432343494
다사56254400,127.00648129366618,37.49535176741922
다사56254425,127.00646646470803,37.49760510162829
다사56004775,127.00342931974046,37.52913982671543
다사56004800,127.00341438088152,37.53139314696259
다사56004825,127.00339944035886,37.53364646634273
다사56004850,127.00338449817225,37.53589978485584
다사56004675,127.00348905854284,37.52012653705698
다사56004700,127.00347412633685,37.52237986077203
다사56004725,127.00345919246793,37.524633183620125
다사56004750,127.00344425693586,37.52688650560127
다사56004975,127.00330976227353,37.54716636441523
다사56005000,127.00329481009928,37.54941967772575
다사56005025,127.00327985625972,37.55167299016911
다사56005050,127.00326490075466,37.55392630174527
다사56004875,127.00336955432152,37.538153102501894
다사56004900,127.0033546088065,37.5404064192809
다사56004925,127.00333966162695,37.54265973519279
다사56004950,127.00332471278271,37.544913050237575
다사56004375,127.00366811537583,37.493086584861565
다사56004400,127.00365320310998,37.49533991897849
다사56004425,127.00363828918351,37.49759325222869
다사56004450,127.00362337359626,37.499846584612165
다사56004275,127.00372774783715,37.48407323972699
다사56004300,127.00371284221175,37.48632657731063
다사56004325,127.00369793492652,37.48857991402762
다사56004350,127.00368302598129,37.49083324987792
다사56004575,127.00354877074116,37.51111323352774
다사56004600,127.00353384518502,37.51336656071037
다사56004625,127.00351891796672,37.515619887026126
다사56004650,127.00350398908604,37.51787321247501
다사56004475,127.003608456348,37.50209991612886
다사56004500,127.00359353743858,37.5043532467788
다사56004525,127.00357861686773,37.50660657656193
다사56004550,127.00356369463533,37.50885990547824
다사56005575,127.00295045007198,37.601245644493495
다사56005600,127.00293545787638,37.60349893698705
다사56005625,127.00292046401077,37.605752228613
다사56005650,127.00290546847496,37.608005519371325
다사56005475,127.00301040215813,37.59223246584365
다사56005500,127.0029954166406,37.59448576180742
다사56005525,127.00298042945387,37.596739056903665
다사56005550,127.00296544059775,37.59899235113237
다사56005775,127.00283046573591,37.61927196014805
다사56005800,127.00281546017469,37.62152524570026
다사56005825,127.0028004529419,37.62377853038475
다사56005850,127.00278544403733,37.62603181420146
다사56005675,127.00289047126876,37.61025880926202
다사56005700,127.00287547239195,37.61251209828505
다사56005725,127.00286047184431,37.61476538644042
다사56005750,127.00284546962571,37.61701867372808
다사56005175,127.00319009824014,37.56519284661776
다사56005200,127.00317513273801,37.56744615299045
다사56005225,127.003160165569,37.56969945849584
다사56005250,127.00314519673293,37.5719527631339
다사56005075,127.00324994358392,37.55617961245425
다사56005100,127.0032349847473,37.55843292229599
다사56005125,127.00322002424458,37.560686231270516
다사56005150,127.0032050620756,37.56293953937777
다사56005375,127.0030703275398,37.58321927331364
다사56005400,127.00305534869725,37.58547257274735
다사56005425,127.00304036818622,37.587725871313594
다사56005450,127.00302538600658,37.58997916901236
다사56005275,127.00313022622962,37.57420606690461
다사56005300,127.00311525405883,37.576459369807964
다사56005325,127.00310028022041,37.578712671843924
다사56005350,127.00308530471413,37.580965973012496
다사55755650,127.0000731195617,37.607993554945516
다사55755675,127.00005803691295,37.610246843869
다사55755700,127.00004295258407,37.61250013192477
다사55755725,127.00002786657487,37.614753419112816
다사55755550,127.00013343335948,37.59898039057477
다사55755575,127.00011835742923,37.60123368296893
다사55755600,127.00010327981964,37.60348697449546
다사55755625,127.00008820053054,37.60574026515432
다사55755850,126.99995241131717,37.62601984203643
다사55755875,126.9999373152219,37.628273124017696
다사55755900,126.99992221744492,37.63052640513111
다사55755925,126.99990711798604,37.632779685376654
다사55755750,127.00001277888515,37.617006705433106
다사55755775,126.99999768951474,37.619259990885645
다사55755800,126.99998259846339,37.62151327547038
다사55755825,126.99996750573092,37.62376655918732
다사55755250,127.00031421360696,37.57194081417549
다사55755275,127.00029915781322,37.57419411697991
다사55755300,127.00028410034253,37.57644741891692
다사55755325,127.00026904119466,37.57870071998649
다사55755150,127.00037442001633,37.56292759428389
다사55755175,127.00035937092844,37.56518090055784
다사55755200,127.00034432016437,37.567434205964425
다사55755225,127.00032926772394,37.56968751050365
다사55755450,127.0001937202912,37.58996721232209
다사55755475,127.00017865107627,37.59222050818663
다사55755500,127.00016358018281,37.594473803183604
다사55755525,127.00014850761062,37.596727097313
다사55755350,127.00025398036946,37.58095402018861
다사55755375,127.0002389178667,37.583207319523225
다사55755400,127.0002238536862,37.58546061799037
다사55755425,127.00020878782777,37.58771391558999
다사55756450,126.9995896404775,37.68009837002126
다사55756475,126.99957450396643,37.68235163116893
다사55756500,126.99955936576887,37.6846048914483
다사56004050,127.00386182380602,37.46379316247817
다사55756350,126.99965016966102,37.67108531674804
다사55756375,126.99963503989385,37.6733385813687
다사55756400,126.99961990844103,37.67559184512114
다사55756425,126.99960477530229,37.67784510800533
다사56004175,127.00378735374444,37.47505988072636
다사56004200,127.00377245475639,37.47731322177639
다사56004225,127.00375755410927,37.479566561959864
다사56004250,127.00374265180292,37.48181990127673
다사56004075,127.00384693311022,37.46604650786082
다사56004100,127.00383204075636,37.468299852376965
다사56004125,127.00381714674424,37.47055319602662
다사56004150,127.00380225107368,37.47280653880975
다사55756050,126.99983159545607,37.64404607358555
다사55756075,126.99981648590158,37.646299348623444
다사55756100,126.9998013746638,37.64855262279334
다사55756125,126.99978626174253,37.6508058960952
다사55755950,126.99989201684505,37.6350329647543
다사55755975,126.99987691402175,37.63728624326403
다사55756000,126.99986180951595,37.63953952090583
다사55756025,126.99984670332748,37.64179279767966
다사55756250,126.99971067187677,37.66207224958358
다사55756275,126.99969554885035,37.66432551767695
다사55756300,126.99968042413907,37.66657878490216
다사55756325,126.99966529774268,37.66883205125919
다사55756150,126.99977114713758,37.65305916852903
다사55756175,126.9997560308487,37.6553124400948
다사55756200,126.99974091287577,37.6575657107925
다사55756225,126.9997257932185,37.6598189806221
다사55506500,126.99672410815005,37.68459282594601
다사55754075,127.0010199479397,37.4660346042531
다사55754100,127.00100497074062,37.468287947805656
다사55754125,127.00098999187385,37.47054129049166
다사55506400,126.99678499379287,37.67557978351692
다사55506425,126.99676977492582,37.67783304542668
다사55506450,126.99675455436312,37.68008630646813
다사55506475,126.99673933210458,37.682339566641254
다사55754250,127.00091507251743,37.48180799092266
다사55754275,127.00090008364027,37.48406132840893
다사55754300,127.00088509309406,37.4863146650285
다사55754325,127.00087010087853,37.488568000781385
다사55754150,127.00097501133914,37.47279463231109
다사55754175,127.00096002913637,37.47504797326392
다사55754200,127.00094504526528,37.47730131335013
다사55754225,127.0009300597257,37.47955465256973
다사55506100,126.99696748801124,37.648540572877806
다사55506125,126.99695228947614,37.650793845205925
다사55506150,126.99693708924781,37.65304711666597
다사55506175,126.99692188732605,37.655300387257874
다사55506000,126.99702826522332,37.63952747488466
다사55506025,126.99701307345914,37.641780750684994
다사55506050,126.99699788000254,37.64403402561731
다사55506075,126.99698268485331,37.64628729968159
다사55506300,126.99684585230882,37.66656672719509
다사55506325,126.99683064022227,37.66881999257792
다사55506350,126.9968154264409,37.67107325709253
다사55506375,126.9968002109645,37.67332652073886
다사55506200,126.99690668371065,37.65755365698166
다사55506225,126.99689147840144,37.659806925837295
다사55506250,126.99687627139821,37.66206019382476
다사55506275,126.99686106270072,37.66431346094403
다사55754850,127.00055487840207,37.53588785135013
다사55754875,127.00053984941276,37.53814116803084
다사55754900,127.00052481874965,37.5403944838444
다사55754925,127.00050978641256,37.54264779879082
다사55754750,127.00061497762523,37.52687457595645
다사55754775,127.00059995532915,37.529127896105486
다사55754800,127.00058493136008,37.531381215387455
다사55754825,127.00056990571778,37.53363453380234
다사55755050,127.00043459961023,37.55391436051505
다사55755075,127.00041955722503,37.55616767025819
다사55755100,127.00040451316444,37.55842097913406
다사55755125,127.00038946742828,37.56067428714265
다사55754950,127.00049475240127,37.544901112870065
다사55754975,127.00047971671557,37.547154426082145
다사55755000,127.00046467935533,37.54940773842699
다사55755025,127.00044964032027,37.551661049904645
다사55754450,127.00079511475498,37.49983466654453
다사55754475,127.00078011251968,37.502087997096794
다사55754500,127.00076510861373,37.50434132678221
다사55754525,127.00075010303695,37.50659465560078
다사55754350,127.00085510699354,37.49082133566753
다사55754375,127.0008401114389,37.49307466968694
다사55754400,127.00082511421438,37.49532800283958
다사55754425,127.0008101153198,37.49758133512545
다사55754650,127.00067505008339,37.51786128669016
다사55754675,127.00066003447739,37.52011461030723
다사55754700,127.00064501719916,37.52236793305732
다사55754725,127.00062999824851,37.52462125494039
다사55754550,127.00073509578911,37.508847983552464
다사55754575,127.00072008687002,37.51110131063727
다사55754600,127.00070507627953,37.51335463685517
다사55754625,127.00069006401736,37.51560796220615
다사55504900,126.99769503036683,37.54038248060025
다사55504925,126.99767991287237,37.5426357945757
다사55504950,126.99766479369423,37.54488910768392
다사55504975,126.99764967283222,37.54714241992491
다사55504800,126.99775548351184,37.53136921602659
다사55504825,126.9977403727501,37.53362253347074
다사55504850,126.9977252603055,37.535875850047745
다사55504875,126.9977101461778,37.53812916575758
다사55505100,126.99757404325713,37.55840896812058
다사55505125,126.99755891228774,37.56066227515773
다사55505150,126.99754377963305,37.5629155813275
다사55505175,126.9975286452929,37.565168886629905
다사55505000,126.99763455028616,37.54939573129864
다사55505025,126.99761942605579,37.55164904180509
다사55505050,126.99760430014099,37.553902351444236
다사55505075,126.9975891725415,37.55615566021608
다사55504500,126.99793668145973,37.50432933906568
다사55504525,126.99792159087717,37.506582666914184
다사55504550,126.99790649861411,37.50883599389577
다사55504575,126.99789140467031,37.51108932001043
다사55504400,126.99799702698884,37.495316019002644
다사55504425,126.99798194312636,37.497569350318706
다사55504450,126.99796685758415,37.499822680767906
다사55504475,126.997951770362,37.50207601035024
다사55504700,126.9978159097339,37.52235593757881
다사55504725,126.99780080570171,37.52460925849137
다사55504750,126.99778569998745,37.526862578536885
다사55504775,126.9977705925909,37.52911589771529
다사55504600,126.99787630904564,37.513342645258106
다사55504625,126.99786121173986,37.5155959696388
다사55504650,126.99784611275277,37.5178492931525
다사55504675,126.99783101208419,37.520102615799175
다사55505700,126.99721043445652,37.61248809758116
다사55505725,126.99719526298594,37.614741383796385
다사55505750,126.99718008982533,37.61699466914382
다사55505775,126.99716491497449,37.61924795362342
다사55505600,126.99727110344246,37.6034749440425
다사55505625,126.99725593873002,37.60572823372879
다사55505650,126.99724077232835,37.60798152254734
다사55505675,126.99722560423726,37.61023481049814
다사55505900,126.99708901535972,37.630514363003385
다사55505925,126.99707383036328,37.63276764227565
다사55505950,126.99705864367519,37.63502092067997
다사55505975,126.99704345529528,37.63727419821631
다사55505800,126.99714973843321,37.62150123723517
다사55505825,126.99713456020127,37.62375451997907
다사55505850,126.99711938027853,37.62600780185509
다사55505875,126.99710419866473,37.628261082863204
다사55505300,126.99745294830333,37.576435400130414
다사55505325,126.99743780384627,37.5786887002281
다사55505350,126.99742265770234,37.58094199945827
다사55505375,126.99740750987135,37.58319529782089
다사55505200,126.99751350926711,37.5674221910649
다사55505225,126.99749837155544,37.56967549463246
다사55505250,126.99748323215773,37.57192879733258
다사55505275,126.99746809107376,37.57418209916523
다사55505500,126.99733174540374,37.59446177662039
다사55505525,126.99731658744628,37.59671506977743
다사55505550,126.99730142780038,37.598968362066806
다사55505575,126.99728626646585,37.6012216534885
다사55505400,126.99739236035313,37.585448595315974
다사55505425,126.99737720914744,37.58770189194348
다사55505450,126.99736205625413,37.5899551877034
다사55505475,126.99734690167296,37.592208482595694
다사55255775,126.99433214212466,37.61923584836149
다사55255800,126.99431688009363,37.62148913099476
다사55255825,126.99430161636246,37.62374241276012
다사55255850,126.99428635093092,37.62599569365754
다사55255675,126.99439317325121,37.610222709149554
다사55255700,126.99437791801881,37.61247599525433
다사55255725,126.99436266108705,37.61472928049125
다사55255750,126.99434740245574,37.616982564860315
다사55255975,126.99420999826084,37.63726208512491
다사55256000,126.99419472262292,37.6395153608143
다사55256025,126.99417944528328,37.64176863563565
다사55256050,126.99416416624166,37.6440219095889
다사55255875,126.99427108379882,37.628248973687
다사55255900,126.99425581496597,37.63050225284848
다사55255925,126.99424054443215,37.632755531141974
다사55255950,126.99422527219717,37.635008808567456
다사55255375,126.99457610356325,37.58318320820675
다사55255400,126.9945608687075,37.58543650472427
다사55255425,126.99454563215478,37.58768980037417
다사55255450,126.99453039390491,37.58994309515643
다사55255275,126.99463702602078,37.574170013460716
다사55255300,126.99462179795083,37.57642331344858
다사55255325,126.99460656818472,37.578676612568884
다사55255350,126.99459133672227,37.580929910821624
다사55255575,126.99445417719129,37.601209556052325
다사55255600,126.99443892875429,37.603462845628314
다사55255625,126.99442367861874,37.605716134336525
다사55255650,126.99440842678445,37.60796942217694
다사55255475,126.99451515395768,37.59219638907101
다사55255500,126.99449991231292,37.59444968211791
다사55255525,126.9944846689704,37.596702974297116
다사55255550,126.9944694239299,37.598956265608585
다사55504100,126.99817790239258,37.468275975602026
다사55504125,126.99816283867133,37.470529317318906
다사55504150,126.9981477732727,37.47278265816915
다사55504175,126.99813270619656,37.475035998152734
다사55256475,126.99390416193879,37.682327433959834
다사55504025,126.99822308349422,37.46151594525178
다사55504050,126.99820802480383,37.463769289568454
다사55504075,126.99819296443668,37.46602263301854
다사55504300,126.9980573456456,37.48630268507025
다사55504325,126.99804226850001,37.48855601985353
다사55504350,126.99802718967548,37.490809353770054
다사55504375,126.99801210917184,37.493062686819755
다사55504200,126.99811763744265,37.47728933726965
다사55504225,126.9981025670108,37.47954267551989
다사55504250,126.9980874949008,37.481796012903395
다사55504275,126.99807242111248,37.4840493494202
다사55256175,126.99408774549703,37.65528826633328
다사55256200,126.99407245623941,37.657541535077655
다사55256225,126.99405716527842,37.6597948029538
다사55256250,126.99404187261383,37.662048069961735
다사55256075,126.99414888549785,37.646275182674046
다사55256100,126.99413360305171,37.64852845489108
다사55256125,126.99411831890298,37.65078172623998
다사55256150,126.99410303305149,37.653034996720706
다사55256375,126.99396538373038,37.67331439197733
다사55256400,126.99395008084016,37.6755676537755
다사55256425,126.99393477624496,37.67782091470532
다사55256450,126.99391946994457,37.68007417476678
다사55256275,126.99402657824551,37.664301336101424
다사55256300,126.99401128217319,37.66655460137284
다사55256325,126.99399598439669,37.66880786577597
다사55256350,126.99398068491584,37.67106112931081
다사55254175,126.9953053849345,37.47502395539293
다사55254200,126.99529023129797,37.47727729353507
다사55254225,126.99527507597405,37.47953063081046
다사55254250,126.99525991896252,37.481783967219094
다사55254075,126.99536598261065,37.466010594157254
다사55254100,126.99535083572171,37.468263935766196
다사55254125,126.99533568714615,37.47051727650847
다사55254150,126.99532053688382,37.472770616384054
다사55254375,126.99518410858408,37.49305063626015
다사55254400,126.99516894144286,37.4953039674678
다사55254425,126.99515377261261,37.497557297808555
다사55254450,126.99513860209322,37.49981062728241
다사55254275,126.99524476026322,37.48403730276095
다사55254300,126.9952295998759,37.48629063743599
다사55254325,126.99521443780043,37.488543971244226
다사55254350,126.99519927403655,37.49079730418561
다사55006100,126.99129971979472,37.64851626883331
다사55006125,126.99128435003259,37.65076953919746
다사55006150,126.99126897855814,37.653022808693414
다사55006175,126.99125360537118,37.65527607732112
다사55006000,126.9913611817243,37.6395031786949
다사55006025,126.99134581880936,37.64175645253173
다사55006050,126.99133045418291,37.644009725500425
다사55006075,126.99131508784478,37.64626299760096
다사55006300,126.99117671374175,37.666542407435536
다사55006450,126.99108438723141,37.680061974917336
다사55254025,126.99539627132948,37.46150390833942
다사55254050,126.99538112781318,37.46375725168165
다사55006200,126.99123823047151,37.657529345080576
다사55006225,126.99122285385894,37.65978261197176
다사55006250,126.99120747553326,37.662035877994654
다사55006275,126.99119209549427,37.66428914314926
다사55254975,126.99481963063293,37.54713034594369
다사55255000,126.99480442290125,37.5493836563408
다사55255025,126.9947892134758,37.551636965870564
다사55255050,126.9947740023564,37.553890274532975
다사55254875,126.99488044462609,37.53811709568229
다사55254900,126.99486524366745,37.54037040954855
다사55254925,126.99485004101582,37.54262372254755
다사55254950,126.99483483667106,37.54487703467927
다사55255175,126.99469792134305,37.565156804834075
다사55255200,126.9946827000557,37.56741010829198
다사55255225,126.99466747707302,37.5696634108824
다사55255250,126.99465225239476,37.57191671260532
다사55255075,126.99475878954283,37.556143582328026
다사55255100,126.99474357503492,37.55839688925567
다사55255125,126.99472835883245,37.56065019531591
다사55255150,126.99471314093522,37.56290350050871
다사55254575,126.99506272415152,37.51107726164731
다사55254600,126.99504754349287,37.5133305859193
다사55254625,126.99503236114363,37.515583909324235
다사55254650,126.99501717710362,37.51783723186211
다사55254475,126.99512342988443,37.50206395588933
다사55254500,126.99510825598607,37.5043172836293
다사55254525,126.99509308039794,37.50657061050229
다사55254550,126.9950779031198,37.5088239365083
다사55254775,126.99494123153511,37.529103831544965
다사55254800,126.9949260373463,37.531357148880105
다사55254825,126.99491084146533,37.53361046534803
다사55254850,126.99489564389201,37.535863780948766
다사55254675,126.99500199137265,37.52009055353292
다사55254700,126.99498680395052,37.52234387433663
다사55254725,126.99497161483703,37.52459719427321
다사55254750,126.99495642403193,37.526850513342666
다사55004900,126.99203545866104,37.54035827068944
다사55004925,126.99202017085248,37.542611582706506
다사55004950,126.99200488134127,37.54486489385623
다사55004975,126.9919895901272,37.54711820413861
다사55004800,126.99209659287291,37.53134501394815
다사55004825,126.9920813118729,37.53359832943438
다사55004850,126.99206602917107,37.53585164405335
다사55004875,126.99205074476718,37.538104957805054
다사55005100,126.99191310850723,37.55838474253945
다사55005125,126.99189780707192,37.56063804761729
다사55005150,126.99188250393235,37.56289135182764
다사55005175,126.99186719908832,37.565144655170485
다사55005000,126.99197429721009,37.5493715135536
다사55005025,126.99195900258977,37.55162482210121
다사55005050,126.99194370626597,37.55387812978139
다사55005075,126.99192840823852,37.55613143659414
다사55004500,126.99227983220217,37.50430516047322
다사55004525,126.99226457160866,37.506558486365215
다사55004550,126.99224930931568,37.50881181139015
다사55004575,126.9922340453231,37.51106513554805
다사55004400,126.99234085758582,37.495291848235155
다사55004425,126.99232560378807,37.49754517759515
다사55004450,126.99231034829167,37.49979850608817
다사55004475,126.99229509109644,37.5020518337142
다사55004700,126.99215769985851,37.522331743330895
다사55004725,126.99214242566387,37.52458506228601
다사55004750,126.9921271497682,37.52683838037394
다사55004775,126.99211187217126,37.52909169759466
다사55004600,126.99221877963068,37.51331845883885
다사55004625,126.99220351223818,37.51557178126255
다사55004650,126.99218824314548,37.51782510281914
다사55004675,126.99217297235231,37.52007842350859
다사55005700,126.99154540328045,37.6124638249444
다사55005725,126.99153006088771,37.61471710919752
다사55005750,126.9915147167859,37.616970392582715
다사55005775,126.99149937097482,37.61922367509999
다사55005600,126.99160675576468,37.60345067925301
다사55005625,126.99159142020623,37.60570396697766
다사55005650,126.99157608293952,37.60795725383445
다사55005675,126.99156074396431,37.61021053982338
다사55005900,126.99142261627317,37.63049007466651
다사55005925,126.99140726020218,37.63274335197572
다사55005950,126.9913919024205,37.634996628416886
다사55005975,126.99137654292795,37.63724990398995
다사55005800,126.99148402345425,37.621476956749284
다사55005825,126.991468674224,37.6237302375306
다사55005850,126.99145332328388,37.62598351744393
다사55005875,126.99143797063365,37.62823679648923
다사55005300,126.99179064929446,37.57641115887153
다사55005325,126.99177533421951,37.57866445700897
다사55005350,126.99176001743875,37.58091775427877
다사55005375,126.99174469895189,37.583171050680924
다사55005200,126.99185189253966,37.56739795764582
다사55005225,126.99183658428613,37.5696512592536
다사55005250,126.99182127432756,37.571904559993826
다사55005275,126.99180596266373,37.57415785986647
다사55005500,126.99166808091985,37.5944375196763
다사55005525,126.99165275219246,37.596690810872154
다사55005550,126.9916374217576,37.598944101200246
다사55005575,126.99162208961506,37.601197390660545
다사55005400,126.9917293787588,37.58542434621542
다사55005425,126.99171405685925,37.587677640882205
다사55005450,126.99169873325305,37.5899309346813
다사55005475,126.99168340793999,37.59218422761266
다사54755600,126.98877458448315,37.60343844491672
다사54755625,126.98875916350198,37.6056917316523
다사54755650,126.98874374080302,37.607945017519974
다사54755675,126.98872831638609,37.61019830251972
다사54755500,126.98883625123405,37.59442528929566
다사54755525,126.98882083712198,37.596678579502694
다사54755550,126.98880542129294,37.5989318688419
다사54755575,126.98879000374673,37.601185157313246
다사54755800,126.98865116852454,37.621464714498856
다사54755825,126.98863573379542,37.623717994290644
다사54755850,126.9886202973469,37.62597127321438
다사54755875,126.98860485917878,37.628224551270044
다사54755700,126.98871289025095,37.6124515866515
다사54755725,126.98869746239744,37.614704869915336
다사54755750,126.98868203282532,37.61695815231119
다사54755775,126.98866660153442,37.61921143383903
다사54755200,126.98902108672844,37.567385739126514
다사54755225,126.98900569320428,37.569639039746185
다사54755250,126.9889902979656,37.571892339498234
다사54755275,126.98897490101214,37.57414563838263
다사54755100,126.98908264368363,37.558372527972054
다사54755125,126.98906725701565,37.560625832062016
다사54755150,126.98905186863391,37.56287913528441
다사54755175,126.98903647853827,37.56513243763925
다사54755400,126.98889789051658,37.5854121197895
다사54755425,126.98888248327039,37.5876654134677
다사54755450,126.98886707430805,37.58991870627815
다사54755475,126.98885166362932,37.59217199822079
다사54755300,126.98895950234375,37.5763989363994
다사54755325,126.9889441019602,37.578652233548475
다사54755350,126.98892869986129,37.580905529829856
다사54755375,126.9889132960468,37.583158825243544
다사55004100,126.99252377073742,37.46825182829829
다사55004125,126.9925085373078,37.47050516806049
다사55004150,126.99249330218196,37.47275850695595
다사55004175,126.99247806535962,37.47501184498462
다사55004000,126.9925846874974,37.459238460582384
다사55004025,126.99256946085076,37.461491803811384
다사55004050,126.99255423250871,37.46374514617372
다사55004075,126.99253900247099,37.46599848766937
다사55004300,126.99240185579438,37.486278522125865
다사55004325,126.99238660878922,37.48853185495355
다사55004350,126.9923713600862,37.490785186914344
다사55004375,126.99235610968513,37.49303851800822
다사55004200,126.9924628268407,37.47726518214651
다사55004225,126.99244758662489,37.47951851844161
다사55004250,126.99243234471201,37.481771853869866
다사55004275,126.99241710110192,37.48402518843129
다사54756000,126.98852764253697,37.63949092852658
다사54756025,126.98851219404692,37.641744201373406
다사54756050,126.98849674383588,37.64399747335203
다사54756075,126.98848129190358,37.64625074446245
다사54755900,126.98858941929085,37.6304778284576
다사54755925,126.98857397768292,37.63273110477706
다사54755950,126.98855853435475,37.63498438022839
다사54755975,126.98854308930616,37.637237654811564
다사54756200,126.98840400641654,37.65751708699057
다사54756225,126.9883885441526,37.659770352891286
다사54756250,126.988373080166,37.66202361792365
다사54756275,126.98835761445653,37.66427688208766
다사54756100,126.98846583824987,37.64850401470461
다사54756125,126.9884503828745,37.65075728407854
다사54756150,126.98843492577728,37.653010552584185
다사54756175,126.98841946695805,37.655263820221535
다사54754000,126.98975796353024,37.45922628942414
다사54754025,126.9897426520675,37.461479631667835
다사54754050,126.98972733889988,37.46373297304479
다사54754075,126.9897120240272,37.465986313555
다사54506175,126.98558533026716,37.65525149503465
다사54506200,126.98556978408403,37.65750476080777
다사54506225,126.9855542361689,37.6597580257125
다사54753975,126.98977327328825,37.45697294631374
다사54754200,126.98963542408022,37.47725300310411
다사54754225,126.98962009897274,37.47950633841342
다사54754250,126.98960477215878,37.48175967285583
다사54754275,126.98958944363811,37.484013006431375
다사54754100,126.98969670744918,37.46823965319843
다사54754125,126.9896813891657,37.47049299197508
다사54754150,126.9896660691765,37.47274632988493
다사54754175,126.98965074748142,37.47499966692795
다사54505875,126.98577174944373,37.62821223802953
다사54505900,126.98575622402855,37.63046551422188
다사54505925,126.98574069688384,37.632718789546075
다사54505950,126.9857251680094,37.634972064002085
다사54505775,126.98583383381305,37.61919912457876
다사54505800,126.985818315314,37.621452404243605
다사54505825,126.98580279508623,37.62370568304038
다사54505850,126.98578727312955,37.62595896096902
다사54506075,126.98564749768384,37.64623842325864
다사54506100,126.98563195842664,37.64849169250513
다사54506125,126.98561641743824,37.65074496088331
다사54506150,126.98560087471849,37.65299822839315
다사54505975,126.98570963740501,37.63722533758988
다사54506000,126.98569410507045,37.639478610309446
다사54506025,126.98567857100554,37.64173188216077
다사54506050,126.98566303521008,37.64398515314384
다사54754800,126.98926715010116,37.53133281123083
다사54754825,126.98925178398233,37.53358612572988
다사54754850,126.98923641615217,37.53583943936161
다사54754875,126.98922104661048,37.538092752126005
다사54754700,126.98932859746735,37.52231954456173
다사54754725,126.98931323819178,37.524572862529894
다사54754750,126.98929787720569,37.52682617963081
다사54754775,126.98928251450889,37.529079495864465
다사54755000,126.9891441732222,37.54935930293717
다사54755025,126.98912879340715,37.55161261049712
다사54755050,126.98911341187917,37.55386591718959
다사54755075,126.98909802863808,37.55611922301458
다사54754900,126.98920567535707,37.54034606402304
다사54754925,126.98919030239176,37.54259937505268
다사54754950,126.9891749277143,37.544852685214934
다사54754975,126.98915955132452,37.54710599450978
다사54754400,126.98951277542724,37.495279661304856
다사54754425,126.98949743666215,37.49753298967859
다사54754450,126.98948209618898,37.499786317185304
다사54754475,126.9894667540075,37.50203964382497
다사54754300,126.98957411341053,37.48626633913997
다사54754325,126.98955878147585,37.488519670981646
다사54754350,126.98954344783387,37.490773001956356
다사54754375,126.98952811248442,37.49302633206411
다사54754600,126.9893900174685,37.51330626401692
다사54754625,126.98937466503297,37.51555958545389
다사54754650,126.98935931088775,37.51781290602371
다사54754675,126.9893439550326,37.52006622572633
다사54754500,126.98945141011752,37.504292969597564
다사54754525,126.98943606451883,37.50654629450308
다사54754550,126.98942071721122,37.50879961854148
다사54754575,126.98940536819453,37.51105294171276
다사54504675,126.986514939423,37.520053960186246
다사54504700,126.9864994967865,37.522307278029274
다사54504725,126.9864840524302,37.524560595005006
다사54504750,126.98646860635391,37.52681391111344
다사54504575,126.98657669277523,37.51104068014159
다사54504600,126.98656125701585,37.513294001453616
다사54504625,126.98654581953748,37.515547321898396
다사54504650,126.98653038033994,37.517800641475944
다사54504875,126.98639135016553,37.538080478645284
다사54504900,126.98637589376506,37.54033378954947
다사54504925,126.98636043564316,37.542587099586214
다사54504950,126.98634497579965,37.544840408755505
다사54504775,126.98645315855742,37.529067226354535
다사54504800,126.98643770904054,37.531320540728295
다사54504825,126.98642225780308,37.53357385423468
다사54504850,126.9864068048448,37.53582716687368
다사54504275,126.98676178788116,37.484000756761276
다사54504300,126.98674637273375,37.486254088478454
다사54504325,126.98673095586979,37.488507419328634
다사54504350,126.98671553728907,37.490760749311804
다사54504175,126.98682343130929,37.474987421223005
다사54504200,126.98680802302609,37.47724075640797
다사54504225,126.98679261302713,37.47949409072603
다사54504250,126.98677720131224,37.48174742417713
다사54504475,126.98663841862705,37.502027386221776
다사54504500,126.98662298974156,37.504280711002465
다사54504525,126.98660755913788,37.506534034916
다사54504550,126.98659212681586,37.508787357962376
다사54504375,126.98670011699139,37.49301407842793
다사54504400,126.98668469497655,37.49526740667701
다사54504425,126.98666927124434,37.49752073405902
다사54504450,126.98665384579459,37.49977406057395
다사54505475,126.98601992103522,37.59215970089554
다사54505500,126.986004423265,37.59441299097613
다사54505525,126.98598892376847,37.596666280188856
다사54505550,126.98597342254546,37.59891956853369
다사54505375,126.98608189485748,37.58314653189473
다사54505400,126.98606640399032,37.585399825446665
다사54505425,126.98605091139771,37.58765311813079
다사54505450,126.9860354170794,37.58990640994708
다사54505675,126.98589589052607,37.61018599723873
다사54505700,126.98588037893987,37.61243928037579
다사54505725,126.98586486562579,37.61469256264482
다사54505750,126.98584935058358,37.616945844045816
다사54505575,126.98595791959576,37.60117285601059
다사54505600,126.98594241491918,37.603426142619576
다사54505625,126.98592690851551,37.6056794283606
다사54505650,126.98591140038454,37.60793271323366
다사54505075,126.98626765075096,37.55610694158945
다사54505100,126.98625218057356,37.558360245553615
다사54505125,126.98623670867312,37.56061354865019
다사54505150,126.98622123504944,37.56286685087915
다사54504975,126.98632951423434,37.54709371705731
다사54505000,126.98631405094703,37.54934702449164
다사54505025,126.98629858593749,37.55160033105845
다사54505050,126.98628311920554,37.55385363675772
다사54505275,126.9861438410755,37.57413334900933
다사54505300,126.98612835710817,37.5763866460323
다사54505325,126.9861128714162,37.57863994218753
다사54505350,126.98609738399936,37.580893237475024
다사54505175,126.98620575970233,37.5651201522405
다사54505200,126.98619028263158,37.56737345273422
다사54505225,126.986174803837,37.56962675236027
다사54505250,126.98615932331839,37.571880051118654
다사54255275,126.98331278286331,37.57412099174668
다사54255300,126.98329721359727,37.57637428777037
다사54255325,126.98328164259709,37.578627582926266
다사54255350,126.98326606986251,37.58088087721436
다사54255175,126.98337504259004,37.565107798974374
다사54255200,126.98335948025858,37.56736109846905
다사54255225,126.98334391619376,37.569614397096004
다사54255250,126.98332835039542,37.57186769485522
다사54255475,126.98318818016723,37.592147335637
다사54255500,126.98317259702223,37.59440062471786
다사54255525,126.98315701214145,37.596653912930776
다사54255550,126.98314142552468,37.598907200275725
다사54255375,126.98325049539342,37.58313417063462
다사54255400,126.98323491918951,37.58538746318703
다사54255425,126.98321934125066,37.58764075487158
다사54255450,126.98320376157665,37.58989404568825
다사54254875,126.98356165544176,37.538068137363005
다사54254900,126.9835461138944,37.540321447268866
다사54254925,126.98353057061617,37.542574756307225
다사54254950,126.98351502560685,37.54482806447806
다사54254775,126.98362380432634,37.52905488906499
다사54254800,126.98360826970051,37.531308202440655
다사54254825,126.98359273334461,37.53356151494888
다사54254850,126.98357719525843,37.53581482658967
다사54255075,126.98343727458666,37.55609459231889
다사54255100,126.9834217191865,37.55834789528424
다사54255125,126.98340616205381,37.56060119738196
다사54255150,126.98339060318838,37.562854498612005
다사54254975,126.98349947886621,37.54708137178137
다사54255000,126.9834839303941,37.54933467821712
다사54255025,126.98346838019026,37.5515879837853
다사54255050,126.9834528282545,37.5538412884859
다사54256125,126.98278245373338,37.650732569611904
다사54256150,126.98276682539128,37.65298583612046
다사54256175,126.98275119530804,37.65523910176059
다사54256200,126.98273556348349,37.657492366532296
다사54255975,126.98287618723397,37.63721295232502
다사54256025,126.98284494969471,37.64171949489397
다사54256050,126.98282932831502,37.643972764875976
다사54256100,126.98279808033456,37.648479302234975
다사54504075,126.98688504728868,37.465974071814294
다사54504100,126.98686964586646,37.468227410466746
다사54504125,126.9868542427293,37.47048074825238
다사54504150,126.98683883787696,37.47273408517113
다사54503975,126.98694663583224,37.45696070853629
다사54504000,126.98693124126775,37.45921405065597
다사54504025,126.98691584498914,37.461467391908876
